Timestamps;Load_kw
01.01.2025 00:00;2,38
01.01.2025 00:15;2,4
01.01.2025 00:30;5,12
01.01.2025 00:45;2,5
01.01.2025 01:00;2,42
01.01.2025 01:15;2,38
01.01.2025 01:30;2,38
01.01.2025 01:45;2,38
01.01.2025 02:00;2,4
01.01.2025 02:15;2,38
01.01.2025 02:30;2,34
01.01.2025 02:45;2,4
01.01.2025 03:00;2,46
01.01.2025 03:15;2,46
01.01.2025 03:30;2,46
01.01.2025 03:45;2,42
01.01.2025 04:00;2,46
01.01.2025 04:15;2,4
01.01.2025 04:30;2,38
01.01.2025 04:45;2,42
01.01.2025 05:00;2,48
01.01.2025 05:15;2,64
01.01.2025 05:30;2,64
01.01.2025 05:45;2,64
01.01.2025 06:00;2,72
01.01.2025 06:15;2,68
01.01.2025 06:30;2,76
01.01.2025 06:45;2,68
01.01.2025 07:00;2,72
01.01.2025 07:15;2,68
01.01.2025 07:30;2,78
01.01.2025 07:45;2,14
01.01.2025 08:00;1,82
01.01.2025 08:15;0,86
01.01.2025 08:30;0
01.01.2025 08:45;0,1
01.01.2025 09:00;1,04
01.01.2025 09:15;0
01.01.2025 09:30;0
01.01.2025 09:45;0
01.01.2025 10:00;0
01.01.2025 10:15;0
01.01.2025 10:30;0
01.01.2025 10:45;0
01.01.2025 11:00;0
01.01.2025 11:15;0
01.01.2025 11:30;0
01.01.2025 11:45;0
01.01.2025 12:00;0
01.01.2025 12:15;0
01.01.2025 12:30;0
01.01.2025 12:45;0
01.01.2025 13:00;0
01.01.2025 13:15;0
01.01.2025 13:30;0
01.01.2025 13:45;0
01.01.2025 14:00;0
01.01.2025 14:15;0
01.01.2025 14:30;0
01.01.2025 14:45;0
01.01.2025 15:00;0
01.01.2025 15:15;0
01.01.2025 15:30;0
01.01.2025 15:45;0,72
01.01.2025 16:00;1,68
01.01.2025 16:15;2,34
01.01.2025 16:30;2,36
01.01.2025 16:45;6,5
01.01.2025 17:00;3,14
01.01.2025 17:15;3,02
01.01.2025 17:30;2,98
01.01.2025 17:45;2,96
01.01.2025 18:00;2,98
01.01.2025 18:15;2,98
01.01.2025 18:30;2,96
01.01.2025 18:45;2,94
01.01.2025 19:00;2,98
01.01.2025 19:15;3
01.01.2025 19:30;3,08
01.01.2025 19:45;3,1
01.01.2025 20:00;2,98
01.01.2025 20:15;2,96
01.01.2025 20:30;2,96
01.01.2025 20:45;3
01.01.2025 21:00;2,94
01.01.2025 21:15;3
01.01.2025 21:30;2,98
01.01.2025 21:45;2,98
01.01.2025 22:00;2,7
01.01.2025 22:15;2,58
01.01.2025 22:30;2,5
01.01.2025 22:45;2,38
01.01.2025 23:00;2,38
01.01.2025 23:15;2,42
01.01.2025 23:30;2,38
01.01.2025 23:45;2,36
02.01.2025 00:00;2,36
02.01.2025 00:15;2,4
02.01.2025 00:30;2,38
02.01.2025 00:45;2,36
02.01.2025 01:00;2,4
02.01.2025 01:15;2,38
02.01.2025 01:30;2,42
02.01.2025 01:45;5,12
02.01.2025 02:00;2,46
02.01.2025 02:15;2,38
02.01.2025 02:30;2,34
02.01.2025 02:45;2,38
02.01.2025 03:00;2,46
02.01.2025 03:15;2,44
02.01.2025 03:30;2,38
02.01.2025 03:45;2,42
02.01.2025 04:00;2,38
02.01.2025 04:15;2,38
02.01.2025 04:30;2,32
02.01.2025 04:45;2,32
02.01.2025 05:00;2,4
02.01.2025 05:15;2,5
02.01.2025 05:30;2,6
02.01.2025 05:45;2,54
02.01.2025 06:00;2,52
02.01.2025 06:15;2,52
02.01.2025 06:30;2,5
02.01.2025 06:45;2,54
02.01.2025 07:00;2,54
02.01.2025 07:15;2,54
02.01.2025 07:30;2,6
02.01.2025 07:45;2,54
02.01.2025 08:00;2,24
02.01.2025 08:15;2,1
02.01.2025 08:30;1,74
02.01.2025 08:45;1,22
02.01.2025 09:00;0,16
02.01.2025 09:15;0
02.01.2025 09:30;1,62
02.01.2025 09:45;0
02.01.2025 10:00;0
02.01.2025 10:15;0
02.01.2025 10:30;0
02.01.2025 10:45;0
02.01.2025 11:00;0
02.01.2025 11:15;0
02.01.2025 11:30;0
02.01.2025 11:45;0
02.01.2025 12:00;0
02.01.2025 12:15;0
02.01.2025 12:30;0
02.01.2025 12:45;0
02.01.2025 13:00;0
02.01.2025 13:15;0
02.01.2025 13:30;0
02.01.2025 13:45;0,12
02.01.2025 14:00;0,16
02.01.2025 14:15;0,24
02.01.2025 14:30;0,4
02.01.2025 14:45;0,98
02.01.2025 15:00;1,62
02.01.2025 15:15;2,18
02.01.2025 15:30;2,28
02.01.2025 15:45;2,28
02.01.2025 16:00;2,26
02.01.2025 16:15;2,24
02.01.2025 16:30;5,42
02.01.2025 16:45;3,12
02.01.2025 17:00;3,06
02.01.2025 17:15;2,98
02.01.2025 17:30;2,98
02.01.2025 17:45;2,98
02.01.2025 18:00;3
02.01.2025 18:15;3,06
02.01.2025 18:30;2,98
02.01.2025 18:45;2,96
02.01.2025 19:00;3,06
02.01.2025 19:15;3,02
02.01.2025 19:30;2,98
02.01.2025 19:45;2,98
02.01.2025 20:00;2,98
02.01.2025 20:15;2,98
02.01.2025 20:30;3
02.01.2025 20:45;2,98
02.01.2025 21:00;2,98
02.01.2025 21:15;2,94
02.01.2025 21:30;2,96
02.01.2025 21:45;3
02.01.2025 22:00;2,58
02.01.2025 22:15;2,58
02.01.2025 22:30;2,5
02.01.2025 22:45;2,4
02.01.2025 23:00;2,4
02.01.2025 23:15;2,38
02.01.2025 23:30;2,74
02.01.2025 23:45;5,78
03.01.2025 00:00;2,42
03.01.2025 00:15;2,38
03.01.2025 00:30;2,38
03.01.2025 00:45;2,36
03.01.2025 01:00;2,38
03.01.2025 01:15;2,46
03.01.2025 01:30;2,38
03.01.2025 01:45;2,4
03.01.2025 02:00;2,42
03.01.2025 02:15;2,38
03.01.2025 02:30;2,42
03.01.2025 02:45;2,38
03.01.2025 03:00;2,4
03.01.2025 03:15;2,36
03.01.2025 03:30;2,34
03.01.2025 03:45;2,38
03.01.2025 04:00;2,42
03.01.2025 04:15;2,38
03.01.2025 04:30;2,36
03.01.2025 04:45;2,38
03.01.2025 05:00;2,5
03.01.2025 05:15;2,62
03.01.2025 05:30;2,6
03.01.2025 05:45;2,62
03.01.2025 06:00;2,56
03.01.2025 06:15;2,6
03.01.2025 06:30;2,62
03.01.2025 06:45;2,58
03.01.2025 07:00;2,62
03.01.2025 07:15;2,56
03.01.2025 07:30;2,64
03.01.2025 07:45;2,56
03.01.2025 08:00;2,26
03.01.2025 08:15;2,22
03.01.2025 08:30;2,26
03.01.2025 08:45;2,26
03.01.2025 09:00;2,24
03.01.2025 09:15;2,16
03.01.2025 09:30;4,56
03.01.2025 09:45;1,84
03.01.2025 10:00;1,92
03.01.2025 10:15;2,06
03.01.2025 10:30;1,62
03.01.2025 10:45;1,86
03.01.2025 11:00;1,52
03.01.2025 11:15;1,76
03.01.2025 11:30;1,5
03.01.2025 11:45;1,48
03.01.2025 12:00;1,68
03.01.2025 12:15;1,86
03.01.2025 12:30;1,8
03.01.2025 12:45;1,9
03.01.2025 13:00;2,12
03.01.2025 13:15;2,14
03.01.2025 13:30;1,68
03.01.2025 13:45;1,24
03.01.2025 14:00;0,98
03.01.2025 14:15;1,02
03.01.2025 14:30;1,5
03.01.2025 14:45;1,92
03.01.2025 15:00;2,3
03.01.2025 15:15;2,26
03.01.2025 15:30;2,22
03.01.2025 15:45;2,32
03.01.2025 16:00;2,34
03.01.2025 16:15;1,94
03.01.2025 16:30;2,06
03.01.2025 16:45;2,98
03.01.2025 17:00;6,06
03.01.2025 17:15;3,3
03.01.2025 17:30;3,08
03.01.2025 17:45;3,06
03.01.2025 18:00;3,02
03.01.2025 18:15;3,04
03.01.2025 18:30;3,02
03.01.2025 18:45;3,08
03.01.2025 19:00;3
03.01.2025 19:15;3,04
03.01.2025 19:30;3
03.01.2025 19:45;3
03.01.2025 20:00;2,9
03.01.2025 20:15;2,82
03.01.2025 20:30;2,78
03.01.2025 20:45;2,76
03.01.2025 21:00;2,78
03.01.2025 21:15;2,8
03.01.2025 21:30;2,78
03.01.2025 21:45;2,76
03.01.2025 22:00;2,46
03.01.2025 22:15;2,4
03.01.2025 22:30;2,42
03.01.2025 22:45;2,36
03.01.2025 23:00;2,38
03.01.2025 23:15;2,4
03.01.2025 23:30;2,38
03.01.2025 23:45;2,38
04.01.2025 00:00;2,4
04.01.2025 00:15;2,38
04.01.2025 00:30;2,4
04.01.2025 00:45;2,5
04.01.2025 01:00;2,38
04.01.2025 01:15;4,58
04.01.2025 01:30;3,26
04.01.2025 01:45;2,42
04.01.2025 02:00;2,42
04.01.2025 02:15;2,38
04.01.2025 02:30;2,38
04.01.2025 02:45;2,44
04.01.2025 03:00;2,42
04.01.2025 03:15;2,44
04.01.2025 03:30;2,36
04.01.2025 03:45;2,4
04.01.2025 04:00;2,42
04.01.2025 04:15;2,34
04.01.2025 04:30;2,38
04.01.2025 04:45;2,38
04.01.2025 05:00;2,38
04.01.2025 05:15;2,4
04.01.2025 05:30;2,44
04.01.2025 05:45;2,44
04.01.2025 06:00;2,4
04.01.2025 06:15;2,44
04.01.2025 06:30;2,42
04.01.2025 06:45;2,42
04.01.2025 07:00;2,48
04.01.2025 07:15;2,4
04.01.2025 07:30;2,46
04.01.2025 07:45;2,4
04.01.2025 08:00;2,26
04.01.2025 08:15;2,3
04.01.2025 08:30;2,28
04.01.2025 08:45;2,26
04.01.2025 09:00;2,28
04.01.2025 09:15;2,1
04.01.2025 09:30;2,04
04.01.2025 09:45;2,02
04.01.2025 10:00;1,98
04.01.2025 10:15;4,98
04.01.2025 10:30;1,66
04.01.2025 10:45;1,54
04.01.2025 11:00;1,56
04.01.2025 11:15;1,62
04.01.2025 11:30;1,74
04.01.2025 11:45;1,62
04.01.2025 12:00;1,46
04.01.2025 12:15;1,44
04.01.2025 12:30;1,14
04.01.2025 12:45;1,18
04.01.2025 13:00;1,24
04.01.2025 13:15;1,06
04.01.2025 13:30;1,1
04.01.2025 13:45;1,28
04.01.2025 14:00;1,54
04.01.2025 14:15;1,68
04.01.2025 14:30;1,74
04.01.2025 14:45;1,96
04.01.2025 15:00;2,12
04.01.2025 15:15;2,28
04.01.2025 15:30;2,24
04.01.2025 15:45;2,28
04.01.2025 16:00;2,24
04.01.2025 16:15;2,26
04.01.2025 16:30;2,26
04.01.2025 16:45;2,64
04.01.2025 17:00;2,84
04.01.2025 17:15;2,8
04.01.2025 17:30;2,78
04.01.2025 17:45;2,76
04.01.2025 18:00;2,94
04.01.2025 18:15;2,82
04.01.2025 18:30;2,78
04.01.2025 18:45;2,78
04.01.2025 19:00;2,8
04.01.2025 19:15;2,82
04.01.2025 19:30;5,54
04.01.2025 19:45;2,84
04.01.2025 20:00;2,78
04.01.2025 20:15;2,84
04.01.2025 20:30;3,1
04.01.2025 20:45;3,08
04.01.2025 21:00;3,1
04.01.2025 21:15;3,1
04.01.2025 21:30;3,06
04.01.2025 21:45;3,06
04.01.2025 22:00;2,8
04.01.2025 22:15;2,76
04.01.2025 22:30;2,7
04.01.2025 22:45;2,72
04.01.2025 23:00;2,68
04.01.2025 23:15;2,66
04.01.2025 23:30;2,68
04.01.2025 23:45;2,7
05.01.2025 00:00;2,68
05.01.2025 00:15;2,7
05.01.2025 00:30;4,74
05.01.2025 00:45;4,18
05.01.2025 01:00;2,72
05.01.2025 01:15;2,7
05.01.2025 01:30;2,72
05.01.2025 01:45;2,66
05.01.2025 02:00;2,68
05.01.2025 02:15;2,66
05.01.2025 02:30;2,76
05.01.2025 02:45;2,68
05.01.2025 03:00;2,74
05.01.2025 03:15;2,72
05.01.2025 03:30;2,68
05.01.2025 03:45;2,7
05.01.2025 04:00;2,72
05.01.2025 04:15;2,74
05.01.2025 04:30;2,78
05.01.2025 04:45;2,72
05.01.2025 05:00;2,74
05.01.2025 05:15;2,72
05.01.2025 05:30;2,8
05.01.2025 05:45;3,06
05.01.2025 06:00;3,02
05.01.2025 06:15;2,86
05.01.2025 06:30;4,76
05.01.2025 06:45;2,94
05.01.2025 07:00;2,84
05.01.2025 07:15;2,8
05.01.2025 07:30;2,9
05.01.2025 07:45;2,88
05.01.2025 08:00;2,88
05.01.2025 08:15;2,86
05.01.2025 08:30;2,88
05.01.2025 08:45;2,74
05.01.2025 09:00;2,68
05.01.2025 09:15;2,62
05.01.2025 09:30;2,64
05.01.2025 09:45;2,66
05.01.2025 10:00;2,7
05.01.2025 10:15;2,74
05.01.2025 10:30;2,9
05.01.2025 10:45;2,76
05.01.2025 11:00;2,68
05.01.2025 11:15;2,66
05.01.2025 11:30;3,58
05.01.2025 11:45;3,78
05.01.2025 12:00;2,84
05.01.2025 12:15;2,8
05.01.2025 12:30;2,74
05.01.2025 12:45;2,58
05.01.2025 13:00;2,58
05.01.2025 13:15;2,6
05.01.2025 13:30;2,62
05.01.2025 13:45;2,64
05.01.2025 14:00;2,58
05.01.2025 14:15;2,62
05.01.2025 14:30;2,64
05.01.2025 14:45;2,6
05.01.2025 15:00;2,62
05.01.2025 15:15;2,64
05.01.2025 15:30;2,62
05.01.2025 15:45;2,66
05.01.2025 16:00;2,58
05.01.2025 16:15;2,76
05.01.2025 16:30;2,74
05.01.2025 16:45;4,58
05.01.2025 17:00;4,4
05.01.2025 17:15;3,14
05.01.2025 17:30;3,1
05.01.2025 17:45;3,06
05.01.2025 18:00;3,06
05.01.2025 18:15;3,12
05.01.2025 18:30;3,06
05.01.2025 18:45;3,06
05.01.2025 19:00;3,06
05.01.2025 19:15;3,08
05.01.2025 19:30;3,1
05.01.2025 19:45;3,14
05.01.2025 20:00;3,08
05.01.2025 20:15;3,1
05.01.2025 20:30;3,1
05.01.2025 20:45;3,1
05.01.2025 21:00;3,14
05.01.2025 21:15;3,1
05.01.2025 21:30;3,08
05.01.2025 21:45;4,08
05.01.2025 22:00;4,32
05.01.2025 22:15;2,7
05.01.2025 22:30;2,66
05.01.2025 22:45;2,66
05.01.2025 23:00;2,66
05.01.2025 23:15;2,72
05.01.2025 23:30;2,72
05.01.2025 23:45;2,72
06.01.2025 00:00;2,66
06.01.2025 00:15;2,7
06.01.2025 00:30;2,7
06.01.2025 00:45;2,68
06.01.2025 01:00;2,7
06.01.2025 01:15;2,68
06.01.2025 01:30;2,7
06.01.2025 01:45;2,7
06.01.2025 02:00;2,78
06.01.2025 02:15;2,72
06.01.2025 02:30;2,66
06.01.2025 02:45;4,18
06.01.2025 03:00;3,96
06.01.2025 03:15;2,68
06.01.2025 03:30;2,74
06.01.2025 03:45;2,64
06.01.2025 04:00;2,68
06.01.2025 04:15;2,66
06.01.2025 04:30;2,74
06.01.2025 04:45;2,74
06.01.2025 05:15;2,9
06.01.2025 05:30;2,86
06.01.2025 05:45;2,94
06.01.2025 06:00;2,94
06.01.2025 06:15;2,92
06.01.2025 06:30;2,9
06.01.2025 06:45;2,86
06.01.2025 07:00;2,88
06.01.2025 07:15;2,88
06.01.2025 07:30;2,98
06.01.2025 07:45;5,36
06.01.2025 08:00;2,74
06.01.2025 08:15;2,56
06.01.2025 08:30;2,56
06.01.2025 08:45;2,56
06.01.2025 09:00;2,32
06.01.2025 09:15;2,12
06.01.2025 09:30;2,18
06.01.2025 09:45;1,76
06.01.2025 10:00;1,68
06.01.2025 10:15;1,76
06.01.2025 10:30;1,46
06.01.2025 10:45;1,42
06.01.2025 11:00;1,14
06.01.2025 11:15;1,14
06.01.2025 11:30;1,14
06.01.2025 11:45;1
06.01.2025 12:00;0,88
06.01.2025 12:15;3,92
06.01.2025 12:30;1,4
06.01.2025 12:45;1,64
06.01.2025 13:00;2,02
06.01.2025 13:15;2,1
06.01.2025 13:30;1,56
06.01.2025 13:45;1,82
06.01.2025 14:00;2,2
06.01.2025 14:15;2,3
06.01.2025 14:30;2,28
06.01.2025 14:45;2,26
06.01.2025 15:00;2,3
06.01.2025 15:15;2,52
06.01.2025 15:30;2,46
06.01.2025 15:45;2,68
06.01.2025 16:00;2,82
06.01.2025 16:15;2,9
06.01.2025 16:30;2,92
06.01.2025 16:45;5,86
06.01.2025 17:00;3,54
06.01.2025 17:15;3,5
06.01.2025 17:30;3,5
06.01.2025 17:45;3,56
06.01.2025 18:00;3,48
06.01.2025 18:15;3,42
06.01.2025 18:30;3,6
06.01.2025 18:45;3,54
06.01.2025 19:00;3,52
06.01.2025 19:15;3,36
06.01.2025 19:30;3,46
06.01.2025 19:45;3,6
06.01.2025 20:00;3,56
06.01.2025 20:15;3,4
06.01.2025 20:30;3,42
06.01.2025 20:45;3,52
06.01.2025 21:00;3,52
06.01.2025 21:15;5,5
06.01.2025 21:30;3,84
06.01.2025 21:45;3,56
06.01.2025 22:00;3,22
06.01.2025 22:15;3,02
06.01.2025 22:30;3
06.01.2025 22:45;2,98
06.01.2025 23:00;2,88
06.01.2025 23:15;2,78
06.01.2025 23:30;2,88
06.01.2025 23:45;3
07.01.2025 00:00;2,9
07.01.2025 00:15;2,8
07.01.2025 00:30;2,86
07.01.2025 00:45;2,98
07.01.2025 01:00;2,92
07.01.2025 01:15;2,78
07.01.2025 01:30;2,9
07.01.2025 01:45;2,96
07.01.2025 02:00;5,46
07.01.2025 02:15;2,8
07.01.2025 02:30;2,8
07.01.2025 02:45;2,9
07.01.2025 03:00;2,96
07.01.2025 03:15;2,92
07.01.2025 03:30;2,78
07.01.2025 03:45;2,82
07.01.2025 04:00;2,94
07.01.2025 04:15;3
07.01.2025 04:30;2,86
07.01.2025 04:45;4,46
07.01.2025 05:00;5,56
07.01.2025 05:15;12,4
07.01.2025 05:30;13,84
07.01.2025 05:45;25,42
07.01.2025 06:00;33,8
07.01.2025 06:15;39,56
07.01.2025 06:30;41,46
07.01.2025 06:45;39,44
07.01.2025 07:00;47,1
07.01.2025 07:15;49,34
07.01.2025 07:30;54,34
07.01.2025 07:45;79,14
07.01.2025 08:00;86,66
07.01.2025 08:15;85,34
07.01.2025 08:30;84,92
07.01.2025 08:45;74,78
07.01.2025 09:00;62,08
07.01.2025 09:15;69,22
07.01.2025 09:30;78,32
07.01.2025 09:45;77,08
07.01.2025 10:00;75,24
07.01.2025 10:15;72,14
07.01.2025 10:30;73,76
07.01.2025 10:45;68,42
07.01.2025 11:00;71,06
07.01.2025 11:15;69,36
07.01.2025 11:30;69,34
07.01.2025 11:45;64,78
07.01.2025 12:00;61,12
07.01.2025 12:15;69,02
07.01.2025 12:30;73,94
07.01.2025 12:45;70,1
07.01.2025 13:00;73,2
07.01.2025 13:15;70,38
07.01.2025 13:30;62,34
07.01.2025 13:45;56,3
07.01.2025 14:00;58,8
07.01.2025 14:15;62,04
07.01.2025 14:30;61,94
07.01.2025 14:45;67,64
07.01.2025 15:00;67,56
07.01.2025 15:15;68,38
07.01.2025 15:30;67,62
07.01.2025 15:45;67,06
07.01.2025 16:00;67,2
07.01.2025 16:15;67,58
07.01.2025 16:30;64,22
07.01.2025 16:45;58,2
07.01.2025 17:00;38,5
07.01.2025 17:15;64,38
07.01.2025 17:30;73,3
07.01.2025 17:45;61,8
07.01.2025 18:00;53,96
07.01.2025 18:15;49,02
07.01.2025 18:30;50,2
07.01.2025 18:45;57,34
07.01.2025 19:00;55,7
07.01.2025 19:15;55,7
07.01.2025 19:30;48,46
07.01.2025 19:45;48,88
07.01.2025 20:00;29
07.01.2025 20:15;38,3
07.01.2025 20:30;61,56
07.01.2025 20:45;61,74
07.01.2025 21:00;57,38
07.01.2025 21:15;59,28
07.01.2025 21:30;60,5
07.01.2025 21:45;62,4
07.01.2025 22:00;58,38
07.01.2025 22:15;33,6
07.01.2025 22:30;12,58
07.01.2025 22:45;9,96
07.01.2025 23:00;9,4
07.01.2025 23:15;8,14
07.01.2025 23:30;8,84
07.01.2025 23:45;8,78
08.01.2025 00:00;7,82
08.01.2025 00:15;8
08.01.2025 00:30;6,42
08.01.2025 00:45;5,68
08.01.2025 01:00;6,46
08.01.2025 01:15;7,54
08.01.2025 01:30;8,48
08.01.2025 01:45;6
08.01.2025 02:00;6,22
08.01.2025 02:15;5,72
08.01.2025 02:30;5,68
08.01.2025 02:45;6,06
08.01.2025 03:00;5,46
08.01.2025 03:15;4,98
08.01.2025 03:30;5,58
08.01.2025 03:45;5,28
08.01.2025 04:00;4,38
08.01.2025 04:15;5,38
08.01.2025 04:30;5,22
08.01.2025 04:45;4,36
08.01.2025 05:00;6,48
08.01.2025 05:15;14,1
08.01.2025 05:30;35,72
08.01.2025 05:45;56,6
08.01.2025 06:00;63,9
08.01.2025 06:15;63,28
08.01.2025 06:30;62,46
08.01.2025 06:45;65,86
08.01.2025 07:00;62,02
08.01.2025 07:15;51,62
08.01.2025 07:30;49,24
08.01.2025 07:45;44,22
08.01.2025 08:00;53,5
08.01.2025 08:15;53,06
08.01.2025 08:30;53,34
08.01.2025 08:45;62,48
08.01.2025 09:00;57,88
08.01.2025 09:15;66,88
08.01.2025 09:30;69,74
08.01.2025 09:45;65,64
08.01.2025 10:00;62,38
08.01.2025 10:15;74,96
08.01.2025 10:30;67,84
08.01.2025 10:45;67,92
08.01.2025 11:00;59,22
08.01.2025 11:15;64,76
08.01.2025 11:30;63,02
08.01.2025 11:45;72,04
08.01.2025 12:00;70,14
08.01.2025 12:15;79,5
08.01.2025 12:30;80,6
08.01.2025 12:45;83,88
08.01.2025 13:00;82,74
08.01.2025 13:15;85,72
08.01.2025 13:30;76,34
08.01.2025 13:45;66,18
08.01.2025 14:00;67,8
08.01.2025 14:15;70,5
08.01.2025 14:30;83,68
08.01.2025 14:45;90,92
08.01.2025 15:00;93,38
08.01.2025 15:15;94,46
08.01.2025 15:30;89,36
08.01.2025 15:45;83,74
08.01.2025 16:00;90,88
08.01.2025 16:15;89,16
08.01.2025 16:30;90,8
08.01.2025 16:45;70,6
08.01.2025 17:00;46,86
08.01.2025 17:15;64,8
08.01.2025 17:30;76,58
08.01.2025 17:45;82,88
08.01.2025 18:00;85,96
08.01.2025 18:15;79,5
08.01.2025 18:30;78,94
08.01.2025 18:45;78,74
08.01.2025 19:00;64,6
08.01.2025 19:15;75,36
08.01.2025 19:30;69,88
08.01.2025 19:45;64,34
08.01.2025 20:00;45,34
08.01.2025 20:15;61,74
08.01.2025 20:30;78,74
08.01.2025 20:45;78,28
08.01.2025 21:00;78,82
08.01.2025 21:15;77,72
08.01.2025 21:30;79,32
08.01.2025 21:45;65,32
08.01.2025 22:00;48,96
08.01.2025 22:15;33,08
08.01.2025 22:30;19,52
08.01.2025 22:45;15,78
08.01.2025 23:00;12,12
08.01.2025 23:15;12,36
08.01.2025 23:30;13,24
08.01.2025 23:45;11,06
09.01.2025 00:00;10,68
09.01.2025 00:15;10,6
09.01.2025 00:30;10,52
09.01.2025 00:45;10,46
09.01.2025 01:00;8,64
09.01.2025 01:15;8,14
09.01.2025 01:30;7,98
09.01.2025 01:45;10,6
09.01.2025 02:00;6,92
09.01.2025 02:15;6,4
09.01.2025 02:30;6,32
09.01.2025 02:45;6,38
09.01.2025 03:00;6,28
09.01.2025 03:15;6,48
09.01.2025 03:30;6,54
09.01.2025 03:45;6,26
09.01.2025 04:00;6,62
09.01.2025 04:15;8,84
09.01.2025 04:30;6,52
09.01.2025 04:45;6,44
09.01.2025 05:00;7,96
09.01.2025 05:15;12,16
09.01.2025 05:30;27,92
09.01.2025 05:45;51,48
09.01.2025 06:00;64,38
09.01.2025 06:15;61,62
09.01.2025 06:30;66,48
09.01.2025 06:45;63,6
09.01.2025 07:00;58,82
09.01.2025 07:15;59,46
09.01.2025 07:30;71,86
09.01.2025 07:45;55,6
09.01.2025 08:00;68,42
09.01.2025 08:15;79,06
09.01.2025 08:30;67
09.01.2025 08:45;82,8
09.01.2025 09:00;81,62
09.01.2025 09:15;82,28
09.01.2025 09:30;74,3
09.01.2025 09:45;75,12
09.01.2025 10:00;73,38
09.01.2025 10:15;73,52
09.01.2025 10:30;73,02
09.01.2025 10:45;71,5
09.01.2025 11:00;73,62
09.01.2025 11:15;75,24
09.01.2025 11:30;70,5
09.01.2025 11:45;73,62
09.01.2025 12:00;62,6
09.01.2025 12:15;56,02
09.01.2025 12:30;64,7
09.01.2025 12:45;70,5
09.01.2025 13:00;68,6
09.01.2025 13:15;69,86
09.01.2025 13:30;55,86
09.01.2025 13:45;44,04
09.01.2025 14:00;50,36
09.01.2025 14:15;58,42
09.01.2025 14:30;61,92
09.01.2025 14:45;60,12
09.01.2025 15:00;63,24
09.01.2025 15:15;66,3
09.01.2025 15:30;71,1
09.01.2025 15:45;67,18
09.01.2025 16:00;63,58
09.01.2025 16:15;64,88
09.01.2025 16:30;58,98
09.01.2025 16:45;60,06
09.01.2025 17:00;50,78
09.01.2025 17:15;60,18
09.01.2025 17:30;69,88
09.01.2025 17:45;72,64
09.01.2025 18:00;75,04
09.01.2025 18:15;71,86
09.01.2025 18:30;68,3
09.01.2025 18:45;69,64
09.01.2025 19:00;64,78
09.01.2025 19:15;60,82
09.01.2025 19:30;61,96
09.01.2025 19:45;67,5
09.01.2025 20:00;52,12
09.01.2025 20:15;60,8
09.01.2025 20:30;63,08
09.01.2025 20:45;69,88
09.01.2025 21:00;57,56
09.01.2025 21:15;65,82
09.01.2025 21:30;65,9
09.01.2025 21:45;64,08
09.01.2025 22:00;53,5
09.01.2025 22:15;47,92
09.01.2025 22:30;32,32
09.01.2025 22:45;16,36
09.01.2025 23:00;9,32
09.01.2025 23:15;8
09.01.2025 23:30;7,48
09.01.2025 23:45;10,04
10.01.2025 00:00;7,94
10.01.2025 00:15;7,34
10.01.2025 00:30;6,72
10.01.2025 00:45;6,94
10.01.2025 01:00;7,14
10.01.2025 01:15;7,32
10.01.2025 01:30;7,06
10.01.2025 01:45;7,24
10.01.2025 02:00;9,44
10.01.2025 02:15;6,34
10.01.2025 02:30;6,7
10.01.2025 02:45;6,24
10.01.2025 03:00;6,18
10.01.2025 03:15;6,26
10.01.2025 03:30;6,54
10.01.2025 03:45;6,26
10.01.2025 04:00;5,74
10.01.2025 04:15;6,12
10.01.2025 04:30;9,4
10.01.2025 04:45;6,38
10.01.2025 05:00;6,86
10.01.2025 05:15;12,52
10.01.2025 05:30;21,34
10.01.2025 05:45;37,58
10.01.2025 06:00;46,14
10.01.2025 06:15;50,06
10.01.2025 06:30;52,98
10.01.2025 06:45;60,2
10.01.2025 07:00;66,94
10.01.2025 07:15;68,42
10.01.2025 07:30;71,04
10.01.2025 07:45;66,28
10.01.2025 08:00;66,12
10.01.2025 08:15;62,8
10.01.2025 08:30;62,54
10.01.2025 08:45;54,22
10.01.2025 09:00;41,64
10.01.2025 09:15;37,08
10.01.2025 09:30;45,64
10.01.2025 09:45;44,54
10.01.2025 10:00;44,8
10.01.2025 10:15;45,38
10.01.2025 10:30;42,74
10.01.2025 10:45;40,72
10.01.2025 11:00;42,62
10.01.2025 11:15;40,26
10.01.2025 11:30;42,36
10.01.2025 11:45;41,88
10.01.2025 12:00;35,04
10.01.2025 12:15;34,02
10.01.2025 12:30;30,82
10.01.2025 12:45;30,82
10.01.2025 13:00;31,18
10.01.2025 13:15;35,4
10.01.2025 13:30;40,54
10.01.2025 13:45;34,8
10.01.2025 14:00;30,46
10.01.2025 14:15;53,1
10.01.2025 14:30;50,02
10.01.2025 14:45;42,42
10.01.2025 15:00;45,78
10.01.2025 15:15;57,14
10.01.2025 15:30;51,52
10.01.2025 15:45;57,38
10.01.2025 16:00;52,02
10.01.2025 16:15;53,02
10.01.2025 16:30;65,9
10.01.2025 16:45;65,14
10.01.2025 17:00;46,18
10.01.2025 17:15;42,64
10.01.2025 17:30;50,56
10.01.2025 17:45;52,86
10.01.2025 18:00;52,02
10.01.2025 18:15;58,54
10.01.2025 18:30;62,22
10.01.2025 18:45;53,06
10.01.2025 19:00;52,34
10.01.2025 19:15;52,86
10.01.2025 19:30;58,64
10.01.2025 19:45;56,98
10.01.2025 20:00;43,58
10.01.2025 20:15;51,64
10.01.2025 20:30;49,9
10.01.2025 20:45;54,3
10.01.2025 21:00;55,04
10.01.2025 21:15;51,56
10.01.2025 21:30;56,06
10.01.2025 21:45;58,46
10.01.2025 22:00;46,54
10.01.2025 22:15;21,06
10.01.2025 22:30;12
10.01.2025 22:45;10,34
10.01.2025 23:00;10,78
10.01.2025 23:15;9,52
10.01.2025 23:30;10,28
10.01.2025 23:45;9
11.01.2025 00:00;9,72
11.01.2025 00:15;12,28
11.01.2025 00:30;8,98
11.01.2025 00:45;8,16
11.01.2025 01:00;8,74
11.01.2025 01:15;7,78
11.01.2025 01:30;8,26
11.01.2025 01:45;7,38
11.01.2025 02:00;6,76
11.01.2025 02:15;5,64
11.01.2025 02:30;6,46
11.01.2025 02:45;4,96
11.01.2025 03:00;4,34
11.01.2025 03:15;5,04
11.01.2025 03:30;5,8
11.01.2025 03:45;3,44
11.01.2025 04:00;4,26
11.01.2025 04:15;3,34
11.01.2025 04:30;4,12
11.01.2025 04:45;3,4
11.01.2025 05:00;4,18
11.01.2025 05:15;3,32
11.01.2025 05:30;4,24
11.01.2025 05:45;3,42
11.01.2025 06:00;4,14
11.01.2025 06:15;6,52
11.01.2025 06:30;4,28
11.01.2025 06:45;3,82
11.01.2025 07:00;5,6
11.01.2025 07:15;4,54
11.01.2025 07:30;4,12
11.01.2025 07:45;3,98
11.01.2025 08:00;4,4
11.01.2025 08:15;3,74
11.01.2025 08:30;2,72
11.01.2025 08:45;3,24
11.01.2025 09:00;4,04
11.01.2025 09:15;1,64
11.01.2025 09:30;0,36
11.01.2025 09:45;0,02
11.01.2025 10:00;0
11.01.2025 10:15;0
11.01.2025 10:30;0
11.01.2025 10:45;0
11.01.2025 11:00;0
11.01.2025 11:15;0
11.01.2025 11:30;0
11.01.2025 11:45;0
11.01.2025 12:00;0
11.01.2025 12:15;0
11.01.2025 12:30;0
11.01.2025 12:45;0
11.01.2025 13:00;0
11.01.2025 13:15;0
11.01.2025 13:30;0
11.01.2025 13:45;0
11.01.2025 14:00;0
11.01.2025 14:15;0
11.01.2025 14:30;0
11.01.2025 14:45;0,16
11.01.2025 15:00;2,14
11.01.2025 15:15;2,38
11.01.2025 15:30;1,2
11.01.2025 15:45;0,72
11.01.2025 16:00;0,36
11.01.2025 16:15;3,06
11.01.2025 16:30;3,7
11.01.2025 16:45;4,4
11.01.2025 17:00;4,8
11.01.2025 17:15;4,84
11.01.2025 17:30;5,3
11.01.2025 17:45;7,04
11.01.2025 18:00;6,32
11.01.2025 18:15;4,48
11.01.2025 18:30;4,68
11.01.2025 18:45;4,28
11.01.2025 19:00;5,04
11.01.2025 19:15;4,18
11.01.2025 19:30;4,8
11.01.2025 19:45;3,88
11.01.2025 20:00;4,8
11.01.2025 20:15;4
11.01.2025 20:30;4,64
11.01.2025 20:45;3,6
11.01.2025 21:00;4,52
11.01.2025 21:15;5,28
11.01.2025 21:30;6,4
11.01.2025 21:45;3,7
11.01.2025 22:00;4,26
11.01.2025 22:15;3,44
11.01.2025 22:30;4,14
11.01.2025 22:45;3,36
11.01.2025 23:00;4,24
11.01.2025 23:15;3,94
11.01.2025 23:30;5,12
11.01.2025 23:45;4,3
12.01.2025 00:00;4
12.01.2025 00:15;4,12
12.01.2025 00:30;3,92
12.01.2025 00:45;4,36
12.01.2025 01:00;3,58
12.01.2025 01:15;4,3
12.01.2025 01:30;5,38
12.01.2025 01:45;5,28
12.01.2025 02:00;3,32
12.01.2025 02:15;4,16
12.01.2025 02:30;3,28
12.01.2025 02:45;4,08
12.01.2025 03:00;4,9
12.01.2025 03:15;5,92
12.01.2025 03:30;3,66
12.01.2025 03:45;4,14
12.01.2025 04:00;3,26
12.01.2025 04:15;4,22
12.01.2025 04:30;3,3
12.01.2025 04:45;4,12
12.01.2025 05:00;3,32
12.01.2025 05:15;4,2
12.01.2025 05:30;3,28
12.01.2025 05:45;4,12
12.01.2025 06:00;4,42
12.01.2025 06:15;6,38
12.01.2025 06:30;3,48
12.01.2025 06:45;3,88
12.01.2025 07:00;3,84
12.01.2025 07:15;3,6
12.01.2025 07:30;4,14
12.01.2025 07:45;3,26
12.01.2025 08:00;4,04
12.01.2025 08:15;2,82
12.01.2025 08:30;3,58
12.01.2025 08:45;1,9
12.01.2025 09:00;1,88
12.01.2025 09:15;0,04
12.01.2025 09:30;0,38
12.01.2025 09:45;0
12.01.2025 10:00;0,02
12.01.2025 10:15;0
12.01.2025 10:30;0
12.01.2025 10:45;0
12.01.2025 11:00;0
12.01.2025 11:15;0
12.01.2025 11:30;0
12.01.2025 11:45;0
12.01.2025 12:00;0
12.01.2025 12:15;0
12.01.2025 12:30;0
12.01.2025 12:45;0
12.01.2025 13:00;0
12.01.2025 13:15;0
12.01.2025 13:30;0
12.01.2025 13:45;0
12.01.2025 14:00;0
12.01.2025 14:15;0
12.01.2025 14:30;0
12.01.2025 14:45;0
12.01.2025 15:00;0
12.01.2025 15:15;0,04
12.01.2025 15:30;0
12.01.2025 15:45;1,32
12.01.2025 16:00;2
12.01.2025 16:15;3,2
12.01.2025 16:30;2,9
12.01.2025 16:45;4,22
12.01.2025 17:00;3,74
12.01.2025 17:15;4,86
12.01.2025 17:30;3,84
12.01.2025 17:45;4,56
12.01.2025 18:00;3,68
12.01.2025 18:15;4,64
12.01.2025 18:30;4,96
12.01.2025 18:45;6,66
12.01.2025 19:00;3,9
12.01.2025 19:15;4,46
12.01.2025 19:30;4,34
12.01.2025 19:45;4,1
12.01.2025 20:00;5,34
12.01.2025 20:15;4,06
12.01.2025 20:30;4,74
12.01.2025 20:45;3,7
12.01.2025 21:00;5,14
12.01.2025 21:15;3,88
12.01.2025 21:30;4,58
12.01.2025 21:45;3,74
12.01.2025 22:00;4,34
12.01.2025 22:15;3,38
12.01.2025 22:30;4,28
12.01.2025 22:45;3,38
12.01.2025 23:00;4,28
12.01.2025 23:15;3,7
12.01.2025 23:30;6,76
12.01.2025 23:45;3,42
13.01.2025 00:00;4,18
13.01.2025 00:15;3,34
13.01.2025 00:30;4,24
13.01.2025 00:45;3,76
13.01.2025 01:00;4,02
13.01.2025 01:15;4,06
13.01.2025 01:30;3,52
13.01.2025 01:45;4,22
13.01.2025 02:00;3,56
13.01.2025 02:15;4,44
13.01.2025 02:30;3,36
13.01.2025 02:45;4,22
13.01.2025 03:00;3,36
13.01.2025 03:15;4,26
13.01.2025 03:30;4,1
13.01.2025 03:45;5,84
13.01.2025 04:00;4,5
13.01.2025 04:15;6,88
13.01.2025 04:30;3,52
13.01.2025 04:45;5,08
13.01.2025 05:00;8,76
13.01.2025 05:15;11,58
13.01.2025 05:30;30,52
13.01.2025 05:45;50,5
13.01.2025 06:00;49,54
13.01.2025 06:15;54,4
13.01.2025 06:30;45,82
13.01.2025 06:45;43,88
13.01.2025 07:00;40,48
13.01.2025 07:15;44,3
13.01.2025 07:30;55,76
13.01.2025 07:45;60,68
13.01.2025 08:00;55,96
13.01.2025 08:15;57
13.01.2025 08:30;53,78
13.01.2025 08:45;47,76
13.01.2025 09:00;28,54
13.01.2025 09:15;30,1
13.01.2025 09:30;34,2
13.01.2025 09:45;40,68
13.01.2025 10:00;45,9
13.01.2025 10:15;50,04
13.01.2025 10:30;42,2
13.01.2025 10:45;35,18
13.01.2025 11:00;44,6
13.01.2025 11:15;31,82
13.01.2025 11:30;38,22
13.01.2025 11:45;24,5
13.01.2025 12:00;
13.01.2025 12:15;19,14
13.01.2025 12:30;27,98
13.01.2025 12:45;38,92
13.01.2025 13:00;26,68
13.01.2025 13:15;35,2
13.01.2025 13:30;39,58
13.01.2025 13:45;37,38
13.01.2025 14:00;35,34
13.01.2025 14:15;33,92
13.01.2025 14:30;26
13.01.2025 14:45;36,14
13.01.2025 15:00;46,22
13.01.2025 15:15;60,1
13.01.2025 15:30;68,68
13.01.2025 15:45;76,72
13.01.2025 16:00;88,44
13.01.2025 16:15;76,24
13.01.2025 16:30;62,82
13.01.2025 16:45;56,98
13.01.2025 17:00;39,72
13.01.2025 17:15;50,3
13.01.2025 17:30;56,84
13.01.2025 17:45;45,12
13.01.2025 18:00;45,14
13.01.2025 18:15;53,14
13.01.2025 18:30;60,66
13.01.2025 18:45;75,16
13.01.2025 19:00;77,28
13.01.2025 19:15;75,12
13.01.2025 19:30;70,12
13.01.2025 19:45;49,48
13.01.2025 20:00;33,26
13.01.2025 20:15;34,2
13.01.2025 20:30;28,8
13.01.2025 20:45;27,8
13.01.2025 21:00;28,56
13.01.2025 21:15;27,22
13.01.2025 21:30;29,32
13.01.2025 21:45;30,52
13.01.2025 22:00;30,42
13.01.2025 22:15;22,32
13.01.2025 22:30;11,08
13.01.2025 22:45;11,28
13.01.2025 23:00;9,84
13.01.2025 23:15;8,42
13.01.2025 23:30;7,7
13.01.2025 23:45;7,4
14.01.2025 00:00;7,32
14.01.2025 00:15;6,08
14.01.2025 00:30;5,5
14.01.2025 00:45;5,98
14.01.2025 01:00;5,96
14.01.2025 01:15;6,06
14.01.2025 01:30;5,46
14.01.2025 01:45;5,94
14.01.2025 02:00;5,9
14.01.2025 02:15;5,82
14.01.2025 02:30;9,34
14.01.2025 02:45;5,26
14.01.2025 03:00;5,7
14.01.2025 03:15;5,56
14.01.2025 03:30;5,4
14.01.2025 03:45;5,06
14.01.2025 04:00;7,26
14.01.2025 04:15;7,86
14.01.2025 04:30;6,62
14.01.2025 04:45;7,28
14.01.2025 05:00;10,54
14.01.2025 05:15;13,96
14.01.2025 05:30;27,3
14.01.2025 05:45;35
14.01.2025 06:00;39,5
14.01.2025 06:15;40,56
14.01.2025 06:30;35,86
14.01.2025 06:45;36,38
14.01.2025 07:00;35,88
14.01.2025 07:15;30,88
14.01.2025 07:30;33,18
14.01.2025 07:45;36,64
14.01.2025 08:00;37,72
14.01.2025 08:15;43,38
14.01.2025 08:30;38,88
14.01.2025 08:45;33,42
14.01.2025 09:00;12,28
14.01.2025 09:15;11,74
14.01.2025 09:30;17,66
14.01.2025 09:45;17,54
14.01.2025 10:00;28,38
14.01.2025 10:15;32,36
14.01.2025 10:30;39,68
14.01.2025 10:45;37,74
14.01.2025 11:00;30,16
14.01.2025 11:15;23,64
14.01.2025 11:30;38,54
14.01.2025 11:45;23,58
14.01.2025 12:00;5,76
14.01.2025 12:15;17,24
14.01.2025 12:30;31,78
14.01.2025 12:45;35,98
14.01.2025 13:00;41,7
14.01.2025 13:15;39,98
14.01.2025 13:30;41,16
14.01.2025 13:45;41,04
14.01.2025 14:00;40
14.01.2025 14:15;45,42
14.01.2025 14:30;60,64
14.01.2025 14:45;64,84
14.01.2025 15:00;66,16
14.01.2025 15:15;67,64
14.01.2025 15:30;73,76
14.01.2025 15:45;75,3
14.01.2025 16:00;80,18
14.01.2025 16:15;77,62
14.01.2025 16:30;85,44
14.01.2025 16:45;83,84
14.01.2025 17:00;68,08
14.01.2025 17:15;66,96
14.01.2025 17:30;82,94
14.01.2025 17:45;79,34
14.01.2025 18:00;92,22
14.01.2025 18:15;85,92
14.01.2025 18:30;85,18
14.01.2025 18:45;77,06
14.01.2025 19:00;78,52
14.01.2025 19:15;74,28
14.01.2025 19:30;79,96
14.01.2025 19:45;88,7
14.01.2025 20:00;69,68
14.01.2025 20:15;76,54
14.01.2025 20:30;87,42
14.01.2025 20:45;87,56
14.01.2025 21:00;81,52
14.01.2025 21:15;77,36
14.01.2025 21:30;78,6
14.01.2025 21:45;75,68
14.01.2025 22:00;75,68
14.01.2025 22:15;60,68
14.01.2025 22:30;44,14
14.01.2025 22:45;25,34
14.01.2025 23:00;22,9
14.01.2025 23:15;19,9
14.01.2025 23:30;27,08
14.01.2025 23:45;19,84
15.01.2025 00:00;21,16
15.01.2025 00:15;23,32
15.01.2025 00:30;21,04
15.01.2025 00:45;18,14
15.01.2025 01:00;24,44
15.01.2025 01:15;14,08
15.01.2025 01:30;8,74
15.01.2025 01:45;8,34
15.01.2025 02:00;8,28
15.01.2025 02:15;7,66
15.01.2025 02:30;7,2
15.01.2025 02:45;7,5
15.01.2025 03:00;8,9
15.01.2025 03:15;6,88
15.01.2025 03:30;7,16
15.01.2025 03:45;6,38
15.01.2025 04:00;5,9
15.01.2025 04:15;6,42
15.01.2025 04:30;6,88
15.01.2025 04:45;5,94
15.01.2025 05:00;11
15.01.2025 05:15;17,92
15.01.2025 05:30;45,9
15.01.2025 05:45;59,56
15.01.2025 06:00;67,06
15.01.2025 06:15;72
15.01.2025 06:30;72,74
15.01.2025 06:45;75,5
15.01.2025 07:00;81,28
15.01.2025 07:15;85,1
15.01.2025 07:30;84,72
15.01.2025 07:45;81,7
15.01.2025 08:00;84,5
15.01.2025 08:15;99,82
15.01.2025 08:30;97,68
15.01.2025 08:45;86,32
15.01.2025 09:00;70,12
15.01.2025 09:15;78,22
15.01.2025 09:30;84,02
15.01.2025 09:45;64,26
15.01.2025 10:00;70,68
15.01.2025 10:15;76,44
15.01.2025 10:30;71
15.01.2025 10:45;65,36
15.01.2025 11:00;70,6
15.01.2025 11:15;60,72
15.01.2025 11:30;54,24
15.01.2025 11:45;45,6
15.01.2025 12:00;29,24
15.01.2025 12:15;44,48
15.01.2025 12:30;58,12
15.01.2025 12:45;71,4
15.01.2025 13:00;64,42
15.01.2025 13:15;62,12
15.01.2025 13:30;72,56
15.01.2025 13:45;73,68
15.01.2025 14:00;75,52
15.01.2025 14:15;81
15.01.2025 14:30;72,74
15.01.2025 14:45;74,06
15.01.2025 15:00;82,62
15.01.2025 15:15;92,28
15.01.2025 15:30;110,76
15.01.2025 15:45;97,12
15.01.2025 16:00;94,24
15.01.2025 16:15;98,04
15.01.2025 16:30;93,36
15.01.2025 16:45;77,7
15.01.2025 17:00;64,82
15.01.2025 17:15;68,54
15.01.2025 17:30;93,88
15.01.2025 17:45;90,58
15.01.2025 18:00;84,76
15.01.2025 18:15;99,32
15.01.2025 18:30;89,88
15.01.2025 18:45;86
15.01.2025 19:00;88,78
15.01.2025 19:15;91,94
15.01.2025 19:30;90,44
15.01.2025 19:45;86,82
15.01.2025 20:00;67,94
15.01.2025 20:15;79,62
15.01.2025 20:30;84,64
15.01.2025 20:45;80,94
15.01.2025 21:00;72,08
15.01.2025 21:15;78,92
15.01.2025 21:30;79,64
15.01.2025 21:45;72,62
15.01.2025 22:00;64,1
15.01.2025 22:15;48,12
15.01.2025 22:30;25,82
15.01.2025 22:45;14,2
15.01.2025 23:00;12,78
15.01.2025 23:15;12,86
15.01.2025 23:30;12,9
15.01.2025 23:45;14,1
16.01.2025 00:00;12
16.01.2025 00:15;12,48
16.01.2025 00:30;11,74
16.01.2025 00:45;11,5
16.01.2025 01:00;12,24
16.01.2025 01:15;12,26
16.01.2025 01:30;13,1
16.01.2025 01:45;11,48
16.01.2025 02:00;11,38
16.01.2025 02:15;10,84
16.01.2025 02:30;10,68
16.01.2025 02:45;11,28
16.01.2025 03:00;10,38
16.01.2025 03:15;12,98
16.01.2025 03:30;10,7
16.01.2025 03:45;10,36
16.01.2025 04:00;10,06
16.01.2025 04:15;9,8
16.01.2025 04:30;9,52
16.01.2025 04:45;9,2
16.01.2025 05:00;13,16
16.01.2025 05:15;19,66
16.01.2025 05:30;30,24
16.01.2025 05:45;53,18
16.01.2025 06:00;65,54
16.01.2025 06:15;73,82
16.01.2025 06:30;81,04
16.01.2025 06:45;79,92
16.01.2025 07:00;80,7
16.01.2025 07:15;80,22
16.01.2025 07:30;79,68
16.01.2025 07:45;89,78
16.01.2025 08:00;85,28
16.01.2025 08:15;89,4
16.01.2025 08:30;79,76
16.01.2025 08:45;86,38
16.01.2025 09:00;68,08
16.01.2025 09:15;81,38
16.01.2025 09:30;89,2
16.01.2025 09:45;79
16.01.2025 10:00;64,24
16.01.2025 10:15;80,88
16.01.2025 10:30;82,28
16.01.2025 10:45;76,48
16.01.2025 11:00;60,72
16.01.2025 11:15;67,2
16.01.2025 11:30;72,04
16.01.2025 11:45;63,7
16.01.2025 12:00;44,12
16.01.2025 12:15;48,5
16.01.2025 12:30;65,24
16.01.2025 12:45;65,06
16.01.2025 13:00;74
16.01.2025 13:15;75,28
16.01.2025 13:30;80,56
16.01.2025 13:45;75,52
16.01.2025 14:00;80,68
16.01.2025 14:15;82,74
16.01.2025 14:30;82,2
16.01.2025 14:45;94,9
16.01.2025 15:00;93,74
16.01.2025 15:15;87,72
16.01.2025 15:30;84,42
16.01.2025 15:45;102,74
16.01.2025 16:00;104,06
16.01.2025 16:15;94,1
16.01.2025 16:30;87,16
16.01.2025 16:45;78,56
16.01.2025 17:00;72,1
16.01.2025 17:15;71,44
16.01.2025 17:30;79,58
16.01.2025 17:45;81,08
16.01.2025 18:00;79,12
16.01.2025 18:15;71
16.01.2025 18:30;70,34
16.01.2025 18:45;79
16.01.2025 19:00;68,38
16.01.2025 19:15;71,76
16.01.2025 19:30;73,54
16.01.2025 19:45;64,64
16.01.2025 20:00;58,24
16.01.2025 20:15;62,82
16.01.2025 20:30;65,66
16.01.2025 20:45;64,16
16.01.2025 21:00;63,66
16.01.2025 21:15;65,8
16.01.2025 21:30;65,8
16.01.2025 21:45;58,48
16.01.2025 22:00;41,96
16.01.2025 22:15;35,78
16.01.2025 22:30;23,7
16.01.2025 22:45;22,34
16.01.2025 23:00;23,22
16.01.2025 23:15;21,12
16.01.2025 23:30;23,2
16.01.2025 23:45;21,42
17.01.2025 00:00;20,46
17.01.2025 00:15;23,56
17.01.2025 00:30;20,02
17.01.2025 00:45;20,2
17.01.2025 01:00;21,88
17.01.2025 01:15;19,28
17.01.2025 01:30;20,94
17.01.2025 01:45;20,42
17.01.2025 02:00;18,56
17.01.2025 02:15;22,4
17.01.2025 02:30;18,62
17.01.2025 02:45;19,72
17.01.2025 03:00;20,86
17.01.2025 03:15;16,46
17.01.2025 03:30;19,6
17.01.2025 03:45;17,32
17.01.2025 04:00;16,38
17.01.2025 04:15;20,02
17.01.2025 04:30;15,92
17.01.2025 04:45;17,38
17.01.2025 05:00;24,24
17.01.2025 05:15;21,96
17.01.2025 05:30;24,68
17.01.2025 05:45;29,64
17.01.2025 06:00;32,28
17.01.2025 06:15;27,62
17.01.2025 06:30;34,68
17.01.2025 06:45;32,64
17.01.2025 07:00;32,72
17.01.2025 07:15;33,58
17.01.2025 07:30;28,96
17.01.2025 07:45;34,22
17.01.2025 08:00;35,24
17.01.2025 08:15;36,32
17.01.2025 08:30;38,48
17.01.2025 08:45;34,46
17.01.2025 09:00;32,94
17.01.2025 09:15;32,36
17.01.2025 09:30;30,98
17.01.2025 09:45;27,96
17.01.2025 10:00;25,64
17.01.2025 10:15;26,8
17.01.2025 10:30;25,9
17.01.2025 10:45;27,52
17.01.2025 11:00;27,82
17.01.2025 11:15;23,24
17.01.2025 11:30;26,26
17.01.2025 11:45;26,18
17.01.2025 12:00;20,4
17.01.2025 12:15;27,32
17.01.2025 12:30;27,18
17.01.2025 12:45;24,48
17.01.2025 13:00;25,34
17.01.2025 13:15;26,72
17.01.2025 13:30;23,16
17.01.2025 13:45;25,54
17.01.2025 14:00;19,5
17.01.2025 14:15;22,38
17.01.2025 14:30;22,86
17.01.2025 14:45;20,1
17.01.2025 15:00;23,94
17.01.2025 15:15;22,66
17.01.2025 15:30;23,28
17.01.2025 15:45;26,3
17.01.2025 16:00;24,06
17.01.2025 16:15;25,04
17.01.2025 16:30;27,58
17.01.2025 16:45;25,7
17.01.2025 17:00;26,9
17.01.2025 17:15;25,52
17.01.2025 17:30;25,84
17.01.2025 17:45;29,02
17.01.2025 18:00;25,34
17.01.2025 18:15;26,1
17.01.2025 18:30;26,42
17.01.2025 18:45;23,4
17.01.2025 19:00;26,12
17.01.2025 19:15;24,12
17.01.2025 19:30;23,54
17.01.2025 19:45;27,06
17.01.2025 20:00;23,68
17.01.2025 20:15;23,14
17.01.2025 20:30;26,76
17.01.2025 20:45;24,9
17.01.2025 21:00;24,7
17.01.2025 21:15;27,52
17.01.2025 21:30;25,74
17.01.2025 21:45;24,9
17.01.2025 22:00;25,28
17.01.2025 22:15;21,46
17.01.2025 22:30;18,5
17.01.2025 22:45;16,32
17.01.2025 23:00;17
17.01.2025 23:15;18,84
17.01.2025 23:30;15,82
17.01.2025 23:45;17,62
18.01.2025 00:00;17,26
18.01.2025 00:15;16,44
18.01.2025 00:30;18,74
18.01.2025 00:45;16,26
18.01.2025 01:00;16,64
18.01.2025 01:15;18,78
18.01.2025 01:30;16,32
18.01.2025 01:45;17,74
18.01.2025 02:00;17,28
18.01.2025 02:15;15,98
18.01.2025 02:30;17,8
18.01.2025 02:45;7,62
18.01.2025 03:00;3,98
18.01.2025 03:15;3,56
18.01.2025 03:30;4,14
18.01.2025 03:45;3,46
18.01.2025 04:00;4,26
18.01.2025 04:15;3,36
18.01.2025 04:30;3,66
18.01.2025 04:45;4,1
18.01.2025 05:00;3,52
18.01.2025 05:15;4,48
18.01.2025 05:30;3,52
18.01.2025 05:45;3,7
18.01.2025 06:00;5,9
18.01.2025 06:15;3,86
18.01.2025 06:30;4,42
18.01.2025 06:45;3,7
18.01.2025 07:00;3,9
18.01.2025 07:15;4,28
18.01.2025 07:30;3,56
18.01.2025 07:45;4,36
18.01.2025 08:00;3,26
18.01.2025 08:15;2,76
18.01.2025 08:30;3,04
18.01.2025 08:45;1,54
18.01.2025 09:00;2,18
18.01.2025 09:15;0,2
18.01.2025 09:30;0,02
18.01.2025 09:45;0,44
18.01.2025 10:00;0
18.01.2025 10:15;0
18.01.2025 10:30;0
18.01.2025 10:45;0
18.01.2025 11:00;0
18.01.2025 11:15;0
18.01.2025 11:30;0
18.01.2025 11:45;0
18.01.2025 12:00;0
18.01.2025 12:15;0
18.01.2025 12:30;0
18.01.2025 12:45;0
18.01.2025 13:00;0
18.01.2025 13:15;0
18.01.2025 13:30;0
18.01.2025 13:45;0
18.01.2025 14:00;0
18.01.2025 14:15;0
18.01.2025 14:30;0
18.01.2025 14:45;0
18.01.2025 15:00;0
18.01.2025 15:15;0
18.01.2025 15:30;0
18.01.2025 15:45;0,58
18.01.2025 16:00;0,74
18.01.2025 16:15;1,88
18.01.2025 16:30;3,64
18.01.2025 16:45;3,16
18.01.2025 17:00;3,88
18.01.2025 17:15;4,24
18.01.2025 17:30;3,84
18.01.2025 17:45;4,8
18.01.2025 18:00;3,78
18.01.2025 18:15;4,36
18.01.2025 18:30;4,32
18.01.2025 18:45;5,52
18.01.2025 19:00;6,54
18.01.2025 19:15;4,12
18.01.2025 19:30;6,46
18.01.2025 19:45;4,24
18.01.2025 20:00;3,98
18.01.2025 20:15;4,64
18.01.2025 20:30;4,18
18.01.2025 20:45;4,38
18.01.2025 21:00;4,74
18.01.2025 21:15;4,08
18.01.2025 21:30;5,02
18.01.2025 21:45;4,08
18.01.2025 22:00;4,12
18.01.2025 22:15;4,36
18.01.2025 22:30;3,9
18.01.2025 22:45;4,7
18.01.2025 23:00;5,9
18.01.2025 23:15;4,04
18.01.2025 23:30;4,62
18.01.2025 23:45;3,94
19.01.2025 00:00;4,72
19.01.2025 00:15;3,94
19.01.2025 00:30;3,92
19.01.2025 00:45;4,76
19.01.2025 01:00;3,84
19.01.2025 01:15;4,8
19.01.2025 01:30;3,96
19.01.2025 01:45;3,82
19.01.2025 02:00;4,9
19.01.2025 02:15;4,92
19.01.2025 02:30;6,48
19.01.2025 02:45;3,96
19.01.2025 03:00;3,76
19.01.2025 03:15;4,8
19.01.2025 03:30;3,92
19.01.2025 03:45;4,72
19.01.2025 04:00;3,96
19.01.2025 04:15;3,92
19.01.2025 04:30;4,76
19.01.2025 04:45;4,04
19.01.2025 05:00;4,8
19.01.2025 05:15;3,88
19.01.2025 05:30;3,96
19.01.2025 05:45;4,84
19.01.2025 06:00;3,84
19.01.2025 06:15;4,86
19.01.2025 06:30;4,06
19.01.2025 06:45;3,92
19.01.2025 07:00;6,12
19.01.2025 07:15;4,52
19.01.2025 07:30;4,76
19.01.2025 07:45;3,74
19.01.2025 08:00;4,04
19.01.2025 08:15;3,02
19.01.2025 08:30;1,38
19.01.2025 08:45;1,06
19.01.2025 09:00;0
19.01.2025 09:15;0
19.01.2025 09:30;0
19.01.2025 09:45;0
19.01.2025 10:00;0
19.01.2025 10:15;0
19.01.2025 10:30;0
19.01.2025 10:45;0
19.01.2025 11:00;0
19.01.2025 11:15;0
19.01.2025 11:30;0
19.01.2025 11:45;0
19.01.2025 12:00;0
19.01.2025 12:15;0
19.01.2025 12:30;0
19.01.2025 12:45;0
19.01.2025 13:00;0
19.01.2025 13:15;0
19.01.2025 13:30;0
19.01.2025 13:45;0
19.01.2025 14:00;0
19.01.2025 14:15;0
19.01.2025 14:30;0
19.01.2025 14:45;0
19.01.2025 15:00;0
19.01.2025 15:15;0
19.01.2025 15:30;0
19.01.2025 15:45;0,38
19.01.2025 16:00;0,76
19.01.2025 16:15;2,94
19.01.2025 16:30;3,04
19.01.2025 16:45;5,48
19.01.2025 17:00;4,6
19.01.2025 17:15;4,12
19.01.2025 17:30;5,08
19.01.2025 17:45;4,18
19.01.2025 18:00;4,08
19.01.2025 18:15;5,08
19.01.2025 18:30;4,08
19.01.2025 18:45;5,06
19.01.2025 19:00;4,2
19.01.2025 19:15;5,26
19.01.2025 19:30;6,94
19.01.2025 19:45;5,34
19.01.2025 20:00;7,2
19.01.2025 20:15;4,42
19.01.2025 20:30;4,48
19.01.2025 20:45;5,26
19.01.2025 21:00;4,36
19.01.2025 21:15;5,34
19.01.2025 21:30;4,36
19.01.2025 21:45;4,48
19.01.2025 22:00;5,04
19.01.2025 22:15;4,02
19.01.2025 22:30;4,86
19.01.2025 22:45;4,12
19.01.2025 23:00;3,96
19.01.2025 23:15;5,24
19.01.2025 23:30;5,7
19.01.2025 23:45;4,92
20.01.2025 00:00;3,9
20.01.2025 00:15;4,1
20.01.2025 00:30;4,94
20.01.2025 00:45;3,94
20.01.2025 01:00;4,88
20.01.2025 01:15;4,1
20.01.2025 01:30;4,08
20.01.2025 01:45;4,86
20.01.2025 02:00;4,04
20.01.2025 02:15;4,92
20.01.2025 02:30;4,08
20.01.2025 02:45;4,02
20.01.2025 03:00;6,9
20.01.2025 03:15;4,12
20.01.2025 03:30;4,94
20.01.2025 03:45;3,96
20.01.2025 04:00;4,06
20.01.2025 04:15;4,96
20.01.2025 04:30;4,14
20.01.2025 04:45;4,86
20.01.2025 05:00;6,06
20.01.2025 05:15;16,26
20.01.2025 05:30;34,9
20.01.2025 05:45;31,6
20.01.2025 06:00;35,36
20.01.2025 06:15;31,36
20.01.2025 06:30;34,86
20.01.2025 06:45;46,84
20.01.2025 07:00;41,5
20.01.2025 07:15;38,32
20.01.2025 07:30;41,82
20.01.2025 07:45;46,74
20.01.2025 08:00;52,14
20.01.2025 08:15;65,44
20.01.2025 08:30;77,66
20.01.2025 08:45;70,92
20.01.2025 09:00;61,04
20.01.2025 09:15;56,42
20.01.2025 09:30;83,18
20.01.2025 09:45;77,46
20.01.2025 10:00;78,2
20.01.2025 10:15;64,24
20.01.2025 10:30;56,2
20.01.2025 10:45;52,1
20.01.2025 11:00;61,26
20.01.2025 11:15;68,02
20.01.2025 11:30;69,18
20.01.2025 11:45;58
20.01.2025 12:00;47,42
20.01.2025 12:15;38,42
20.01.2025 12:30;50,04
20.01.2025 12:45;50,54
20.01.2025 13:00;53
20.01.2025 13:15;43,78
20.01.2025 13:30;63,52
20.01.2025 13:45;74,4
20.01.2025 14:00;60,46
20.01.2025 14:15;68,46
20.01.2025 14:30;70,4
20.01.2025 14:45;73,46
20.01.2025 15:00;71,02
20.01.2025 15:15;85,5
20.01.2025 15:30;91,1
20.01.2025 15:45;90,5
20.01.2025 16:00;97,4
20.01.2025 16:15;100,02
20.01.2025 16:30;91,34
20.01.2025 16:45;84,32
20.01.2025 17:00;68,56
20.01.2025 17:15;89,72
20.01.2025 17:30;93,6
20.01.2025 17:45;94,02
20.01.2025 18:00;96,66
20.01.2025 18:15;100,3
20.01.2025 18:30;100,26
20.01.2025 18:45;96,32
20.01.2025 19:00;99,2
20.01.2025 19:15;99,82
20.01.2025 19:30;102,56
20.01.2025 19:45;95,3
20.01.2025 20:00;72,74
20.01.2025 20:15;69,98
20.01.2025 20:30;96,46
20.01.2025 20:45;95,94
20.01.2025 21:00;111,94
20.01.2025 21:15;99,56
20.01.2025 21:30;101,82
20.01.2025 21:45;100,6
20.01.2025 22:00;98,48
20.01.2025 22:15;80,44
20.01.2025 22:30;54,84
20.01.2025 22:45;47,2
20.01.2025 23:00;33,34
20.01.2025 23:15;32,46
20.01.2025 23:30;25,44
20.01.2025 23:45;21,52
21.01.2025 00:00;25,38
21.01.2025 00:15;21,92
21.01.2025 00:30;20,36
21.01.2025 00:45;23,9
21.01.2025 01:00;21,24
21.01.2025 01:15;20,5
21.01.2025 01:30;23,06
21.01.2025 01:45;20,82
21.01.2025 02:00;18,08
21.01.2025 02:15;18,92
21.01.2025 02:30;17,04
21.01.2025 02:45;18,22
21.01.2025 03:00;18,26
21.01.2025 03:15;16,48
21.01.2025 03:30;19,04
21.01.2025 03:45;12,12
21.01.2025 04:00;10,74
21.01.2025 04:15;9,66
21.01.2025 04:30;9,92
21.01.2025 04:45;12,52
21.01.2025 05:00;15,14
21.01.2025 05:15;15,94
21.01.2025 05:30;38,6
21.01.2025 05:45;64,26
21.01.2025 06:00;67,36
21.01.2025 06:15;66,02
21.01.2025 06:30;77,66
21.01.2025 06:45;82,78
21.01.2025 07:00;79,7
21.01.2025 07:15;98,48
21.01.2025 07:30;98,68
21.01.2025 07:45;100,34
21.01.2025 08:00;95,22
21.01.2025 08:15;84,84
21.01.2025 08:30;80,84
21.01.2025 08:45;71,98
21.01.2025 09:00;56,14
21.01.2025 09:15;58,72
21.01.2025 09:30;66,76
21.01.2025 09:45;73,52
21.01.2025 10:00;58,92
21.01.2025 10:15;77,82
21.01.2025 10:30;68,76
21.01.2025 10:45;67,44
21.01.2025 11:00;67,94
21.01.2025 11:15;63,5
21.01.2025 11:30;66,66
21.01.2025 11:45;54,68
21.01.2025 12:00;30,52
21.01.2025 12:15;54,58
21.01.2025 12:30;71
21.01.2025 12:45;67,8
21.01.2025 13:00;70,22
21.01.2025 13:15;66,1
21.01.2025 13:30;67,26
21.01.2025 13:45;68,22
21.01.2025 14:00;72,74
21.01.2025 14:15;74,34
21.01.2025 14:30;75,9
21.01.2025 14:45;79,26
21.01.2025 15:00;74,96
21.01.2025 15:15;74,98
21.01.2025 15:30;73,82
21.01.2025 15:45;85,54
21.01.2025 16:00;87,62
21.01.2025 16:15;93,78
21.01.2025 16:30;87,52
21.01.2025 16:45;76,62
21.01.2025 17:00;44,1
21.01.2025 17:15;73,44
21.01.2025 17:30;91,1
21.01.2025 17:45;90,64
21.01.2025 18:00;89,7
21.01.2025 18:15;79,4
21.01.2025 18:30;75,84
21.01.2025 18:45;94,22
21.01.2025 19:00;77,32
21.01.2025 19:15;90,24
21.01.2025 19:30;80,3
21.01.2025 19:45;80,8
21.01.2025 20:00;68,18
21.01.2025 20:15;79,78
21.01.2025 20:30;89,28
21.01.2025 20:45;90,84
21.01.2025 21:00;89,9
21.01.2025 21:15;74,54
21.01.2025 21:30;78,44
21.01.2025 21:45;74,5
21.01.2025 22:00;67,76
21.01.2025 22:15;60,08
21.01.2025 22:30;37,32
21.01.2025 22:45;29,34
21.01.2025 23:00;30,52
21.01.2025 23:15;27,72
21.01.2025 23:30;28,22
21.01.2025 23:45;29,82
22.01.2025 00:00;26,62
22.01.2025 00:15;26,04
22.01.2025 00:30;23,48
22.01.2025 00:45;20,44
22.01.2025 01:00;25,34
22.01.2025 01:15;21,32
22.01.2025 01:30;23,04
22.01.2025 01:45;22,5
22.01.2025 02:00;20,86
22.01.2025 02:15;24
22.01.2025 02:30;20,44
22.01.2025 02:45;20,1
22.01.2025 03:00;25
22.01.2025 03:15;19,54
22.01.2025 03:30;22,5
22.01.2025 03:45;22,6
22.01.2025 04:00;19,56
22.01.2025 04:15;23,68
22.01.2025 04:30;20,88
22.01.2025 04:45;20,48
22.01.2025 05:00;26,14
22.01.2025 05:15;26,68
22.01.2025 05:30;46,88
22.01.2025 05:45;79,34
22.01.2025 06:00;79,62
22.01.2025 06:15;76,1
22.01.2025 06:30;67,2
22.01.2025 06:45;82,28
22.01.2025 07:00;90,88
22.01.2025 07:15;85,98
22.01.2025 07:30;77,24
22.01.2025 07:45;81,18
22.01.2025 08:00;81,98
22.01.2025 08:15;83,34
22.01.2025 08:30;77,84
22.01.2025 08:45;67,68
22.01.2025 09:00;55,62
22.01.2025 09:15;59,22
22.01.2025 09:30;76,28
22.01.2025 09:45;72,18
22.01.2025 10:00;67,54
22.01.2025 10:15;70,8
22.01.2025 10:30;65,94
22.01.2025 10:45;71,76
22.01.2025 11:00;69,52
22.01.2025 11:15;68,38
22.01.2025 11:30;60,98
22.01.2025 11:45;64,78
22.01.2025 12:00;46,76
22.01.2025 12:15;56,1
22.01.2025 12:30;60,54
22.01.2025 12:45;58,2
22.01.2025 13:00;56,68
22.01.2025 13:15;75,1
22.01.2025 13:30;69,76
22.01.2025 13:45;63,72
22.01.2025 14:00;69,3
22.01.2025 14:15;74,18
22.01.2025 14:30;70,58
22.01.2025 14:45;76,6
22.01.2025 15:00;73,68
22.01.2025 15:15;73,14
22.01.2025 15:30;77,52
22.01.2025 15:45;81,52
22.01.2025 16:00;89,1
22.01.2025 16:15;83,48
22.01.2025 16:30;87,2
22.01.2025 16:45;76,48
22.01.2025 17:00;54,18
22.01.2025 17:15;70,76
22.01.2025 17:30;83,38
22.01.2025 17:45;80,2
22.01.2025 18:00;79,86
22.01.2025 18:15;79,82
22.01.2025 18:30;82,72
22.01.2025 18:45;76,94
22.01.2025 19:00;79,32
22.01.2025 19:15;81,3
22.01.2025 19:30;81,84
22.01.2025 19:45;76,18
22.01.2025 20:00;41,82
22.01.2025 20:15;65,56
22.01.2025 20:30;85,26
22.01.2025 20:45;96,04
22.01.2025 21:00;86,28
22.01.2025 21:15;80,58
22.01.2025 21:30;83,04
22.01.2025 21:45;75,44
22.01.2025 22:00;78,38
22.01.2025 22:15;68,92
22.01.2025 22:30;53,12
22.01.2025 22:45;30,84
22.01.2025 23:00;30,06
22.01.2025 23:15;25,76
22.01.2025 23:30;27,34
22.01.2025 23:45;29,66
23.01.2025 00:00;25,16
23.01.2025 00:15;25,76
23.01.2025 00:30;30,54
23.01.2025 00:45;24,28
23.01.2025 01:00;27,88
23.01.2025 01:15;28,4
23.01.2025 01:30;23,62
23.01.2025 01:45;28,48
23.01.2025 02:00;17
23.01.2025 02:15;12,76
23.01.2025 02:30;11,84
23.01.2025 02:45;11,68
23.01.2025 03:00;11,56
23.01.2025 03:15;10,98
23.01.2025 03:30;11,66
23.01.2025 03:45;9,24
23.01.2025 04:00;9,44
23.01.2025 04:15;9,2
23.01.2025 04:30;9,2
23.01.2025 04:45;8,92
23.01.2025 05:00;9,22
23.01.2025 05:15;12,24
23.01.2025 05:30;25,74
23.01.2025 05:45;68,82
23.01.2025 06:00;74,4
23.01.2025 06:15;77,64
23.01.2025 06:30;79,14
23.01.2025 06:45;79
23.01.2025 07:00;85,82
23.01.2025 07:15;77,66
23.01.2025 07:30;82,68
23.01.2025 07:45;82,06
23.01.2025 08:00;68,96
23.01.2025 08:15;78,58
23.01.2025 08:30;74,14
23.01.2025 08:45;75,64
23.01.2025 09:00;60,6
23.01.2025 09:15;72,34
23.01.2025 09:30;76,56
23.01.2025 09:45;77,18
23.01.2025 10:00;86,06
23.01.2025 10:15;81,56
23.01.2025 10:30;81,1
23.01.2025 10:45;84,72
23.01.2025 11:00;77,86
23.01.2025 11:15;75,66
23.01.2025 11:30;79,18
23.01.2025 11:45;82,42
23.01.2025 12:00;72,82
23.01.2025 12:15;60,1
23.01.2025 12:30;62,52
23.01.2025 12:45;62,98
23.01.2025 13:00;74,04
23.01.2025 13:15;81,06
23.01.2025 13:30;71,26
23.01.2025 13:45;69,9
23.01.2025 14:00;59,78
23.01.2025 14:15;67,26
23.01.2025 14:30;74,28
23.01.2025 14:45;78,02
23.01.2025 15:00;77,1
23.01.2025 15:15;75,82
23.01.2025 15:30;75,58
23.01.2025 15:45;75,78
23.01.2025 16:00;82,74
23.01.2025 16:15;77,84
23.01.2025 16:30;79,08
23.01.2025 16:45;75,92
23.01.2025 17:00;48,8
23.01.2025 17:15;63,1
23.01.2025 17:30;76
23.01.2025 17:45;80,78
23.01.2025 18:00;72,02
23.01.2025 18:15;78,28
23.01.2025 18:30;75,18
23.01.2025 18:45;74,4
23.01.2025 19:00;79,42
23.01.2025 19:15;79,8
23.01.2025 19:30;77,54
23.01.2025 19:45;71,14
23.01.2025 20:00;64,88
23.01.2025 20:15;67,18
23.01.2025 20:30;80,52
23.01.2025 20:45;66,58
23.01.2025 21:00;74,64
23.01.2025 21:15;62,74
23.01.2025 21:30;63,12
23.01.2025 21:45;65,14
23.01.2025 22:00;60,28
23.01.2025 22:15;59,62
23.01.2025 22:30;55,18
23.01.2025 22:45;32,18
23.01.2025 23:00;15,88
23.01.2025 23:15;10,92
23.01.2025 23:30;8,22
23.01.2025 23:45;8,08
24.01.2025 00:00;8,58
24.01.2025 00:15;8,06
24.01.2025 00:30;8,02
24.01.2025 00:45;7,98
24.01.2025 01:00;8,26
24.01.2025 01:15;7,82
24.01.2025 01:30;7,86
24.01.2025 01:45;8,66
24.01.2025 02:00;10,26
24.01.2025 02:15;7,5
24.01.2025 02:30;7,5
24.01.2025 02:45;7,54
24.01.2025 03:00;7,2
24.01.2025 03:15;7,14
24.01.2025 03:30;6,62
24.01.2025 03:45;7
24.01.2025 04:00;6,8
24.01.2025 04:15;10,06
24.01.2025 04:30;6,9
24.01.2025 04:45;6,78
24.01.2025 05:00;8,08
24.01.2025 05:15;9,64
24.01.2025 05:30;23,32
24.01.2025 05:45;39,18
24.01.2025 06:00;44,96
24.01.2025 06:15;47
24.01.2025 06:30;58,86
24.01.2025 06:45;63,86
24.01.2025 07:00;63,1
24.01.2025 07:15;60,78
24.01.2025 07:30;63,12
24.01.2025 07:45;61,4
24.01.2025 08:00;55
24.01.2025 08:15;50,02
24.01.2025 08:30;37,66
24.01.2025 08:45;28,46
24.01.2025 09:00;28,78
24.01.2025 09:15;34,02
24.01.2025 09:30;31,48
24.01.2025 09:45;25,48
24.01.2025 10:00;30,94
24.01.2025 10:15;37,18
24.01.2025 10:30;34,56
24.01.2025 10:45;32,52
24.01.2025 11:00;24,9
24.01.2025 11:15;34
24.01.2025 11:30;31,72
24.01.2025 11:45;29,46
24.01.2025 12:00;27,64
24.01.2025 12:15;29,38
24.01.2025 12:30;29,78
24.01.2025 12:45;32,76
24.01.2025 13:00;16,48
24.01.2025 13:15;18,5
24.01.2025 13:30;10,7
24.01.2025 13:45;11,12
24.01.2025 14:00;14,06
24.01.2025 14:15;28,18
24.01.2025 14:30;34,38
24.01.2025 14:45;43,1
24.01.2025 15:00;40,94
24.01.2025 15:15;45,24
24.01.2025 15:30;40,86
24.01.2025 15:45;54,16
24.01.2025 16:00;59,94
24.01.2025 16:15;68,74
24.01.2025 16:30;75,84
24.01.2025 16:45;71,32
24.01.2025 17:00;68,14
24.01.2025 17:15;72,76
24.01.2025 17:30;74,96
24.01.2025 17:45;71,26
24.01.2025 18:00;72,98
24.01.2025 18:15;69,74
24.01.2025 18:30;75,12
24.01.2025 18:45;73,14
24.01.2025 19:00;59,78
24.01.2025 19:15;54,62
24.01.2025 19:30;67,3
24.01.2025 19:45;60,26
24.01.2025 20:00;54,5
24.01.2025 20:15;48,16
24.01.2025 20:30;38,18
24.01.2025 20:45;50,66
24.01.2025 21:00;47,36
24.01.2025 21:15;42,4
24.01.2025 21:30;27,4
24.01.2025 21:45;30,4
24.01.2025 22:00;30,94
24.01.2025 22:15;24,58
24.01.2025 22:30;22,42
24.01.2025 22:45;24,14
24.01.2025 23:00;19,54
24.01.2025 23:15;22,82
24.01.2025 23:30;19,96
24.01.2025 23:45;20,58
25.01.2025 00:00;23,58
25.01.2025 00:15;18,16
25.01.2025 00:30;22,16
25.01.2025 00:45;20,92
25.01.2025 01:00;18,16
25.01.2025 01:15;23,2
25.01.2025 01:30;19,76
25.01.2025 01:45;19,52
25.01.2025 02:00;22,22
25.01.2025 02:15;18,28
25.01.2025 02:30;22,9
25.01.2025 02:45;20,14
25.01.2025 03:00;16,96
25.01.2025 03:15;21,68
25.01.2025 03:30;16,9
25.01.2025 03:45;18,36
25.01.2025 04:00;20,78
25.01.2025 04:15;10,22
25.01.2025 04:30;6,02
25.01.2025 04:45;6,68
25.01.2025 05:00;4,08
25.01.2025 05:15;4,92
25.01.2025 05:30;5,1
25.01.2025 05:45;5,4
25.01.2025 06:00;7,46
25.01.2025 06:15;7,28
25.01.2025 06:30;6,98
25.01.2025 06:45;7,76
25.01.2025 07:00;9,1
25.01.2025 07:15;7
25.01.2025 07:30;7,34
25.01.2025 07:45;6,04
25.01.2025 08:00;5,96
25.01.2025 08:15;5,68
25.01.2025 08:30;2,84
25.01.2025 08:45;3,66
25.01.2025 09:00;2,5
25.01.2025 09:15;2,26
25.01.2025 09:30;3,3
25.01.2025 09:45;0,62
25.01.2025 10:00;0
25.01.2025 10:15;0
25.01.2025 10:30;0
25.01.2025 10:45;0
25.01.2025 11:00;0
25.01.2025 11:15;0
25.01.2025 11:30;0
25.01.2025 11:45;0
25.01.2025 12:00;0
25.01.2025 12:15;0
25.01.2025 12:30;0
25.01.2025 12:45;0
25.01.2025 13:00;0
25.01.2025 13:15;0
25.01.2025 13:30;0,26
25.01.2025 13:45;0
25.01.2025 14:00;0
25.01.2025 14:15;0
25.01.2025 14:30;0
25.01.2025 14:45;0
25.01.2025 15:00;0
25.01.2025 15:15;0
25.01.2025 15:30;0
25.01.2025 15:45;0,7
25.01.2025 16:00;1,18
25.01.2025 16:15;3,08
25.01.2025 16:30;3,16
25.01.2025 16:45;4,44
25.01.2025 17:00;7,16
25.01.2025 17:15;5,04
25.01.2025 17:30;4,1
25.01.2025 17:45;4,88
25.01.2025 18:00;4,06
25.01.2025 18:15;4,8
25.01.2025 18:30;3,94
25.01.2025 18:45;5,02
25.01.2025 19:00;3,9
25.01.2025 19:15;5
25.01.2025 19:30;3,92
25.01.2025 19:45;4,92
25.01.2025 20:00;4,82
25.01.2025 20:15;7,66
25.01.2025 20:30;3,86
25.01.2025 20:45;4,6
25.01.2025 21:00;3,72
25.01.2025 21:15;4,58
25.01.2025 21:30;3,7
25.01.2025 21:45;4,58
25.01.2025 22:00;3,32
25.01.2025 22:15;4,24
25.01.2025 22:30;3,26
25.01.2025 22:45;4,28
25.01.2025 23:00;3,18
25.01.2025 23:15;4,24
25.01.2025 23:30;6,26
25.01.2025 23:45;5,1
26.01.2025 00:00;3,48
26.01.2025 00:15;4,18
26.01.2025 00:30;3,66
26.01.2025 00:45;3,98
26.01.2025 01:00;3,92
26.01.2025 01:15;3,96
26.01.2025 01:30;5,08
26.01.2025 01:45;3,38
26.01.2025 02:00;4,3
26.01.2025 02:15;3,3
26.01.2025 02:30;4,32
26.01.2025 02:45;3,38
26.01.2025 03:00;5,16
26.01.2025 03:15;7,84
26.01.2025 03:30;5,5
26.01.2025 03:45;3,38
26.01.2025 04:00;4,46
26.01.2025 04:15;3,44
26.01.2025 04:30;4,12
26.01.2025 04:45;3,44
26.01.2025 05:00;4,14
26.01.2025 05:15;3,52
26.01.2025 05:30;4,32
26.01.2025 05:45;3,26
26.01.2025 06:00;4,42
26.01.2025 06:15;3,24
26.01.2025 06:30;5,68
26.01.2025 06:45;5,92
26.01.2025 07:00;4,24
26.01.2025 07:15;3,46
26.01.2025 07:30;4,3
26.01.2025 07:45;3,26
26.01.2025 08:00;4,08
26.01.2025 08:15;2,12
26.01.2025 08:30;2,68
26.01.2025 08:45;2,12
26.01.2025 09:00;1,62
26.01.2025 09:15;0,06
26.01.2025 09:30;0,04
26.01.2025 09:45;0
26.01.2025 10:00;0
26.01.2025 10:15;0
26.01.2025 10:30;0
26.01.2025 10:45;0
26.01.2025 11:00;0
26.01.2025 11:15;0
26.01.2025 11:30;0
26.01.2025 11:45;0
26.01.2025 12:00;0
26.01.2025 12:15;0
26.01.2025 12:30;0
26.01.2025 12:45;0
26.01.2025 13:00;0
26.01.2025 13:15;0
26.01.2025 13:30;0
26.01.2025 13:45;0
26.01.2025 14:00;0
26.01.2025 14:15;0
26.01.2025 14:30;0
26.01.2025 14:45;0
26.01.2025 15:00;0
26.01.2025 15:15;0,3
26.01.2025 15:30;0
26.01.2025 15:45;0,44
26.01.2025 16:00;0
26.01.2025 16:15;1,24
26.01.2025 16:30;2,24
26.01.2025 16:45;3,96
26.01.2025 17:00;3,08
26.01.2025 17:15;4,38
26.01.2025 17:30;6,8
26.01.2025 17:45;4,56
26.01.2025 18:00;4
26.01.2025 18:15;4,34
26.01.2025 18:30;4,2
26.01.2025 18:45;4,26
26.01.2025 19:00;4,34
26.01.2025 19:15;4,1
26.01.2025 19:30;4,6
26.01.2025 19:45;3,9
26.01.2025 20:00;4,94
26.01.2025 20:15;3,84
26.01.2025 20:30;4,74
26.01.2025 20:45;4,5
26.01.2025 21:00;7,7
26.01.2025 21:15;3,88
26.01.2025 21:30;4,78
26.01.2025 21:45;4,46
26.01.2025 22:00;5,16
26.01.2025 22:15;3,68
26.01.2025 22:30;4,38
26.01.2025 22:45;3,42
26.01.2025 23:00;4,38
26.01.2025 23:15;3,5
26.01.2025 23:30;4,26
26.01.2025 23:45;3,52
27.01.2025 00:00;4,44
27.01.2025 00:15;3,36
27.01.2025 00:30;4,54
27.01.2025 00:45;3,68
27.01.2025 01:00;999,99
27.01.2025 01:15;3,42
27.01.2025 01:30;4,48
27.01.2025 01:45;3,68
27.01.2025 02:00;4,2
27.01.2025 02:15;6,32
27.01.2025 02:30;4,34
27.01.2025 02:45;3,82
27.01.2025 03:00;3,96
27.01.2025 03:15;4,1
27.01.2025 03:30;3,96
27.01.2025 03:45;5,64
27.01.2025 04:00;5,18
27.01.2025 04:15;4,76
27.01.2025 04:30;3,42
27.01.2025 04:45;6,2
27.01.2025 05:00;8,7
27.01.2025 05:15;13,92
27.01.2025 05:30;48,38
27.01.2025 05:45;59,12
27.01.2025 06:00;55,76
27.01.2025 06:15;48,1
27.01.2025 06:30;66,62
27.01.2025 06:45;73,4
27.01.2025 07:00;67,58
27.01.2025 07:15;74,82
27.01.2025 07:30;79,14
27.01.2025 07:45;69,66
27.01.2025 08:00;68,12
27.01.2025 08:15;67,04
27.01.2025 08:30;65,22
27.01.2025 08:45;61,42
27.01.2025 09:00;35,18
27.01.2025 09:15;52,66
27.01.2025 09:30;62,58
27.01.2025 09:45;57,44
27.01.2025 10:00;62,92
27.01.2025 10:15;67,6
27.01.2025 10:30;67,3
27.01.2025 10:45;71,18
27.01.2025 11:00;82,94
27.01.2025 11:15;95,16
27.01.2025 11:30;71,84
27.01.2025 11:45;75,02
27.01.2025 12:00;46,62
27.01.2025 12:15;51,66
27.01.2025 12:30;73,12
27.01.2025 12:45;73,28
27.01.2025 13:00;72,48
27.01.2025 13:15;50,44
27.01.2025 13:30;58,26
27.01.2025 13:45;57,8
27.01.2025 14:00;58,04
27.01.2025 14:15;64,56
27.01.2025 14:30;80,62
27.01.2025 14:45;76,36
27.01.2025 15:00;82,96
27.01.2025 15:15;86,58
27.01.2025 15:30;100,58
27.01.2025 15:45;99,98
27.01.2025 16:00;109,42
27.01.2025 16:15;112
27.01.2025 16:30;108,12
27.01.2025 16:45;105,98
27.01.2025 17:00;72,84
27.01.2025 17:15;72,84
27.01.2025 17:30;93,96
27.01.2025 17:45;89,5
27.01.2025 18:00;104,84
27.01.2025 18:15;108,24
27.01.2025 18:30;110,16
27.01.2025 18:45;90,9
27.01.2025 19:00;90,3
27.01.2025 19:15;86,88
27.01.2025 19:30;89,22
27.01.2025 19:45;89,32
27.01.2025 20:00;85,66
27.01.2025 20:15;69,56
27.01.2025 20:30;100,4
27.01.2025 20:45;105,96
27.01.2025 21:00;108,26
27.01.2025 21:15;108,76
27.01.2025 21:30;93,18
27.01.2025 21:45;77,34
27.01.2025 22:00;83,84
27.01.2025 22:15;79,46
27.01.2025 22:30;44,54
27.01.2025 22:45;32,68
27.01.2025 23:00;29,16
27.01.2025 23:15;25,06
27.01.2025 23:30;30,2
27.01.2025 23:45;27,5
28.01.2025 00:00;25,64
28.01.2025 00:15;28,52
28.01.2025 00:30;20,6
28.01.2025 00:45;19,22
28.01.2025 01:00;21,86
28.01.2025 01:15;17,92
28.01.2025 01:30;17,06
28.01.2025 01:45;19,34
28.01.2025 02:00;17,64
28.01.2025 02:15;16,86
28.01.2025 02:30;17,9
28.01.2025 02:45;17,64
28.01.2025 03:00;14,44
28.01.2025 03:15;14,64
28.01.2025 03:30;18,62
28.01.2025 03:45;14,08
28.01.2025 04:00;14,92
28.01.2025 04:15;21,56
28.01.2025 04:30;20,42
28.01.2025 04:45;18,22
28.01.2025 05:00;19,06
28.01.2025 05:15;28,28
28.01.2025 05:30;56,6
28.01.2025 05:45;70,14
28.01.2025 06:00;65,9
28.01.2025 06:15;68,8
28.01.2025 06:30;68,78
28.01.2025 06:45;66,8
28.01.2025 07:00;63,98
28.01.2025 07:15;61,36
28.01.2025 07:30;70,8
28.01.2025 07:45;70,36
28.01.2025 08:00;65,36
28.01.2025 08:15;74,28
28.01.2025 08:30;71,28
28.01.2025 08:45;66,18
28.01.2025 09:00;41,28
28.01.2025 09:15;54,38
28.01.2025 09:30;69,76
28.01.2025 09:45;68,6
28.01.2025 10:00;69,42
28.01.2025 10:15;60,88
28.01.2025 10:30;54,88
28.01.2025 10:45;56,82
28.01.2025 11:00;53,82
28.01.2025 11:15;60,42
28.01.2025 11:30;64,2
28.01.2025 11:45;58,98
28.01.2025 12:00;42,42
28.01.2025 12:15;54,46
28.01.2025 12:30;77,28
28.01.2025 12:45;81,16
28.01.2025 13:00;79,88
28.01.2025 13:15;69,76
28.01.2025 13:30;69,8
28.01.2025 13:45;61,4
28.01.2025 14:00;67,96
28.01.2025 14:15;85,76
28.01.2025 14:30;75,38
28.01.2025 14:45;75,6
28.01.2025 15:00;76,62
28.01.2025 15:15;82,62
28.01.2025 15:30;80
28.01.2025 15:45;72,48
28.01.2025 16:00;76
28.01.2025 16:15;80,9
28.01.2025 16:30;79,28
28.01.2025 16:45;83,36
28.01.2025 17:00;71,92
28.01.2025 17:15;72,48
28.01.2025 17:30;78,08
28.01.2025 17:45;75,02
28.01.2025 18:00;71
28.01.2025 18:15;80,64
28.01.2025 18:30;77,28
28.01.2025 18:45;85,46
28.01.2025 19:00;78,82
28.01.2025 19:15;66,92
28.01.2025 19:30;56,32
28.01.2025 19:45;68,3
28.01.2025 20:00;66,42
28.01.2025 20:15;70,1
28.01.2025 20:30;69,28
28.01.2025 20:45;81,2
28.01.2025 21:00;76,96
28.01.2025 21:15;85
28.01.2025 21:30;80,16
28.01.2025 21:45;76,38
28.01.2025 22:00;85,32
28.01.2025 22:15;65,22
28.01.2025 22:30;28,04
28.01.2025 22:45;21,14
28.01.2025 23:00;15,28
28.01.2025 23:15;16,24
28.01.2025 23:30;14,58
28.01.2025 23:45;9,1
29.01.2025 00:00;9,44
29.01.2025 00:15;9,58
29.01.2025 00:30;8,74
29.01.2025 00:45;8,98
29.01.2025 01:00;9,24
29.01.2025 01:15;8,64
29.01.2025 01:30;8,88
29.01.2025 01:45;9,22
29.01.2025 02:00;9,74
29.01.2025 02:15;11,02
29.01.2025 02:30;9,28
29.01.2025 02:45;8,58
29.01.2025 03:00;8,18
29.01.2025 03:15;9,06
29.01.2025 03:30;8,32
29.01.2025 03:45;7,94
29.01.2025 04:00;8,46
29.01.2025 04:15;8,32
29.01.2025 04:30;7,4
29.01.2025 04:45;9,84
29.01.2025 05:00;13,9
29.01.2025 05:15;21,9
29.01.2025 05:30;61,9
29.01.2025 05:45;84,26
29.01.2025 06:00;81,54
29.01.2025 06:15;71,3
29.01.2025 06:30;70,24
29.01.2025 06:45;77
29.01.2025 07:00;78,56
29.01.2025 07:15;84,66
29.01.2025 07:30;81,4
29.01.2025 07:45;84,1
29.01.2025 08:00;83,32
29.01.2025 08:15;74,74
29.01.2025 08:30;75,92
29.01.2025 08:45;67,44
29.01.2025 09:00;42,74
29.01.2025 09:15;60,86
29.01.2025 09:30;65,34
29.01.2025 09:45;69,22
29.01.2025 10:00;67,6
29.01.2025 10:15;70,02
29.01.2025 10:30;68,74
29.01.2025 10:45;54,36
29.01.2025 11:00;57,46
29.01.2025 11:15;50,64
29.01.2025 11:30;56,44
29.01.2025 11:45;37,26
29.01.2025 12:00;24,32
29.01.2025 12:15;35,82
29.01.2025 12:30;53,52
29.01.2025 12:45;55,5
29.01.2025 13:00;48,58
29.01.2025 13:15;25,92
29.01.2025 13:30;17,32
29.01.2025 13:45;21,28
29.01.2025 14:00;41,64
29.01.2025 14:15;43,12
29.01.2025 14:30;49,52
29.01.2025 14:45;69,9
29.01.2025 15:00;77
29.01.2025 15:15;65,12
29.01.2025 15:30;83,38
29.01.2025 15:45;79,78
29.01.2025 16:00;75,06
29.01.2025 16:15;71,68
29.01.2025 16:30;72,96
29.01.2025 16:45;75,64
29.01.2025 17:00;57,5
29.01.2025 17:15;65,26
29.01.2025 17:30;70,32
29.01.2025 17:45;65,18
29.01.2025 18:00;65,9
29.01.2025 18:15;66,78
29.01.2025 18:30;63,8
29.01.2025 18:45;64,26
29.01.2025 19:00;61,68
29.01.2025 19:15;49,82
29.01.2025 19:30;45,58
29.01.2025 19:45;40,76
29.01.2025 20:00;26,32
29.01.2025 20:15;35,08
29.01.2025 20:30;40,04
29.01.2025 20:45;44,12
29.01.2025 21:00;47
29.01.2025 21:15;38,18
29.01.2025 21:30;43,96
29.01.2025 21:45;42,72
29.01.2025 22:00;44,44
29.01.2025 22:15;38,82
29.01.2025 22:30;29,86
29.01.2025 22:45;28,36
29.01.2025 23:00;27,1
29.01.2025 23:15;25,56
29.01.2025 23:30;27,72
29.01.2025 23:45;21,96
30.01.2025 00:00;20,38
30.01.2025 00:15;23,12
30.01.2025 00:30;21,48
30.01.2025 00:45;19,46
30.01.2025 01:00;22
30.01.2025 01:15;22,42
30.01.2025 01:30;18,9
30.01.2025 01:45;19,14
30.01.2025 02:00;24,02
30.01.2025 02:15;18,62
30.01.2025 02:30;17,94
30.01.2025 02:45;21,08
30.01.2025 03:00;19,42
30.01.2025 03:15;16,98
30.01.2025 03:30;17,66
30.01.2025 03:45;18,9
30.01.2025 04:00;15,98
30.01.2025 04:15;15,36
30.01.2025 04:30;19,96
30.01.2025 04:45;16,98
30.01.2025 05:00;20,66
30.01.2025 05:15;25,76
30.01.2025 05:30;40,46
30.01.2025 05:45;42,8
30.01.2025 06:00;54,18
30.01.2025 06:15;50,8
30.01.2025 06:30;45,64
30.01.2025 06:45;55,52
30.01.2025 07:00;51,7
30.01.2025 07:15;52,64
30.01.2025 07:30;55,66
30.01.2025 07:45;60,1
30.01.2025 08:00;56,58
30.01.2025 08:15;48,06
30.01.2025 08:30;39,58
30.01.2025 08:45;34,82
30.01.2025 09:00;32,3
30.01.2025 09:15;42,8
30.01.2025 09:30;40,3
30.01.2025 09:45;27,06
30.01.2025 10:00;20,28
30.01.2025 10:15;32,46
30.01.2025 10:30;38,76
30.01.2025 10:45;40,08
30.01.2025 11:00;26,82
30.01.2025 11:15;28,04
30.01.2025 11:30;27,52
30.01.2025 11:45;30,4
30.01.2025 12:00;19,8
30.01.2025 12:15;34,02
30.01.2025 12:30;44,78
30.01.2025 12:45;47,96
30.01.2025 13:00;51,92
30.01.2025 13:15;52,64
30.01.2025 13:30;57,34
30.01.2025 13:45;50,74
30.01.2025 14:00;63,48
30.01.2025 14:15;67,38
30.01.2025 14:30;78,22
30.01.2025 14:45;74,5
30.01.2025 15:00;74,34
30.01.2025 15:15;72,94
30.01.2025 15:30;76,64
30.01.2025 15:45;67,86
30.01.2025 16:00;67,98
30.01.2025 16:15;59,66
30.01.2025 16:30;64,06
30.01.2025 16:45;64,86
30.01.2025 17:00;57,3
30.01.2025 17:15;61,98
30.01.2025 17:30;60,38
30.01.2025 17:45;75,44
30.01.2025 18:00;78,78
30.01.2025 18:15;76,5
30.01.2025 18:30;81,04
30.01.2025 18:45;82,78
30.01.2025 19:00;77,28
30.01.2025 19:15;84,96
30.01.2025 19:30;78,5
30.01.2025 19:45;81,46
30.01.2025 20:00;65,64
30.01.2025 20:15;57,74
30.01.2025 20:30;59,86
30.01.2025 20:45;55,42
30.01.2025 21:00;65,14
30.01.2025 21:15;63,34
30.01.2025 21:30;62,84
30.01.2025 21:45;60,96
30.01.2025 22:00;64,64
30.01.2025 22:15;56,76
30.01.2025 22:30;28,72
30.01.2025 22:45;24,44
30.01.2025 23:00;10,16
30.01.2025 23:15;7,74
30.01.2025 23:30;7,92
30.01.2025 23:45;7,72
31.01.2025 00:00;7,66
31.01.2025 00:15;7,8
31.01.2025 00:30;7,5
31.01.2025 00:45;7,3
31.01.2025 01:00;9,6
31.01.2025 01:15;7,74
31.01.2025 01:30;6,54
31.01.2025 01:45;6,62
31.01.2025 02:00;6,9
31.01.2025 02:15;6,5
31.01.2025 02:30;6,6
31.01.2025 02:45;6,58
31.01.2025 03:00;6,96
31.01.2025 03:15;6,52
31.01.2025 03:30;6,5
31.01.2025 03:45;9,36
31.01.2025 04:00;6,82
31.01.2025 04:15;6,48
31.01.2025 04:30;6,52
31.01.2025 04:45;8,04
31.01.2025 05:00;12,22
31.01.2025 05:15;15,8
31.01.2025 05:30;35,24
31.01.2025 05:45;47,78
31.01.2025 06:00;47,28
31.01.2025 06:15;52,98
31.01.2025 06:30;53,82
31.01.2025 06:45;51,56
31.01.2025 07:00;65,86
31.01.2025 07:15;71,46
31.01.2025 07:30;68,44
31.01.2025 07:45;61,52
31.01.2025 08:00;65,82
31.01.2025 08:15;54,92
31.01.2025 08:30;56,48
31.01.2025 08:45;51,72
31.01.2025 09:00;42,66
31.01.2025 09:15;65,96
31.01.2025 09:30;65,52
31.01.2025 09:45;57,64
31.01.2025 10:00;52,72
31.01.2025 10:15;57,32
31.01.2025 10:30;61,58
31.01.2025 10:45;59,74
31.01.2025 11:00;61,6
31.01.2025 11:15;58,34
31.01.2025 11:30;53,12
31.01.2025 11:45;38,34
31.01.2025 12:00;34,16
31.01.2025 12:15;40,26
31.01.2025 12:30;47,9
31.01.2025 12:45;45,38
31.01.2025 13:00;52,6
31.01.2025 13:15;50,96
31.01.2025 13:30;27,64
31.01.2025 13:45;17,46
31.01.2025 14:00;26
31.01.2025 14:15;31,76
31.01.2025 14:30;33,84
31.01.2025 14:45;43,88
31.01.2025 15:00;44,44
31.01.2025 15:15;54,36
31.01.2025 15:30;48,52
31.01.2025 15:45;51,3
31.01.2025 16:00;44,12
31.01.2025 16:15;47,18
31.01.2025 16:30;42,38
31.01.2025 16:45;44,34
31.01.2025 17:00;41,86
31.01.2025 17:15;43,3
31.01.2025 17:30;37,3
31.01.2025 17:45;32,56
31.01.2025 18:00;28,84
31.01.2025 18:15;27,96
31.01.2025 18:30;31,4
31.01.2025 18:45;36,4
31.01.2025 19:00;35,36
31.01.2025 19:15;36,1
31.01.2025 19:30;42,26
31.01.2025 19:45;35,54
31.01.2025 20:00;34,1
31.01.2025 20:15;33,3
31.01.2025 20:30;30,2
31.01.2025 20:45;36,94
31.01.2025 21:00;40,92
31.01.2025 21:15;37,66
31.01.2025 21:30;45,4
31.01.2025 21:45;37,78
31.01.2025 22:00;30,18
31.01.2025 22:15;18,72
31.01.2025 22:30;9,9
31.01.2025 22:45;9,38
31.01.2025 23:00;8,34
31.01.2025 23:15;9,12
31.01.2025 23:30;8,88
31.01.2025 23:45;7,96
01.02.2025 00:00;8,48
01.02.2025 00:15;7,98
01.02.2025 00:30;7,34
01.02.2025 00:45;7,52
01.02.2025 01:00;6,54
01.02.2025 01:15;6,7
01.02.2025 01:30;8,82
01.02.2025 01:45;4,98
01.02.2025 02:00;5,78
01.02.2025 02:15;5,76
01.02.2025 02:30;4,84
01.02.2025 02:45;5,72
01.02.2025 03:00;5,52
01.02.2025 03:15;5,12
01.02.2025 03:30;5,26
01.02.2025 03:45;2,82
01.02.2025 04:00;3,7
01.02.2025 04:15;3,8
01.02.2025 04:30;2,9
01.02.2025 04:45;3,68
01.02.2025 05:00;6
01.02.2025 05:15;3,32
01.02.2025 05:30;3,72
01.02.2025 05:45;3,72
01.02.2025 06:00;6,1
01.02.2025 06:15;8,08
01.02.2025 06:30;9,88
01.02.2025 06:45;8,44
01.02.2025 07:00;8,38
01.02.2025 07:15;8,06
01.02.2025 07:30;7,92
01.02.2025 07:45;7,82
01.02.2025 08:00;6,34
01.02.2025 08:15;5,48
01.02.2025 08:30;2,56
01.02.2025 08:45;4,6
01.02.2025 09:00;0
01.02.2025 09:15;0
01.02.2025 09:30;0
01.02.2025 09:45;0
01.02.2025 10:00;0
01.02.2025 10:15;0
01.02.2025 10:30;0
01.02.2025 10:45;0
01.02.2025 11:00;0
01.02.2025 11:15;0
01.02.2025 11:30;0
01.02.2025 11:45;0
01.02.2025 12:00;0
01.02.2025 12:15;0
01.02.2025 12:30;0
01.02.2025 12:45;0
01.02.2025 13:00;0
01.02.2025 13:15;0
01.02.2025 13:30;0
01.02.2025 13:45;0
01.02.2025 14:00;0
01.02.2025 14:15;0
01.02.2025 14:30;0
01.02.2025 14:45;0
01.02.2025 15:00;0
01.02.2025 15:15;0
01.02.2025 15:30;0
01.02.2025 15:45;0
01.02.2025 16:00;0,26
01.02.2025 16:15;0,02
01.02.2025 16:30;1,9
01.02.2025 16:45;1,92
01.02.2025 17:00;3,44
01.02.2025 17:15;3,52
01.02.2025 17:30;5,06
01.02.2025 17:45;4,34
01.02.2025 18:00;4,98
01.02.2025 18:15;4,48
01.02.2025 18:30;5,52
01.02.2025 18:45;6,2
01.02.2025 19:00;4,08
01.02.2025 19:15;3,26
01.02.2025 19:30;4,12
01.02.2025 19:45;3,4
01.02.2025 20:00;4,08
01.02.2025 20:15;3,38
01.02.2025 20:30;4
01.02.2025 20:45;4,02
01.02.2025 21:00;3,88
01.02.2025 21:15;4,38
01.02.2025 21:30;3,56
01.02.2025 21:45;4,44
01.02.2025 22:00;3,18
01.02.2025 22:15;6,2
01.02.2025 22:30;3,16
01.02.2025 22:45;4,06
01.02.2025 23:00;3,16
01.02.2025 23:15;3,96
01.02.2025 23:30;3,78
01.02.2025 23:45;5
02.02.2025 00:00;3,44
02.02.2025 00:15;4
02.02.2025 00:30;3,08
02.02.2025 00:45;3,96
02.02.2025 01:00;4,58
02.02.2025 01:15;4,66
02.02.2025 01:30;3,06
02.02.2025 01:45;4,2
02.02.2025 02:00;3,2
02.02.2025 02:15;3,88
02.02.2025 02:30;3,52
02.02.2025 02:45;3,58
02.02.2025 03:00;3,76
02.02.2025 03:15;3,36
02.02.2025 03:30;3,94
02.02.2025 03:45;4,62
02.02.2025 04:00;8
02.02.2025 04:15;3,64
02.02.2025 04:30;4,04
02.02.2025 04:45;3,06
02.02.2025 05:00;4,84
02.02.2025 05:15;4,14
02.02.2025 05:30;4,28
02.02.2025 05:45;3,1
02.02.2025 06:00;4,04
02.02.2025 06:15;3,18
02.02.2025 06:30;4,12
02.02.2025 06:45;3,76
02.02.2025 07:00;5,5
02.02.2025 07:15;3,08
02.02.2025 07:30;3,82
02.02.2025 07:45;2,64
02.02.2025 08:00;2,04
02.02.2025 08:15;0,48
02.02.2025 08:30;0,14
02.02.2025 08:45;0,58
02.02.2025 09:00;0
02.02.2025 09:15;0
02.02.2025 09:30;0
02.02.2025 09:45;0
02.02.2025 10:00;0
02.02.2025 10:15;0
02.02.2025 10:30;0
02.02.2025 10:45;0
02.02.2025 11:00;0
02.02.2025 11:15;0
02.02.2025 11:30;0
02.02.2025 11:45;0
02.02.2025 12:00;0
02.02.2025 12:15;0
02.02.2025 12:30;0
02.02.2025 12:45;0
02.02.2025 13:00;0
02.02.2025 13:15;0
02.02.2025 13:30;0
02.02.2025 13:45;0
02.02.2025 14:00;0
02.02.2025 14:15;0
02.02.2025 14:30;0
02.02.2025 14:45;0
02.02.2025 15:00;0
02.02.2025 15:15;0
02.02.2025 15:30;0
02.02.2025 15:45;0
02.02.2025 16:00;0,34
02.02.2025 16:15;0,26
02.02.2025 16:30;1,96
02.02.2025 16:45;1,9
02.02.2025 17:00;3,36
02.02.2025 17:15;2,9
02.02.2025 17:30;4,06
02.02.2025 17:45;5,24
02.02.2025 18:00;4,92
02.02.2025 18:15;3,48
02.02.2025 18:30;4,4
02.02.2025 18:45;3,52
02.02.2025 19:00;4,36
02.02.2025 19:15;3,52
02.02.2025 19:30;4,36
02.02.2025 19:45;3,48
02.02.2025 20:00;4,3
02.02.2025 20:15;3,64
02.02.2025 20:30;5,12
02.02.2025 20:45;5,34
02.02.2025 21:00;4,04
02.02.2025 21:15;4,18
02.02.2025 21:30;3,6
02.02.2025 21:45;4,28
02.02.2025 22:00;3,14
02.02.2025 22:15;4,12
02.02.2025 22:30;3,26
02.02.2025 22:45;4,06
02.02.2025 23:00;3,24
02.02.2025 23:15;4,04
02.02.2025 23:30;5,28
02.02.2025 23:45;4,12
03.02.2025 00:00;3,18
03.02.2025 00:15;4,2
03.02.2025 00:30;3,18
03.02.2025 00:45;4,08
03.02.2025 01:00;3,28
03.02.2025 01:15;4,22
03.02.2025 01:30;3,26
03.02.2025 01:45;4,18
03.02.2025 02:00;3,38
03.02.2025 02:15;4,18
03.02.2025 02:30;5,16
03.02.2025 02:45;5,26
03.02.2025 03:00;4,06
03.02.2025 03:15;3,42
03.02.2025 03:30;4,14
03.02.2025 03:45;3,44
03.02.2025 04:00;4,2
03.02.2025 04:15;3,86
03.02.2025 04:30;5,92
03.02.2025 04:45;4,48
03.02.2025 05:00;6,04
03.02.2025 05:15;9,16
03.02.2025 05:30;19,3
03.02.2025 05:45;32,16
03.02.2025 06:00;47,12
03.02.2025 06:15;45,6
03.02.2025 06:30;45,1
03.02.2025 06:45;53,92
03.02.2025 07:00;51,78
03.02.2025 07:15;58,38
03.02.2025 07:30;69,62
03.02.2025 07:45;75,5
03.02.2025 10:00;73,36
03.02.2025 10:15;72,48
03.02.2025 10:30;65,22
03.02.2025 10:45;49,88
03.02.2025 11:00;38,66
03.02.2025 11:15;33,18
03.02.2025 11:30;37,66
03.02.2025 11:45;34,18
03.02.2025 12:00;19,1
03.02.2025 12:15;19,72
03.02.2025 12:30;23,7
03.02.2025 12:45;32,46
03.02.2025 13:00;40,42
03.02.2025 13:15;34,08
03.02.2025 13:30;40,74
03.02.2025 13:45;19,62
03.02.2025 14:00;20,08
03.02.2025 14:15;39,02
03.02.2025 14:30;45,1
03.02.2025 14:45;41,38
03.02.2025 15:00;53,84
03.02.2025 15:15;50,9
03.02.2025 15:30;60,5
03.02.2025 15:45;51,78
03.02.2025 16:00;60,36
03.02.2025 16:15;51,06
03.02.2025 16:30;57,04
03.02.2025 16:45;53,38
03.02.2025 17:00;45,46
03.02.2025 17:15;49,4
03.02.2025 17:30;62,9
03.02.2025 17:45;71,02
03.02.2025 18:00;66,2
03.02.2025 18:15;67,76
03.02.2025 18:30;64,18
03.02.2025 18:45;58,32
03.02.2025 19:00;57,94
03.02.2025 19:15;61,78
03.02.2025 19:30;60,54
03.02.2025 19:45;57,84
03.02.2025 20:00;55,42
03.02.2025 20:15;47,02
03.02.2025 20:30;59,22
03.02.2025 20:45;66,42
03.02.2025 21:00;64,22
03.02.2025 21:15;58,62
03.02.2025 21:30;52,62
03.02.2025 21:45;61,44
03.02.2025 22:00;57,62
03.02.2025 22:15;43,08
03.02.2025 22:30;17,88
03.02.2025 22:45;13
03.02.2025 23:00;13,38
03.02.2025 23:15;12,7
03.02.2025 23:30;12,04
03.02.2025 23:45;12,24
04.02.2025 00:00;15,54
04.02.2025 00:15;12,24
04.02.2025 00:30;11,22
04.02.2025 00:45;11,3
04.02.2025 01:00;11,36
04.02.2025 01:15;11,82
04.02.2025 01:30;11,32
04.02.2025 01:45;10,82
04.02.2025 02:00;10,94
04.02.2025 02:15;11,78
04.02.2025 02:30;12,02
04.02.2025 02:45;8,94
04.02.2025 03:00;8,92
04.02.2025 03:15;8,74
04.02.2025 03:30;9,2
04.02.2025 03:45;8,86
04.02.2025 04:00;8,14
04.02.2025 04:15;10,56
04.02.2025 04:30;8,62
04.02.2025 04:45;9,46
04.02.2025 05:00;12,52
04.02.2025 05:15;14,98
04.02.2025 05:30;35,9
04.02.2025 05:45;53,62
04.02.2025 06:00;46,4
04.02.2025 06:15;45,46
04.02.2025 06:30;57,68
04.02.2025 06:45;58,32
04.02.2025 07:00;61,76
04.02.2025 07:15;53
04.02.2025 07:30;55,3
04.02.2025 07:45;55,94
04.02.2025 08:00;55,4
04.02.2025 08:15;54,98
04.02.2025 08:30;57,14
04.02.2025 08:45;57,4
04.02.2025 09:00;40,96
04.02.2025 09:15;53,78
04.02.2025 09:30;75,38
04.02.2025 09:45;70,16
04.02.2025 10:00;79,32
04.02.2025 10:15;75,58
04.02.2025 10:30;74,92
04.02.2025 10:45;75,38
04.02.2025 11:00;68,92
04.02.2025 11:15;72,32
04.02.2025 11:30;75,36
04.02.2025 11:45;75,96
04.02.2025 12:00;57,68
04.02.2025 12:15;57,38
04.02.2025 12:30;67,14
04.02.2025 12:45;74,4
04.02.2025 13:00;83,66
04.02.2025 13:15;79,76
04.02.2025 13:30;79,56
04.02.2025 13:45;58,64
04.02.2025 14:00;54,72
04.02.2025 14:15;61
04.02.2025 14:30;73,62
04.02.2025 14:45;75,76
04.02.2025 15:00;50,16
04.02.2025 15:15;68,48
04.02.2025 15:30;89,98
04.02.2025 15:45;98,44
04.02.2025 16:00;87,74
04.02.2025 16:15;97,54
04.02.2025 16:30;101,06
04.02.2025 16:45;83,58
04.02.2025 17:00;67,44
04.02.2025 17:15;81,32
04.02.2025 17:30;97,5
04.02.2025 17:45;104,8
04.02.2025 18:00;102,2
04.02.2025 18:15;106,1
04.02.2025 18:30;96,24
04.02.2025 18:45;106,48
04.02.2025 19:00;102,36
04.02.2025 19:15;102,1
04.02.2025 19:30;95,1
04.02.2025 19:45;94,6
04.02.2025 20:00;58,86
04.02.2025 20:15;45,4
04.02.2025 20:30;72,9
04.02.2025 20:45;95,44
04.02.2025 21:00;91,14
04.02.2025 21:15;83,22
04.02.2025 21:30;69,46
04.02.2025 21:45;56,94
04.02.2025 22:00;53,46
04.02.2025 22:15;42,48
04.02.2025 22:30;28,2
04.02.2025 22:45;18,68
04.02.2025 23:00;13,26
04.02.2025 23:15;10,96
04.02.2025 23:30;11,08
04.02.2025 23:45;10,84
05.02.2025 00:00;10,36
05.02.2025 00:15;10,44
05.02.2025 00:30;10,44
05.02.2025 00:45;10,1
05.02.2025 01:00;12,42
05.02.2025 01:15;10,56
05.02.2025 01:30;10,28
05.02.2025 01:45;9,9
05.02.2025 02:00;9,74
05.02.2025 02:15;9,82
05.02.2025 02:30;9,44
05.02.2025 02:45;9,24
05.02.2025 03:00;8,92
05.02.2025 03:15;8,8
05.02.2025 03:30;10,4
05.02.2025 03:45;7,28
05.02.2025 04:00;7,64
05.02.2025 04:15;7,14
05.02.2025 04:30;6,94
05.02.2025 04:45;7
05.02.2025 05:00;10,74
05.02.2025 05:15;13,78
05.02.2025 05:30;36,34
05.02.2025 05:45;62,2
05.02.2025 06:00;71,16
05.02.2025 06:15;65,7
05.02.2025 06:30;66,52
05.02.2025 06:45;66,04
05.02.2025 07:00;67,58
05.02.2025 07:15;73,1
05.02.2025 07:30;75,98
05.02.2025 07:45;74,96
05.02.2025 08:00;75,86
05.02.2025 08:15;72,1
05.02.2025 08:30;76
05.02.2025 08:45;70,04
05.02.2025 09:00;48,06
05.02.2025 09:15;58,22
05.02.2025 09:30;71,72
05.02.2025 09:45;77,04
05.02.2025 10:00;75,54
05.02.2025 10:15;79,6
05.02.2025 10:30;66,52
05.02.2025 10:45;68,94
05.02.2025 11:00;65,9
05.02.2025 11:15;57,9
05.02.2025 11:30;54,12
05.02.2025 11:45;55,56
05.02.2025 12:00;48,5
05.02.2025 12:15;50,42
05.02.2025 12:30;55,74
05.02.2025 12:45;59,02
05.02.2025 13:00;48,62
05.02.2025 13:15;56,24
05.02.2025 13:30;63,02
05.02.2025 13:45;59,12
05.02.2025 14:00;57,14
05.02.2025 14:15;55,1
05.02.2025 14:30;61,2
05.02.2025 14:45;68,28
05.02.2025 15:00;61,38
05.02.2025 15:15;65,28
05.02.2025 15:30;64,76
05.02.2025 15:45;64,42
05.02.2025 16:00;66,24
05.02.2025 16:15;67,4
05.02.2025 16:30;69,7
05.02.2025 16:45;69,46
05.02.2025 17:00;52,72
05.02.2025 17:15;70,28
05.02.2025 17:30;77,72
05.02.2025 17:45;79,36
05.02.2025 18:00;75,52
05.02.2025 18:15;77,94
05.02.2025 18:30;78,64
05.02.2025 18:45;83,14
05.02.2025 19:00;83,06
05.02.2025 19:15;84,48
05.02.2025 19:30;77,42
05.02.2025 19:45;75,14
05.02.2025 20:00;59,56
05.02.2025 20:15;68,12
05.02.2025 20:30;79,46
05.02.2025 20:45;78,12
05.02.2025 21:00;76,08
05.02.2025 21:15;83,16
05.02.2025 21:30;82,06
05.02.2025 21:45;84,82
05.02.2025 22:00;71,3
05.02.2025 22:15;52,96
05.02.2025 22:30;30,02
05.02.2025 22:45;32,42
05.02.2025 23:00;23,66
05.02.2025 23:15;20,74
05.02.2025 23:30;24,02
05.02.2025 23:45;27,46
06.02.2025 00:00;23,12
06.02.2025 00:15;23,3
06.02.2025 00:30;20,2
06.02.2025 00:45;27,24
06.02.2025 01:00;23,32
06.02.2025 01:15;20,02
06.02.2025 01:30;22,78
06.02.2025 01:45;27,7
06.02.2025 02:00;19,36
06.02.2025 02:15;26,24
06.02.2025 02:30;19,76
06.02.2025 02:45;15,84
06.02.2025 03:00;16
06.02.2025 03:15;17,44
06.02.2025 03:30;17,64
06.02.2025 03:45;16,28
06.02.2025 04:00;16,28
06.02.2025 04:15;15,74
06.02.2025 04:30;17,92
06.02.2025 04:45;15,38
06.02.2025 05:00;18,64
06.02.2025 05:15;18,76
06.02.2025 05:30;35,42
06.02.2025 05:45;68,84
06.02.2025 06:00;67,46
06.02.2025 06:15;70,06
06.02.2025 06:30;68,34
06.02.2025 06:45;67,62
06.02.2025 07:00;68,02
06.02.2025 07:15;71,32
06.02.2025 07:30;68,42
06.02.2025 07:45;62,08
06.02.2025 08:00;54,44
06.02.2025 08:15;63,52
06.02.2025 08:30;69,88
06.02.2025 08:45;63,62
06.02.2025 09:00;57,26
06.02.2025 09:15;62,36
06.02.2025 09:30;72,82
06.02.2025 09:45;62,76
06.02.2025 10:00;64,44
06.02.2025 10:15;62,98
06.02.2025 10:30;55,26
06.02.2025 10:45;54,34
06.02.2025 11:00;57,16
06.02.2025 11:15;39,94
06.02.2025 11:30;42
06.02.2025 11:45;37,92
06.02.2025 12:00;22,46
06.02.2025 12:15;40,76
06.02.2025 12:30;48,68
06.02.2025 12:45;51,1
06.02.2025 13:00;57,7
06.02.2025 13:15;64,04
06.02.2025 13:30;64,7
06.02.2025 13:45;58,92
06.02.2025 14:00;53,6
06.02.2025 14:15;65,94
06.02.2025 14:30;63,54
06.02.2025 14:45;63,44
06.02.2025 15:00;61,22
06.02.2025 15:15;63,68
06.02.2025 15:30;60,18
06.02.2025 15:45;63,68
06.02.2025 16:00;64,06
06.02.2025 16:15;61,48
06.02.2025 16:30;61,74
06.02.2025 16:45;52,7
06.02.2025 17:00;42,28
06.02.2025 17:15;54,5
06.02.2025 17:30;68,46
06.02.2025 17:45;68,16
06.02.2025 18:00;71,1
06.02.2025 18:15;68,54
06.02.2025 18:30;66,18
06.02.2025 18:45;59,26
06.02.2025 19:00;66,84
06.02.2025 19:15;63,52
06.02.2025 19:30;66,28
06.02.2025 19:45;65,32
06.02.2025 20:00;41,6
06.02.2025 20:15;55,54
06.02.2025 20:30;66,5
06.02.2025 20:45;69,56
06.02.2025 21:00;68,52
06.02.2025 21:15;77,7
06.02.2025 21:30;69,94
06.02.2025 21:45;64
06.02.2025 22:00;64,18
06.02.2025 22:15;50,96
06.02.2025 22:30;39,98
06.02.2025 22:45;37,62
06.02.2025 23:00;32,26
06.02.2025 23:15;30,34
06.02.2025 23:30;22,66
06.02.2025 23:45;33,92
07.02.2025 00:00;29,72
07.02.2025 00:15;27,08
07.02.2025 00:30;30,54
07.02.2025 00:45;24,82
07.02.2025 01:00;27,32
07.02.2025 01:15;28,92
07.02.2025 01:30;30,94
07.02.2025 01:45;25,48
07.02.2025 02:00;27,64
07.02.2025 02:15;23,76
07.02.2025 02:30;26,42
07.02.2025 02:45;29,92
07.02.2025 03:00;24,78
07.02.2025 03:15;24,16
07.02.2025 03:30;23,5
07.02.2025 03:45;21,02
07.02.2025 04:00;24,6
07.02.2025 04:15;27,36
07.02.2025 04:30;17,96
07.02.2025 04:45;16,26
07.02.2025 05:00;23,24
07.02.2025 05:15;21,16
07.02.2025 05:30;34,2
07.02.2025 05:45;59,02
07.02.2025 06:00;70,08
07.02.2025 06:15;71,34
07.02.2025 06:30;71,66
07.02.2025 06:45;70,1
07.02.2025 07:00;68,1
07.02.2025 07:15;70,28
07.02.2025 07:30;72,08
07.02.2025 07:45;74,02
07.02.2025 08:00;69,5
07.02.2025 08:15;62,18
07.02.2025 08:30;54,72
07.02.2025 08:45;43,56
07.02.2025 09:00;37,64
07.02.2025 09:15;34,06
07.02.2025 09:30;37,86
07.02.2025 09:45;35,84
07.02.2025 10:00;48,16
07.02.2025 10:15;36,98
07.02.2025 10:30;26,62
07.02.2025 10:45;28,44
07.02.2025 11:00;44
07.02.2025 11:15;53,12
07.02.2025 11:30;51,54
07.02.2025 11:45;45,5
07.02.2025 12:00;38,58
07.02.2025 12:15;38,92
07.02.2025 12:30;49,6
07.02.2025 12:45;49,48
07.02.2025 13:00;56,2
07.02.2025 13:15;54,56
07.02.2025 13:30;40,4
07.02.2025 13:45;36,34
07.02.2025 14:00;42,32
07.02.2025 14:15;62,56
07.02.2025 14:30;75,78
07.02.2025 14:45;78,38
07.02.2025 15:00;89,02
07.02.2025 15:15;89,54
07.02.2025 15:30;87,86
07.02.2025 15:45;77,7
07.02.2025 16:00;84,72
07.02.2025 16:15;84,58
07.02.2025 16:30;87,46
07.02.2025 16:45;82,78
07.02.2025 17:00;61,14
07.02.2025 17:15;70,58
07.02.2025 17:30;92,7
07.02.2025 17:45;98,96
07.02.2025 18:00;97,44
07.02.2025 18:15;99,1
07.02.2025 18:30;99,46
07.02.2025 18:45;98,36
07.02.2025 19:00;87
07.02.2025 19:15;78,1
07.02.2025 19:30;73,4
07.02.2025 19:45;62,1
07.02.2025 20:00;51,56
07.02.2025 20:15;56,14
07.02.2025 20:30;71,16
07.02.2025 20:45;71,6
07.02.2025 21:00;73,4
07.02.2025 21:15;75,28
07.02.2025 21:30;73,4
07.02.2025 21:45;65,5
07.02.2025 22:00;57,24
07.02.2025 22:15;35,6
07.02.2025 22:30;29,86
07.02.2025 22:45;27,36
07.02.2025 23:00;23,34
07.02.2025 23:15;23,9
07.02.2025 23:30;18,78
07.02.2025 23:45;17,4
08.02.2025 00:00;21,22
08.02.2025 00:15;18,2
08.02.2025 00:30;18,8
08.02.2025 00:45;18,68
08.02.2025 01:00;15,7
08.02.2025 01:15;19,02
08.02.2025 01:30;17,32
08.02.2025 01:45;15,98
08.02.2025 02:00;19,44
08.02.2025 02:15;16,38
08.02.2025 02:30;15,32
08.02.2025 02:45;19,42
08.02.2025 03:00;16,22
08.02.2025 03:15;15,42
08.02.2025 03:30;18,32
08.02.2025 03:45;15,48
08.02.2025 04:00;15
08.02.2025 04:15;19,32
08.02.2025 04:30;16,3
08.02.2025 04:45;17,5
08.02.2025 05:00;23,98
08.02.2025 05:15;21,8
08.02.2025 05:30;30,2
08.02.2025 05:45;32,62
08.02.2025 06:00;28,48
08.02.2025 06:15;34,12
08.02.2025 06:30;31,26
08.02.2025 06:45;29,32
08.02.2025 07:00;34,26
08.02.2025 07:15;29,68
08.02.2025 07:30;31,12
08.02.2025 07:45;31,86
08.02.2025 08:00;25,76
08.02.2025 08:15;26,1
08.02.2025 08:30;22,18
08.02.2025 08:45;21,54
08.02.2025 09:00;19,94
08.02.2025 09:15;13,28
08.02.2025 09:30;13,6
08.02.2025 09:45;9,84
08.02.2025 10:00;3,64
08.02.2025 10:15;4,88
08.02.2025 10:30;0,38
08.02.2025 10:45;0,4
08.02.2025 11:00;1,3
08.02.2025 11:15;0,18
08.02.2025 11:30;0
08.02.2025 11:45;0
08.02.2025 12:00;0
08.02.2025 12:15;0
08.02.2025 12:30;0
08.02.2025 12:45;0
08.02.2025 13:00;0
08.02.2025 13:15;0
08.02.2025 13:30;0,56
08.02.2025 13:45;0,78
08.02.2025 14:00;1,62
08.02.2025 14:15;0,46
08.02.2025 14:30;10,26
08.02.2025 14:45;1,28
08.02.2025 15:00;2,44
08.02.2025 15:15;5,86
08.02.2025 15:30;5,36
08.02.2025 15:45;8,74
08.02.2025 16:00;12,04
08.02.2025 16:15;3,42
08.02.2025 16:30;3,12
08.02.2025 16:45;4,28
08.02.2025 17:00;3,98
08.02.2025 17:15;4,58
08.02.2025 17:30;8,52
08.02.2025 17:45;6,36
08.02.2025 18:00;5,66
08.02.2025 18:15;5,18
08.02.2025 18:30;5,32
08.02.2025 18:45;5,56
08.02.2025 19:00;6,08
08.02.2025 19:15;5,18
08.02.2025 19:30;5,1
08.02.2025 19:45;5,34
08.02.2025 20:00;9,48
08.02.2025 20:15;6,06
08.02.2025 20:30;5,16
08.02.2025 20:45;5,06
08.02.2025 21:00;5,04
08.02.2025 21:15;5,78
08.02.2025 21:30;5,1
08.02.2025 21:45;5,28
08.02.2025 22:00;5,54
08.02.2025 22:15;5,8
08.02.2025 22:30;5,14
08.02.2025 22:45;4,76
08.02.2025 23:00;4,64
08.02.2025 23:15;5,02
08.02.2025 23:30;5,16
08.02.2025 23:45;5,26
09.02.2025 00:00;7,92
09.02.2025 00:15;4,52
09.02.2025 00:30;4,72
09.02.2025 00:45;5,24
09.02.2025 01:00;4,96
09.02.2025 01:15;4,42
09.02.2025 01:30;4,7
09.02.2025 01:45;4,82
09.02.2025 02:00;5,22
09.02.2025 02:15;4,8
09.02.2025 02:30;4,5
09.02.2025 02:45;4,64
09.02.2025 03:00;5,18
09.02.2025 03:15;5,1
09.02.2025 03:30;4,66
09.02.2025 03:45;7,76
09.02.2025 04:00;4,78
09.02.2025 04:15;5,5
09.02.2025 04:30;4,84
09.02.2025 04:45;4,94
09.02.2025 05:00;4,88
09.02.2025 05:15;5,06
09.02.2025 05:30;5,28
09.02.2025 05:45;4,66
09.02.2025 06:00;4,58
09.02.2025 06:15;4,74
09.02.2025 06:30;5,28
09.02.2025 06:45;4,98
09.02.2025 07:00;4,76
09.02.2025 07:15;4,38
09.02.2025 07:30;4,38
09.02.2025 07:45;7,08
09.02.2025 08:00;1,6
09.02.2025 08:15;0,74
09.02.2025 08:30;1,02
09.02.2025 08:45;0,18
09.02.2025 09:00;0
09.02.2025 09:15;0
09.02.2025 09:30;0
09.02.2025 09:45;0
09.02.2025 10:00;0
09.02.2025 10:15;0
09.02.2025 10:30;0
09.02.2025 10:45;0
09.02.2025 11:00;0
09.02.2025 11:15;0
09.02.2025 11:30;0
09.02.2025 11:45;0
09.02.2025 12:00;0
09.02.2025 12:15;0
09.02.2025 12:30;0
09.02.2025 12:45;0
09.02.2025 13:00;0
09.02.2025 13:15;0
09.02.2025 13:30;0
09.02.2025 13:45;0
09.02.2025 14:00;0
09.02.2025 14:15;0
09.02.2025 14:30;0
09.02.2025 14:45;0
09.02.2025 15:00;0
09.02.2025 15:15;0
09.02.2025 15:30;0
09.02.2025 15:45;0
09.02.2025 16:00;0,02
09.02.2025 16:15;0,04
09.02.2025 16:30;1,3
09.02.2025 16:45;3
09.02.2025 17:00;4,28
09.02.2025 17:15;4,6
09.02.2025 17:30;4,28
09.02.2025 17:45;5,22
09.02.2025 18:00;5,2
09.02.2025 18:15;5,68
09.02.2025 18:30;6,78
09.02.2025 18:45;7,38
09.02.2025 19:00;5,06
09.02.2025 19:15;5,52
09.02.2025 19:30;5,48
09.02.2025 19:45;4,88
09.02.2025 20:00;5,04
09.02.2025 20:15;5,24
09.02.2025 20:30;5,82
09.02.2025 20:45;5,34
09.02.2025 21:00;4,92
09.02.2025 21:15;4,94
09.02.2025 21:30;5,56
09.02.2025 21:45;5,56
09.02.2025 22:00;4,76
09.02.2025 22:15;6,98
09.02.2025 22:30;6,08
09.02.2025 22:45;5,42
09.02.2025 23:00;5,04
09.02.2025 23:15;4,58
09.02.2025 23:30;4,78
09.02.2025 23:45;5
10.02.2025 00:00;5,36
10.02.2025 00:15;4,86
10.02.2025 00:30;4,66
10.02.2025 00:45;4,7
10.02.2025 01:00;5,5
10.02.2025 01:15;5,28
10.02.2025 01:30;4,58
10.02.2025 01:45;4,96
10.02.2025 02:00;4,92
10.02.2025 02:15;5,28
10.02.2025 02:30;4,98
10.02.2025 02:45;7,26
10.02.2025 03:00;4,66
10.02.2025 03:15;5,54
10.02.2025 03:30;5,36
10.02.2025 03:45;4,6
10.02.2025 04:00;4,72
10.02.2025 04:15;4,98
10.02.2025 04:30;5,36
10.02.2025 04:45;7,66
10.02.2025 05:00;10,68
10.02.2025 05:15;14,64
10.02.2025 05:30;43,68
10.02.2025 05:45;61,06
10.02.2025 06:00;67,58
10.02.2025 06:15;67,2
10.02.2025 06:30;66,9
10.02.2025 06:45;79,22
10.02.2025 07:00;79,72
10.02.2025 07:15;80,16
10.02.2025 07:30;78,22
10.02.2025 07:45;88,38
10.02.2025 08:00;86,62
10.02.2025 08:15;87,02
10.02.2025 08:30;92,46
10.02.2025 08:45;78,7
10.02.2025 09:00;60,54
10.02.2025 09:15;84,54
10.02.2025 09:30;92,76
10.02.2025 09:45;84,14
10.02.2025 10:00;66,2
10.02.2025 10:15;63,56
10.02.2025 10:30;61,26
10.02.2025 10:45;69,98
10.02.2025 11:00;73,7
10.02.2025 11:15;69,14
10.02.2025 11:30;55,5
10.02.2025 11:45;55,16
10.02.2025 12:00;30,58
10.02.2025 12:15;27,96
10.02.2025 12:30;38,38
10.02.2025 12:45;36,68
10.02.2025 13:00;43,04
10.02.2025 13:15;41,72
10.02.2025 13:30;45,74
10.02.2025 13:45;41,52
10.02.2025 14:00;46,16
10.02.2025 14:15;56,22
10.02.2025 14:30;56,38
10.02.2025 14:45;45,54
10.02.2025 15:00;52,36
10.02.2025 15:15;64,14
10.02.2025 15:30;68,86
10.02.2025 15:45;67,98
10.02.2025 16:00;70,98
10.02.2025 16:15;75,76
10.02.2025 16:30;80,28
10.02.2025 16:45;75,58
10.02.2025 17:00;52,52
10.02.2025 17:15;67,64
10.02.2025 17:30;81,9
10.02.2025 17:45;82,06
10.02.2025 18:00;79,36
10.02.2025 18:15;77,02
10.02.2025 18:30;80,32
10.02.2025 18:45;80,32
10.02.2025 19:00;85,92
10.02.2025 19:15;85,52
10.02.2025 19:30;80,72
10.02.2025 19:45;75,06
10.02.2025 20:00;65,82
10.02.2025 20:15;73,6
10.02.2025 20:30;80,16
10.02.2025 20:45;81,24
10.02.2025 21:00;73,78
10.02.2025 21:15;73,46
10.02.2025 21:30;78,76
10.02.2025 21:45;76,8
10.02.2025 22:00;59,66
10.02.2025 22:15;46,12
10.02.2025 22:30;48,52
10.02.2025 22:45;44,08
10.02.2025 23:00;29,08
10.02.2025 23:15;15,3
10.02.2025 23:30;14,04
10.02.2025 23:45;15,44
11.02.2025 00:00;14,2
11.02.2025 00:15;13,68
11.02.2025 00:30;13,02
11.02.2025 00:45;12,64
11.02.2025 01:00;13,22
11.02.2025 01:15;12,96
11.02.2025 01:30;15,7
11.02.2025 01:45;12,92
11.02.2025 02:00;12
11.02.2025 02:15;12,14
11.02.2025 02:30;12,58
11.02.2025 02:45;12
11.02.2025 03:00;11,84
11.02.2025 03:15;15,7
11.02.2025 03:30;11,22
11.02.2025 03:45;10,08
11.02.2025 04:00;10,16
11.02.2025 04:15;9
11.02.2025 04:30;9,24
11.02.2025 04:45;14,64
11.02.2025 05:00;15,26
11.02.2025 05:15;18,24
11.02.2025 05:30;29,12
11.02.2025 05:45;41,34
11.02.2025 06:00;60,28
11.02.2025 06:15;58,04
11.02.2025 06:30;61,42
11.02.2025 06:45;71,04
11.02.2025 07:00;67,26
11.02.2025 07:15;61,94
11.02.2025 07:30;60,62
11.02.2025 07:45;64,82
11.02.2025 08:00;64,46
11.02.2025 08:15;61,04
11.02.2025 08:30;61,42
11.02.2025 08:45;58,1
11.02.2025 09:00;33,96
11.02.2025 09:15;37,86
11.02.2025 09:30;54,14
11.02.2025 09:45;52,76
11.02.2025 10:00;52,44
11.02.2025 10:15;41,4
11.02.2025 10:30;29,36
11.02.2025 10:45;33,58
11.02.2025 11:00;34,42
11.02.2025 11:15;38,9
11.02.2025 11:30;45,68
11.02.2025 11:45;35,42
11.02.2025 12:00;33,24
11.02.2025 12:15;47,5
11.02.2025 12:30;53,48
11.02.2025 12:45;62,84
11.02.2025 13:00;59,86
11.02.2025 13:15;59,2
11.02.2025 13:30;57,42
11.02.2025 13:45;52,9
11.02.2025 14:00;50,8
11.02.2025 14:15;60,62
11.02.2025 14:30;61,86
11.02.2025 14:45;62,8
11.02.2025 15:00;70
11.02.2025 15:15;72,04
11.02.2025 15:30;73,92
11.02.2025 15:45;74,88
11.02.2025 16:00;75,18
11.02.2025 16:15;87,46
11.02.2025 16:30;83,38
11.02.2025 16:45;77,66
11.02.2025 17:00;65
11.02.2025 17:15;74,16
11.02.2025 17:30;82,1
11.02.2025 17:45;79,8
11.02.2025 18:00;86,06
11.02.2025 18:15;85,12
11.02.2025 18:30;89,22
11.02.2025 18:45;77,98
11.02.2025 19:00;82,34
11.02.2025 19:15;79,3
11.02.2025 19:30;76,64
11.02.2025 19:45;83,14
11.02.2025 20:00;73,68
11.02.2025 20:15;72,92
11.02.2025 20:30;80,82
11.02.2025 20:45;84,54
11.02.2025 21:00;83,64
11.02.2025 21:15;88,8
11.02.2025 21:30;91,36
11.02.2025 21:45;87,96
11.02.2025 22:00;89,1
11.02.2025 22:15;82,48
11.02.2025 22:30;59,22
11.02.2025 22:45;42,44
11.02.2025 23:00;36,86
11.02.2025 23:15;26,56
11.02.2025 23:30;21,08
11.02.2025 23:45;20,22
12.02.2025 00:00;24,66
12.02.2025 00:15;20,7
12.02.2025 00:30;19,1
12.02.2025 00:45;23,82
12.02.2025 01:00;22,34
12.02.2025 01:15;19,96
12.02.2025 01:30;20,34
12.02.2025 01:45;21,78
12.02.2025 02:00;18,4
12.02.2025 02:15;20
12.02.2025 02:30;19,18
12.02.2025 02:45;17,8
12.02.2025 03:00;19,74
12.02.2025 03:15;18,86
12.02.2025 03:30;16,54
12.02.2025 03:45;19,7
12.02.2025 04:00;18,76
12.02.2025 04:15;17,52
12.02.2025 04:30;20,1
12.02.2025 04:45;20,58
12.02.2025 05:00;20,66
12.02.2025 05:15;23,72
12.02.2025 05:30;60,96
12.02.2025 05:45;87,06
12.02.2025 06:00;91,54
12.02.2025 06:15;88,64
12.02.2025 06:30;91,5
12.02.2025 06:45;85,28
12.02.2025 07:00;91,92
12.02.2025 07:15;96,56
12.02.2025 07:30;89,98
12.02.2025 07:45;89,44
12.02.2025 08:00;77,78
12.02.2025 08:15;84,9
12.02.2025 08:30;83,58
12.02.2025 08:45;79,66
12.02.2025 09:00;52,48
12.02.2025 09:15;65,16
12.02.2025 09:30;86,94
12.02.2025 09:45;81,4
12.02.2025 10:00;83,66
12.02.2025 10:15;73,06
12.02.2025 10:30;75,2
12.02.2025 10:45;80,92
12.02.2025 11:00;79,4
12.02.2025 11:15;82,04
12.02.2025 11:30;81,72
12.02.2025 11:45;69,8
12.02.2025 12:00;50,02
12.02.2025 12:15;66,18
12.02.2025 12:30;73,1
12.02.2025 12:45;84,02
12.02.2025 13:00;87,42
12.02.2025 13:15;81
12.02.2025 13:30;79,42
12.02.2025 13:45;67,38
12.02.2025 14:00;68,94
12.02.2025 14:15;79,54
12.02.2025 14:30;81,06
12.02.2025 14:45;80,4
12.02.2025 15:00;86,1
12.02.2025 15:15;89,28
12.02.2025 15:30;93,66
12.02.2025 15:45;86,32
12.02.2025 16:00;91,5
12.02.2025 16:15;84,56
12.02.2025 16:30;78,26
12.02.2025 16:45;95,88
12.02.2025 17:00;71,56
12.02.2025 17:15;79,62
12.02.2025 17:30;83,6
12.02.2025 17:45;86,82
12.02.2025 18:00;90,42
12.02.2025 18:15;88,42
12.02.2025 18:30;89,56
12.02.2025 18:45;89,1
12.02.2025 19:00;79,34
12.02.2025 19:15;85,92
12.02.2025 19:30;89,56
12.02.2025 19:45;82,28
12.02.2025 20:00;82,8
12.02.2025 20:15;83,74
12.02.2025 20:30;88,94
12.02.2025 20:45;85,82
12.02.2025 21:00;89,62
12.02.2025 21:15;80,4
12.02.2025 21:30;82,82
12.02.2025 21:45;83,92
12.02.2025 22:00;80,08
12.02.2025 22:15;71,88
12.02.2025 22:30;39,88
12.02.2025 22:45;25,8
12.02.2025 23:00;28,02
12.02.2025 23:15;22,58
12.02.2025 23:30;21,24
12.02.2025 23:45;20,92
13.02.2025 00:00;13,64
13.02.2025 00:15;13,16
13.02.2025 00:30;15,96
13.02.2025 00:45;14,8
13.02.2025 01:00;12,96
13.02.2025 01:15;12,64
13.02.2025 01:30;13,34
13.02.2025 01:45;12,36
13.02.2025 02:00;13,32
13.02.2025 02:15;14,38
13.02.2025 02:30;12,5
13.02.2025 02:45;11,88
13.02.2025 03:00;11,7
13.02.2025 03:15;12,3
13.02.2025 03:30;12,8
13.02.2025 03:45;13,86
13.02.2025 04:00;11,24
13.02.2025 04:15;9,96
13.02.2025 04:30;9,48
13.02.2025 04:45;11,84
13.02.2025 05:00;15,3
13.02.2025 05:15;24,5
13.02.2025 05:30;46,24
13.02.2025 05:45;77,28
13.02.2025 06:00;81,22
13.02.2025 06:15;71,42
13.02.2025 06:30;75,54
13.02.2025 06:45;81,9
13.02.2025 07:00;87,04
13.02.2025 07:15;81,94
13.02.2025 07:30;86,16
13.02.2025 07:45;75,6
13.02.2025 08:00;68,7
13.02.2025 08:15;60,14
13.02.2025 08:30;58,2
13.02.2025 08:45;61,24
13.02.2025 09:00;42,96
13.02.2025 09:15;53,62
13.02.2025 09:30;80,72
13.02.2025 09:45;93,08
13.02.2025 10:00;93,18
13.02.2025 10:15;95,52
13.02.2025 10:30;95,2
13.02.2025 10:45;100,54
13.02.2025 11:00;97,92
13.02.2025 11:15;97,82
13.02.2025 11:30;92,44
13.02.2025 11:45;80,28
13.02.2025 12:00;66,16
13.02.2025 12:15;62,16
13.02.2025 12:30;84,08
13.02.2025 12:45;88,4
13.02.2025 13:00;86,72
13.02.2025 13:15;84,84
13.02.2025 13:30;93,5
13.02.2025 13:45;92,06
13.02.2025 14:00;95,22
13.02.2025 14:15;90,82
13.02.2025 14:30;95,86
13.02.2025 14:45;101,64
13.02.2025 15:00;87,78
13.02.2025 15:15;89,18
13.02.2025 15:30;100,04
13.02.2025 15:45;95,12
13.02.2025 16:00;101,22
13.02.2025 16:15;100,9
13.02.2025 16:30;103,18
13.02.2025 16:45;92,98
13.02.2025 17:00;80,34
13.02.2025 17:15;78,36
13.02.2025 17:30;88,94
13.02.2025 17:45;79,48
13.02.2025 18:00;82,7
13.02.2025 18:15;83,16
13.02.2025 18:30;76,92
13.02.2025 18:45;73,58
13.02.2025 19:00;83,48
13.02.2025 19:15;85,78
13.02.2025 19:30;81,52
13.02.2025 19:45;78,06
13.02.2025 20:00;70,52
13.02.2025 20:15;67,98
13.02.2025 20:30;69,12
13.02.2025 20:45;73,08
13.02.2025 21:00;76,54
13.02.2025 21:15;75,1
13.02.2025 21:30;81,08
13.02.2025 21:45;82,1
13.02.2025 22:00;81,14
13.02.2025 22:15;50,28
13.02.2025 22:30;31
13.02.2025 22:45;28,44
13.02.2025 23:00;24,72
13.02.2025 23:15;16,46
13.02.2025 23:30;11,24
13.02.2025 23:45;13,44
14.02.2025 00:00;11,6
14.02.2025 00:15;10,6
14.02.2025 00:30;10,56
14.02.2025 00:45;10,42
14.02.2025 01:00;9,86
14.02.2025 01:15;9,8
14.02.2025 01:30;9,68
14.02.2025 01:45;9,94
14.02.2025 02:00;9,66
14.02.2025 02:15;10,4
14.02.2025 02:30;12,16
14.02.2025 02:45;9,58
14.02.2025 03:00;9,58
14.02.2025 03:15;9,4
14.02.2025 03:30;8,5
14.02.2025 03:45;7,66
14.02.2025 04:00;7,72
14.02.2025 04:15;7,76
14.02.2025 04:30;7,32
14.02.2025 04:45;10,06
14.02.2025 05:00;13,66
14.02.2025 05:15;19,96
14.02.2025 05:30;58,34
14.02.2025 05:45;67,04
14.02.2025 06:00;66,82
14.02.2025 06:15;65,76
14.02.2025 06:30;64,26
14.02.2025 06:45;62,54
14.02.2025 07:00;69,2
14.02.2025 07:15;66,06
14.02.2025 07:30;66,66
14.02.2025 07:45;61,58
14.02.2025 08:00;57,1
14.02.2025 08:15;52,82
14.02.2025 08:30;53,62
14.02.2025 08:45;48,68
14.02.2025 09:00;45,54
14.02.2025 09:15;54,34
14.02.2025 09:30;52,58
14.02.2025 09:45;61,38
14.02.2025 10:00;63,46
14.02.2025 10:15;68,1
14.02.2025 10:30;70,96
14.02.2025 10:45;64,62
14.02.2025 11:00;57,02
14.02.2025 11:15;57,04
14.02.2025 11:30;57,7
14.02.2025 11:45;56,54
14.02.2025 12:00;41,98
14.02.2025 12:15;47,76
14.02.2025 12:30;58,98
14.02.2025 12:45;74,1
14.02.2025 13:00;58,7
14.02.2025 13:15;67,46
14.02.2025 13:30;72,22
14.02.2025 13:45;61,04
14.02.2025 14:00;68,82
14.02.2025 14:15;71,44
14.02.2025 14:30;66,38
14.02.2025 14:45;63,74
14.02.2025 15:00;65,42
14.02.2025 15:15;67,8
14.02.2025 15:30;65,4
14.02.2025 15:45;69,82
14.02.2025 16:00;69,54
14.02.2025 16:15;69,16
14.02.2025 16:30;66,94
14.02.2025 16:45;70,6
14.02.2025 17:00;62,38
14.02.2025 17:15;61,26
14.02.2025 17:30;69
14.02.2025 17:45;71,98
14.02.2025 18:00;73,98
14.02.2025 18:15;67,8
14.02.2025 18:30;77,86
14.02.2025 18:45;63,12
14.02.2025 19:00;60,6
14.02.2025 19:15;51,02
14.02.2025 19:30;56,18
14.02.2025 19:45;51,18
14.02.2025 20:00;48,92
14.02.2025 20:15;49,72
14.02.2025 20:30;52,3
14.02.2025 20:45;32,74
14.02.2025 21:00;29,56
14.02.2025 21:15;33,82
14.02.2025 21:30;29,06
14.02.2025 21:45;28,94
14.02.2025 22:00;25,22
14.02.2025 22:15;11,2
14.02.2025 22:30;5,32
14.02.2025 22:45;6,16
14.02.2025 23:00;4,62
14.02.2025 23:15;5,3
14.02.2025 23:30;4,56
14.02.2025 23:45;5,28
15.02.2025 00:00;4,2
15.02.2025 00:15;5,28
15.02.2025 00:30;4,06
15.02.2025 00:45;5,04
15.02.2025 01:00;4
15.02.2025 01:15;6,82
15.02.2025 01:30;5,26
15.02.2025 01:45;4,94
15.02.2025 02:00;3,82
15.02.2025 02:15;4,78
15.02.2025 02:30;3,6
15.02.2025 02:45;4,58
15.02.2025 03:00;3,6
15.02.2025 03:15;4,52
15.02.2025 03:30;3,38
15.02.2025 03:45;3,64
15.02.2025 04:00;3,56
15.02.2025 04:15;3,48
15.02.2025 04:30;3,8
15.02.2025 04:45;3,26
15.02.2025 05:00;7,9
15.02.2025 05:15;6,18
15.02.2025 05:30;8,64
15.02.2025 05:45;9,82
15.02.2025 06:00;11,68
15.02.2025 06:15;10,98
15.02.2025 06:30;11,4
15.02.2025 06:45;9,54
15.02.2025 07:00;11,14
15.02.2025 07:15;10,82
15.02.2025 07:30;11,04
15.02.2025 07:45;10,14
15.02.2025 08:00;11,22
15.02.2025 08:15;10,44
15.02.2025 08:30;10,1
15.02.2025 08:45;8,9
15.02.2025 09:00;13,44
15.02.2025 09:15;11,3
15.02.2025 09:30;10,72
15.02.2025 09:45;9,2
15.02.2025 10:00;10,58
15.02.2025 10:15;9,5
15.02.2025 10:30;9,62
15.02.2025 10:45;8,84
15.02.2025 11:00;8,02
15.02.2025 11:15;7,28
15.02.2025 11:30;6,8
15.02.2025 11:45;7,68
15.02.2025 12:00;7,34
15.02.2025 12:15;6,64
15.02.2025 12:30;6,74
15.02.2025 12:45;8,22
15.02.2025 13:00;7,26
15.02.2025 13:15;5,68
15.02.2025 13:30;3,86
15.02.2025 13:45;4,72
15.02.2025 14:00;4,02
15.02.2025 14:15;7,04
15.02.2025 14:30;6,76
15.02.2025 14:45;6,1
15.02.2025 15:00;6,16
15.02.2025 15:15;7,38
15.02.2025 15:30;6,68
15.02.2025 15:45;7,96
15.02.2025 16:00;3,98
15.02.2025 16:15;3,38
15.02.2025 16:30;3,02
15.02.2025 16:45;4,02
15.02.2025 17:00;3,28
15.02.2025 17:15;4,02
15.02.2025 17:30;3
15.02.2025 17:45;4,38
15.02.2025 18:00;3,7
15.02.2025 18:15;4,34
15.02.2025 18:30;3,62
15.02.2025 18:45;6,24
15.02.2025 19:00;4,9
15.02.2025 19:15;4,04
15.02.2025 19:30;4,38
15.02.2025 19:45;4,28
15.02.2025 20:00;4,26
15.02.2025 20:15;3,6
15.02.2025 20:30;4,5
15.02.2025 20:45;3,82
15.02.2025 21:00;4,72
15.02.2025 21:15;3,86
15.02.2025 21:30;4,76
15.02.2025 21:45;3,78
15.02.2025 22:00;5,88
15.02.2025 22:15;5,74
15.02.2025 22:30;4,94
15.02.2025 22:45;3,94
15.02.2025 23:00;5,06
15.02.2025 23:15;4,28
15.02.2025 23:30;5,04
15.02.2025 23:45;3,9
16.02.2025 00:00;4,8
16.02.2025 00:15;4,1
16.02.2025 00:30;5,14
16.02.2025 00:45;4,14
16.02.2025 01:00;7,32
16.02.2025 01:15;3,78
16.02.2025 01:30;4,46
16.02.2025 01:45;3,6
16.02.2025 02:00;4,44
16.02.2025 02:15;3,5
16.02.2025 02:30;4,42
16.02.2025 02:45;3,72
16.02.2025 03:00;4,1
16.02.2025 03:15;3,88
16.02.2025 03:30;4,08
16.02.2025 03:45;4,24
16.02.2025 04:00;4,92
16.02.2025 04:15;7,14
16.02.2025 04:30;3,44
16.02.2025 04:45;4,54
16.02.2025 05:00;3,54
16.02.2025 05:15;4,4
16.02.2025 05:30;3,42
16.02.2025 05:45;4,42
16.02.2025 06:00;3,52
16.02.2025 06:15;4,48
16.02.2025 06:30;3,36
16.02.2025 06:45;4,5
16.02.2025 07:00;3,52
16.02.2025 07:15;4,24
16.02.2025 07:30;5,3
16.02.2025 07:45;6,16
16.02.2025 08:00;3,72
16.02.2025 08:15;4,88
16.02.2025 08:30;3,94
16.02.2025 08:45;4,54
16.02.2025 09:00;3,18
16.02.2025 09:15;3,34
16.02.2025 09:30;3,14
16.02.2025 09:45;4,62
16.02.2025 10:00;3,64
16.02.2025 10:15;3,34
16.02.2025 10:30;3,66
16.02.2025 10:45;5,66
16.02.2025 11:00;3,66
16.02.2025 11:15;2,82
16.02.2025 11:30;4,1
16.02.2025 11:45;3
16.02.2025 12:00;3,8
16.02.2025 12:15;2,62
16.02.2025 12:30;3,48
16.02.2025 12:45;2,26
16.02.2025 13:00;3
16.02.2025 13:15;2,26
16.02.2025 13:30;3,68
16.02.2025 13:45;4,42
16.02.2025 14:00;5,28
16.02.2025 14:15;2,76
16.02.2025 14:30;3,58
16.02.2025 14:45;2,7
16.02.2025 15:00;3,52
16.02.2025 15:15;2,76
16.02.2025 15:30;3,6
16.02.2025 15:45;2,78
16.02.2025 16:00;3,92
16.02.2025 16:15;3,1
16.02.2025 16:30;4,04
16.02.2025 16:45;4,24
16.02.2025 17:00;6,78
16.02.2025 17:15;3,8
16.02.2025 17:30;4,26
16.02.2025 17:45;4,14
16.02.2025 18:00;4,36
16.02.2025 18:15;4,72
16.02.2025 18:30;4,3
16.02.2025 18:45;4,9
16.02.2025 19:00;3,9
16.02.2025 19:15;4,92
16.02.2025 19:30;4,22
16.02.2025 19:45;4,92
16.02.2025 20:00;3,98
16.02.2025 20:15;7,74
16.02.2025 20:30;4,18
16.02.2025 20:45;4,84
16.02.2025 21:00;-4
16.02.2025 21:15;5,02
16.02.2025 21:30;4,26
16.02.2025 21:45;5
16.02.2025 22:00;3,88
16.02.2025 22:15;4,62
16.02.2025 22:30;3,76
16.02.2025 22:45;4,68
16.02.2025 23:00;3,56
16.02.2025 23:15;5,04
16.02.2025 23:30;6,22
16.02.2025 23:45;4,46
17.02.2025 00:00;4,14
17.02.2025 00:15;4,08
17.02.2025 00:30;4,54
17.02.2025 00:45;3,96
17.02.2025 01:00;4,64
17.02.2025 01:15;3,74
17.02.2025 01:30;4,64
17.02.2025 01:45;3,8
17.02.2025 02:00;4,5
17.02.2025 02:15;3,58
17.02.2025 02:30;6,08
17.02.2025 02:45;4,86
17.02.2025 03:00;4,62
17.02.2025 03:15;3,86
17.02.2025 03:30;4,54
17.02.2025 03:45;3,76
17.02.2025 04:00;4,6
17.02.2025 04:15;3,74
17.02.2025 04:30;4,68
17.02.2025 04:45;3,6
17.02.2025 05:00;5,62
17.02.2025 05:15;9,92
17.02.2025 05:30;19
17.02.2025 05:45;47,96
17.02.2025 06:00;50,14
17.02.2025 06:15;53,18
17.02.2025 06:30;63,3
17.02.2025 06:45;56,68
17.02.2025 07:00;57,14
17.02.2025 07:15;54,32
17.02.2025 07:30;61,56
17.02.2025 07:45;59,92
17.02.2025 08:00;56,92
17.02.2025 08:15;53,38
17.02.2025 08:30;58,36
17.02.2025 08:45;57,2
17.02.2025 09:00;50,06
17.02.2025 09:15;51,1
17.02.2025 09:30;56,5
17.02.2025 09:45;54,02
17.02.2025 10:00;51,72
17.02.2025 10:15;55,34
17.02.2025 10:30;53,06
17.02.2025 10:45;57
17.02.2025 11:00;57,66
17.02.2025 11:15;61,42
17.02.2025 11:30;58,42
17.02.2025 11:45;60,22
17.02.2025 12:00;43,78
17.02.2025 12:15;45,36
17.02.2025 12:30;53,02
17.02.2025 12:45;46,78
17.02.2025 13:00;44,56
17.02.2025 13:15;45,72
17.02.2025 13:30;53,48
17.02.2025 13:45;49,94
17.02.2025 14:00;42,6
17.02.2025 14:15;48,64
17.02.2025 14:30;47,12
17.02.2025 14:45;48,46
17.02.2025 15:00;58,54
17.02.2025 15:15;63,04
17.02.2025 15:30;60,28
17.02.2025 15:45;58,48
17.02.2025 16:00;62,82
17.02.2025 16:15;51,46
17.02.2025 16:30;47,62
17.02.2025 16:45;60,28
17.02.2025 17:00;47,34
17.02.2025 17:15;54,82
17.02.2025 17:30;59,28
17.02.2025 17:45;56,7
17.02.2025 18:00;59,62
17.02.2025 18:15;63,16
17.02.2025 18:30;71,32
17.02.2025 18:45;60,8
17.02.2025 19:00;52,56
17.02.2025 19:15;52,48
17.02.2025 19:30;50,06
17.02.2025 19:45;49,02
17.02.2025 20:00;43,64
17.02.2025 20:15;48,56
17.02.2025 20:30;48,22
17.02.2025 20:45;50,18
17.02.2025 21:00;53,88
17.02.2025 21:15;52,62
17.02.2025 21:30;52,06
17.02.2025 21:45;48,72
17.02.2025 22:00;43,8
17.02.2025 22:15;37,98
17.02.2025 22:30;27,98
17.02.2025 22:45;25,14
17.02.2025 23:00;28,22
17.02.2025 23:15;23,82
17.02.2025 23:30;26,62
17.02.2025 23:45;26,32
18.02.2025 00:00;25,18
18.02.2025 00:15;27,4
18.02.2025 00:30;23,84
18.02.2025 00:45;25,96
18.02.2025 01:00;26,3
18.02.2025 01:15;23,74
18.02.2025 01:30;23,84
18.02.2025 01:45;16,84
18.02.2025 02:00;17,22
18.02.2025 02:15;20,54
18.02.2025 02:30;15,92
18.02.2025 02:45;15,88
18.02.2025 03:00;20,24
18.02.2025 03:15;15,42
18.02.2025 03:30;15,16
18.02.2025 03:45;19,22
18.02.2025 04:00;15,76
18.02.2025 04:15;15,8
18.02.2025 04:30;19,16
18.02.2025 04:45;15,82
18.02.2025 05:00;20,7
18.02.2025 05:15;27,98
18.02.2025 05:30;34,54
18.02.2025 05:45;48,68
18.02.2025 06:00;60,56
18.02.2025 06:15;64,76
18.02.2025 06:30;67,38
18.02.2025 06:45;68,18
18.02.2025 07:00;64,38
18.02.2025 07:15;63,9
18.02.2025 07:30;50,46
18.02.2025 07:45;60,5
18.02.2025 08:00;66,32
18.02.2025 08:15;65,82
18.02.2025 08:30;61,04
18.02.2025 08:45;65,52
18.02.2025 09:00;54,76
18.02.2025 09:15;59,46
18.02.2025 09:30;61,58
18.02.2025 09:45;63,7
18.02.2025 10:00;63,56
18.02.2025 10:15;58,84
18.02.2025 10:30;57,18
18.02.2025 10:45;55,16
18.02.2025 11:00;53,16
18.02.2025 11:15;61,68
18.02.2025 11:30;64,36
18.02.2025 11:45;54,8
18.02.2025 12:00;48,52
18.02.2025 12:15;44,8
18.02.2025 12:30;41,8
18.02.2025 12:45;39,48
18.02.2025 13:00;48,4
18.02.2025 13:15;47,56
18.02.2025 13:30;44,16
18.02.2025 13:45;44,94
18.02.2025 14:00;42,02
18.02.2025 14:15;50,28
18.02.2025 14:30;51,56
18.02.2025 14:45;54,46
18.02.2025 15:00;55,92
18.02.2025 15:15;56,56
18.02.2025 15:30;56,02
18.02.2025 15:45;58,78
18.02.2025 16:00;68,96
18.02.2025 16:15;67,24
18.02.2025 16:30;70,58
18.02.2025 16:45;64,9
18.02.2025 17:00;55,96
18.02.2025 17:15;55,42
18.02.2025 17:30;60,7
18.02.2025 17:45;51,3
18.02.2025 18:00;63,16
18.02.2025 18:15;64,94
18.02.2025 18:30;65,04
18.02.2025 18:45;59,7
18.02.2025 19:00;59,56
18.02.2025 19:15;54,32
18.02.2025 19:30;55,68
18.02.2025 19:45;58,24
18.02.2025 20:00;48,38
18.02.2025 20:15;54,3
18.02.2025 20:30;57,24
18.02.2025 20:45;56,62
18.02.2025 21:00;56,06
18.02.2025 21:15;49,38
18.02.2025 21:30;43,94
18.02.2025 21:45;48,22
18.02.2025 22:00;45,88
18.02.2025 22:15;38,84
18.02.2025 22:30;31,36
18.02.2025 22:45;30,76
18.02.2025 23:00;31,36
18.02.2025 23:15;33,06
18.02.2025 23:30;26,24
18.02.2025 23:45;32,46
19.02.2025 00:00;32,42
19.02.2025 00:15;29,06
19.02.2025 00:30;29,98
19.02.2025 00:45;31,24
19.02.2025 01:00;31,4
19.02.2025 01:15;28,5
19.02.2025 01:30;29,8
19.02.2025 01:45;32,06
19.02.2025 02:00;30,6
19.02.2025 02:15;26,82
19.02.2025 02:30;32,1
19.02.2025 02:45;31,14
19.02.2025 03:00;28,54
19.02.2025 03:15;29,38
19.02.2025 03:30;30,34
19.02.2025 03:45;31,32
19.02.2025 04:00;26,62
19.02.2025 04:15;24,14
19.02.2025 04:30;24,24
19.02.2025 04:45;19,72
19.02.2025 05:00;28,16
19.02.2025 05:15;28
19.02.2025 05:30;36,48
19.02.2025 05:45;49,88
19.02.2025 06:00;44
19.02.2025 06:15;45,32
19.02.2025 06:30;47,88
19.02.2025 06:45;44,46
19.02.2025 07:00;53,08
19.02.2025 07:15;58,12
19.02.2025 07:30;56,3
19.02.2025 07:45;51,94
19.02.2025 08:00;52,82
19.02.2025 08:15;52,52
19.02.2025 08:30;50,66
19.02.2025 08:45;45,12
19.02.2025 09:00;25,82
19.02.2025 09:15;29,74
19.02.2025 09:30;45,6
19.02.2025 09:45;49,56
19.02.2025 10:00;44,16
19.02.2025 10:15;43,06
19.02.2025 10:30;39,08
19.02.2025 10:45;38,36
19.02.2025 11:00;52,28
19.02.2025 11:15;58,86
19.02.2025 11:30;53,68
19.02.2025 11:45;54,28
19.02.2025 12:00;42,98
19.02.2025 12:15;53,76
19.02.2025 12:30;46,94
19.02.2025 12:45;57,34
19.02.2025 13:00;58,48
19.02.2025 13:15;56,62
19.02.2025 13:30;65,22
19.02.2025 13:45;61,58
19.02.2025 14:00;68,22
19.02.2025 14:15;73,56
19.02.2025 14:30;59,36
19.02.2025 14:45;68,36
19.02.2025 15:00;81,3
19.02.2025 15:15;81,18
19.02.2025 15:30;84,38
19.02.2025 15:45;84,88
19.02.2025 16:00;86,24
19.02.2025 16:15;93,86
19.02.2025 16:30;100,98
19.02.2025 16:45;103,72
19.02.2025 17:00;84,4
19.02.2025 17:15;95,24
19.02.2025 17:30;94,28
19.02.2025 17:45;82,32
19.02.2025 18:00;91,18
19.02.2025 18:15;104,02
19.02.2025 18:30;93,14
19.02.2025 18:45;85,08
19.02.2025 19:00;84,5
19.02.2025 19:15;80,4
19.02.2025 19:30;80,04
19.02.2025 19:45;87,8
19.02.2025 20:00;66,92
19.02.2025 20:15;62,12
19.02.2025 20:30;65,72
19.02.2025 20:45;71,86
19.02.2025 21:00;71,76
19.02.2025 21:15;68,28
19.02.2025 21:30;67,7
19.02.2025 21:45;78
19.02.2025 22:00;54,84
19.02.2025 22:15;64,4
19.02.2025 22:30;40,18
19.02.2025 22:45;35,76
19.02.2025 23:00;29,3
19.02.2025 23:15;26,18
19.02.2025 23:30;23,2
19.02.2025 23:45;21,58
20.02.2025 00:00;22,94
20.02.2025 00:15;22,36
20.02.2025 00:30;21
20.02.2025 00:45;23,14
20.02.2025 01:00;20,78
20.02.2025 01:15;20,6
20.02.2025 01:30;23,14
20.02.2025 01:45;20,54
20.02.2025 02:00;18,96
20.02.2025 02:15;18,54
20.02.2025 02:30;20,6
20.02.2025 02:45;17,8
20.02.2025 03:00;18,4
20.02.2025 03:15;19,88
20.02.2025 03:30;17,58
20.02.2025 03:45;18,24
20.02.2025 04:00;21,06
20.02.2025 04:15;16,8
20.02.2025 04:30;15,76
20.02.2025 04:45;16,34
20.02.2025 05:00;18,32
20.02.2025 05:15;26,62
20.02.2025 05:30;46,08
20.02.2025 05:45;70,4
20.02.2025 06:00;65,52
20.02.2025 06:15;70,92
20.02.2025 06:30;79,26
20.02.2025 06:45;87,74
20.02.2025 07:00;84,02
20.02.2025 07:15;79,88
20.02.2025 07:30;80,48
20.02.2025 07:45;80,66
20.02.2025 08:00;72,42
20.02.2025 08:15;70,08
20.02.2025 08:30;64,7
20.02.2025 08:45;71,34
20.02.2025 09:00;58,68
20.02.2025 09:15;59,5
20.02.2025 09:30;71,76
20.02.2025 09:45;62,94
20.02.2025 10:00;54,02
20.02.2025 10:15;48,38
20.02.2025 10:30;37,56
20.02.2025 10:45;41,44
20.02.2025 11:00;51,36
20.02.2025 11:15;56,24
20.02.2025 11:30;58,22
20.02.2025 11:45;53,28
20.02.2025 12:00;30,6
20.02.2025 12:15;44,7
20.02.2025 12:30;49,16
20.02.2025 12:45;44,9
20.02.2025 13:00;47
20.02.2025 13:15;46,98
20.02.2025 13:30;47,02
20.02.2025 13:45;52,78
20.02.2025 14:00;57,42
20.02.2025 14:15;52,14
20.02.2025 14:30;43,34
20.02.2025 14:45;54,56
20.02.2025 15:00;63,78
20.02.2025 15:15;77,6
20.02.2025 15:30;84,94
20.02.2025 15:45;89,56
20.02.2025 16:00;92,72
20.02.2025 16:15;101,24
20.02.2025 16:30;89,52
20.02.2025 16:45;76,96
20.02.2025 17:00;68,66
20.02.2025 17:15;86,02
20.02.2025 17:30;94,6
20.02.2025 17:45;73,1
20.02.2025 18:00;69,5
20.02.2025 18:15;64,8
20.02.2025 18:30;78,42
20.02.2025 18:45;66,34
20.02.2025 19:00;69,92
20.02.2025 19:15;74,68
20.02.2025 19:30;90,04
20.02.2025 19:45;79,32
20.02.2025 20:00;51,96
20.02.2025 20:15;63,74
20.02.2025 20:30;64,84
20.02.2025 20:45;67,62
20.02.2025 21:00;73,52
20.02.2025 21:15;64,06
20.02.2025 21:30;78,12
20.02.2025 21:45;65,26
20.02.2025 22:00;62,44
20.02.2025 22:15;46,7
20.02.2025 22:30;32,88
20.02.2025 22:45;31,88
20.02.2025 23:00;28,24
20.02.2025 23:15;21,78
20.02.2025 23:30;26,74
20.02.2025 23:45;25,58
21.02.2025 00:00;21,78
21.02.2025 00:15;26,7
21.02.2025 00:30;24,48
21.02.2025 00:45;23,3
21.02.2025 01:00;26,26
21.02.2025 01:15;22,58
21.02.2025 01:30;25,2
21.02.2025 01:45;26,26
21.02.2025 02:00;22,54
21.02.2025 02:15;23,62
21.02.2025 02:30;24,7
21.02.2025 02:45;18,32
21.02.2025 03:00;19,36
21.02.2025 03:15;15,86
21.02.2025 03:30;15,62
21.02.2025 03:45;18,64
21.02.2025 04:00;16,12
21.02.2025 04:15;15
21.02.2025 04:30;17,8
21.02.2025 04:45;16,92
21.02.2025 05:00;18,52
21.02.2025 05:15;25,26
21.02.2025 05:30;35,38
21.02.2025 05:45;41,52
21.02.2025 06:00;47,54
21.02.2025 06:15;46,6
21.02.2025 06:30;42,76
21.02.2025 06:45;56,3
21.02.2025 07:00;56,38
21.02.2025 07:15;54,02
21.02.2025 07:30;46,7
21.02.2025 07:45;44,24
21.02.2025 08:00;46,86
21.02.2025 08:15;47,46
21.02.2025 08:30;41,04
21.02.2025 08:45;37,36
21.02.2025 09:00;28,72
21.02.2025 09:15;29,72
21.02.2025 09:30;23,04
21.02.2025 09:45;25,76
21.02.2025 10:00;19,46
21.02.2025 10:15;20,12
21.02.2025 10:30;19,08
21.02.2025 10:45;18,64
21.02.2025 11:00;17,92
21.02.2025 11:15;23,38
21.02.2025 11:30;23,2
21.02.2025 11:45;27,7
21.02.2025 12:00;19,7
21.02.2025 12:15;24,56
21.02.2025 12:30;35,94
21.02.2025 12:45;34,9
21.02.2025 13:00;33,02
21.02.2025 13:15;24,2
21.02.2025 13:30;19,24
21.02.2025 13:45;26,8
21.02.2025 14:00;26,8
21.02.2025 14:15;38,34
21.02.2025 14:30;41,94
21.02.2025 14:45;61,32
21.02.2025 15:00;65,72
21.02.2025 15:15;56,02
21.02.2025 15:30;46,82
21.02.2025 15:45;57,42
21.02.2025 16:00;63,82
21.02.2025 16:15;74,08
21.02.2025 16:30;71,74
21.02.2025 16:45;65,64
21.02.2025 17:00;52,5
21.02.2025 17:15;68,7
21.02.2025 17:30;81,34
21.02.2025 17:45;81,96
21.02.2025 18:00;76,72
21.02.2025 18:15;81
21.02.2025 18:30;82
21.02.2025 18:45;68,02
21.02.2025 19:00;69,72
21.02.2025 19:15;68
21.02.2025 19:30;68,58
21.02.2025 19:45;63,72
21.02.2025 20:00;55,34
21.02.2025 20:15;64,14
21.02.2025 20:30;69
21.02.2025 20:45;68,32
21.02.2025 21:00;63,42
21.02.2025 21:15;67,62
21.02.2025 21:30;63,22
21.02.2025 21:45;63,98
21.02.2025 22:00;48,34
21.02.2025 22:15;22,16
21.02.2025 22:30;11,24
21.02.2025 22:45;9,94
21.02.2025 23:00;9,48
21.02.2025 23:15;9,52
21.02.2025 23:30;8,36
21.02.2025 23:45;8,88
22.02.2025 00:00;7,88
22.02.2025 00:15;7,54
22.02.2025 00:30;10,04
22.02.2025 00:45;7,68
22.02.2025 01:00;6,54
22.02.2025 01:15;7,46
22.02.2025 01:30;6,78
22.02.2025 01:45;6,58
22.02.2025 02:00;6,94
22.02.2025 02:15;5,94
22.02.2025 02:30;6,66
22.02.2025 02:45;8,54
22.02.2025 03:00;6,6
22.02.2025 03:15;6,08
22.02.2025 03:30;6,04
22.02.2025 03:45;3,3
22.02.2025 04:00;4,1
22.02.2025 04:15;3,9
22.02.2025 04:30;3,44
22.02.2025 04:45;4,98
22.02.2025 05:00;8,72
22.02.2025 05:15;10,56
22.02.2025 05:30;11,3
22.02.2025 05:45;8,62
22.02.2025 06:00;9,54
22.02.2025 06:15;10,84
22.02.2025 06:30;10,52
22.02.2025 06:45;10,66
22.02.2025 07:00;9,68
22.02.2025 07:15;7,78
22.02.2025 07:30;6,78
22.02.2025 07:45;3,94
22.02.2025 08:00;5,12
22.02.2025 08:15;0,68
22.02.2025 08:30;0
22.02.2025 08:45;0
22.02.2025 09:00;0
22.02.2025 09:15;0
22.02.2025 09:30;0
22.02.2025 09:45;0
22.02.2025 10:00;0
22.02.2025 10:15;0
22.02.2025 10:30;0
22.02.2025 10:45;0
22.02.2025 11:00;0
22.02.2025 11:15;0
22.02.2025 11:30;0
22.02.2025 11:45;0
22.02.2025 12:00;0
22.02.2025 12:15;0
22.02.2025 12:30;0
22.02.2025 12:45;0
22.02.2025 13:00;0
22.02.2025 13:15;0
22.02.2025 13:30;0
22.02.2025 13:45;0
22.02.2025 14:00;0
22.02.2025 14:15;0
22.02.2025 14:30;0
22.02.2025 14:45;0
22.02.2025 15:00;0
22.02.2025 15:15;0
22.02.2025 15:30;0
22.02.2025 15:45;0
22.02.2025 16:00;0
22.02.2025 16:15;0
22.02.2025 16:30;0,68
22.02.2025 16:45;0,6
22.02.2025 17:00;1,88
22.02.2025 17:15;3,68
22.02.2025 17:30;3,86
22.02.2025 17:45;6,8
22.02.2025 18:00;5,92
22.02.2025 18:15;3,62
22.02.2025 18:30;4,62
22.02.2025 18:45;4,24
22.02.2025 19:00;3,6
22.02.2025 19:15;4,68
22.02.2025 19:30;3,62
22.02.2025 19:45;4,36
22.02.2025 20:00;4,46
22.02.2025 20:15;3,46
22.02.2025 20:30;4,62
22.02.2025 20:45;4,16
22.02.2025 21:00;3,48
22.02.2025 21:15;7,66
22.02.2025 21:30;4,3
22.02.2025 21:45;3,72
22.02.2025 22:00;3,78
22.02.2025 22:15;3,08
22.02.2025 22:30;3,86
22.02.2025 22:45;3,92
22.02.2025 23:00;3,16
22.02.2025 23:15;4,36
22.02.2025 23:30;3,98
22.02.2025 23:45;2,96
23.02.2025 00:00;3,94
23.02.2025 00:15;3,5
23.02.2025 00:30;3,46
23.02.2025 00:45;3,8
23.02.2025 01:00;5,98
23.02.2025 01:15;3,8
23.02.2025 01:30;3,96
23.02.2025 01:45;2,86
23.02.2025 02:00;3,86
23.02.2025 02:15;3,82
23.02.2025 02:30;2,94
23.02.2025 02:45;3,92
23.02.2025 03:00;3,14
23.02.2025 03:15;3,58
23.02.2025 03:30;3,84
23.02.2025 03:45;4,12
23.02.2025 04:00;5,74
23.02.2025 04:15;4,36
23.02.2025 04:30;3,22
23.02.2025 04:45;7,76
23.02.2025 05:00;3,84
23.02.2025 05:15;3,02
23.02.2025 05:30;3,96
23.02.2025 05:45;3,16
23.02.2025 06:00;3,62
23.02.2025 06:15;3,88
23.02.2025 06:30;2,94
23.02.2025 06:45;3,88
23.02.2025 07:00;3,82
23.02.2025 07:15;1,86
23.02.2025 07:30;2,08
23.02.2025 07:45;1,68
23.02.2025 08:00;0
23.02.2025 08:15;2,24
23.02.2025 08:30;0
23.02.2025 08:45;0
23.02.2025 09:00;0
23.02.2025 09:15;0
23.02.2025 09:30;0
23.02.2025 09:45;0
23.02.2025 10:00;0
23.02.2025 10:15;0
23.02.2025 10:30;0
23.02.2025 10:45;0
23.02.2025 11:00;0
23.02.2025 11:15;0
23.02.2025 11:30;0
23.02.2025 11:45;0
23.02.2025 12:00;0
23.02.2025 12:15;0
23.02.2025 12:30;0
23.02.2025 12:45;0
23.02.2025 13:00;0
23.02.2025 13:15;0
23.02.2025 13:30;0
23.02.2025 13:45;0
23.02.2025 14:00;0
23.02.2025 14:15;0
23.02.2025 14:30;0
23.02.2025 14:45;0
23.02.2025 15:00;0
23.02.2025 15:15;0,08
23.02.2025 15:30;0
23.02.2025 15:45;0,14
23.02.2025 16:00;0,02
23.02.2025 16:15;0
23.02.2025 16:30;0
23.02.2025 16:45;0,04
23.02.2025 17:00;0,42
23.02.2025 17:15;2,04
23.02.2025 17:30;2,3
23.02.2025 17:45;3,6
23.02.2025 18:00;3,98
23.02.2025 18:15;3,2
23.02.2025 18:30;7,02
23.02.2025 18:45;4,98
23.02.2025 19:00;3,7
23.02.2025 19:15;4,22
23.02.2025 19:30;3,6
23.02.2025 19:45;3,96
23.02.2025 20:00;4,34
23.02.2025 20:15;3,32
23.02.2025 20:30;4,46
23.02.2025 20:45;4,28
23.02.2025 21:00;3,16
23.02.2025 21:15;4,34
23.02.2025 21:30;4,06
23.02.2025 21:45;3,44
23.02.2025 22:00;4,02
23.02.2025 22:15;6,46
23.02.2025 22:30;4
23.02.2025 22:45;3,94
23.02.2025 23:00;2,78
23.02.2025 23:15;3,92
23.02.2025 23:30;4
23.02.2025 23:45;2,84
24.02.2025 00:00;3,9
24.02.2025 00:15;3,82
24.02.2025 00:30;3,24
24.02.2025 00:45;3,86
24.02.2025 01:00;3,38
24.02.2025 01:15;3,7
24.02.2025 01:30;3,92
24.02.2025 01:45;4,98
24.02.2025 02:00;5
24.02.2025 02:15;4,12
24.02.2025 02:30;3
24.02.2025 02:45;4
24.02.2025 03:00;3,94
24.02.2025 03:15;3,26
24.02.2025 03:30;4,14
24.02.2025 03:45;3,34
24.02.2025 04:00;3,74
24.02.2025 04:15;4,44
24.02.2025 04:30;4,88
24.02.2025 04:45;6,76
24.02.2025 05:00;9,42
24.02.2025 05:15;11,36
24.02.2025 05:30;39,34
24.02.2025 05:45;56,22
24.02.2025 06:00;61,6
24.02.2025 06:15;56,12
24.02.2025 06:30;68,96
24.02.2025 06:45;68,42
24.02.2025 07:00;67,98
24.02.2025 07:15;67,4
24.02.2025 07:30;65,72
24.02.2025 07:45;65,52
24.02.2025 08:00;73,94
24.02.2025 08:15;69,54
24.02.2025 08:30;74,86
24.02.2025 08:45;72,96
24.02.2025 09:00;51,9
24.02.2025 09:15;59,82
24.02.2025 09:30;71
24.02.2025 09:45;71,04
24.02.2025 10:00;73,96
24.02.2025 10:15;68,38
24.02.2025 10:30;58,46
24.02.2025 10:45;44,64
24.02.2025 11:00;35,84
24.02.2025 11:15;41,92
24.02.2025 11:30;59,36
24.02.2025 11:45;46,46
24.02.2025 12:00;30,06
24.02.2025 12:15;39,14
24.02.2025 12:30;41,94
24.02.2025 12:45;39
24.02.2025 13:00;38,72
24.02.2025 13:15;45,26
24.02.2025 13:30;36,48
24.02.2025 13:45;44,82
24.02.2025 14:00;39,8
24.02.2025 14:15;49,62
24.02.2025 14:30;48,82
24.02.2025 14:45;55,34
24.02.2025 15:00;62,32
24.02.2025 15:15;55,28
24.02.2025 15:30;64,24
24.02.2025 15:45;79,24
24.02.2025 16:00;81,14
24.02.2025 16:15;70,74
24.02.2025 16:30;81,58
24.02.2025 16:45;86
24.02.2025 17:00;59,24
24.02.2025 17:15;71
24.02.2025 17:30;79,72
24.02.2025 17:45;79,06
24.02.2025 18:00;76,74
24.02.2025 18:15;69,06
24.02.2025 18:30;75,16
24.02.2025 18:45;76,26
24.02.2025 19:00;71,28
24.02.2025 19:15;64,84
24.02.2025 19:30;67,94
24.02.2025 19:45;70,18
24.02.2025 20:00;51,32
24.02.2025 20:15;62,54
24.02.2025 20:30;66,14
24.02.2025 20:45;67,6
24.02.2025 21:00;65,44
24.02.2025 21:15;72,34
24.02.2025 21:30;73,04
24.02.2025 21:45;74,88
24.02.2025 22:00;65,84
24.02.2025 22:15;65,04
24.02.2025 22:30;61,16
24.02.2025 22:45;49
24.02.2025 23:00;36,26
24.02.2025 23:15;29,94
24.02.2025 23:30;24,66
24.02.2025 23:45;18,9
25.02.2025 00:00;17,96
25.02.2025 00:15;20,32
25.02.2025 00:30;18,54
25.02.2025 00:45;17,16
25.02.2025 01:00;19,1
25.02.2025 01:15;17,94
25.02.2025 01:30;14,88
25.02.2025 01:45;16,52
25.02.2025 02:00;18,46
25.02.2025 02:15;15,02
25.02.2025 02:30;15,44
25.02.2025 02:45;18,8
25.02.2025 03:00;15,68
25.02.2025 03:15;15,14
25.02.2025 03:30;16,86
25.02.2025 03:45;16,8
25.02.2025 04:00;15,14
25.02.2025 04:15;16,32
25.02.2025 04:30;18,58
25.02.2025 04:45;17,18
25.02.2025 05:00;20,28
25.02.2025 05:15;27,36
25.02.2025 05:30;56,84
25.02.2025 05:45;72,5
25.02.2025 06:00;76,66
25.02.2025 06:15;78,84
25.02.2025 06:30;93,42
25.02.2025 06:45;87,38
25.02.2025 07:00;89,6
25.02.2025 07:15;92,7
25.02.2025 07:30;92,42
25.02.2025 07:45;89,04
25.02.2025 08:00;90,28
25.02.2025 08:15;93,24
25.02.2025 08:30;79,86
25.02.2025 08:45;68,74
25.02.2025 09:00;52,12
25.02.2025 09:15;54,82
25.02.2025 09:30;71,8
25.02.2025 09:45;46,7
25.02.2025 10:00;54,82
25.02.2025 10:15;37,08
25.02.2025 10:30;47,58
25.02.2025 10:45;51,72
25.02.2025 11:00;24,8
25.02.2025 11:15;57,16
25.02.2025 11:30;44,44
25.02.2025 11:45;64,22
25.02.2025 12:00;53,2
25.02.2025 12:15;40,18
25.02.2025 12:30;44,48
25.02.2025 12:45;41,58
25.02.2025 13:00;32,36
25.02.2025 13:15;21
25.02.2025 13:30;45,56
25.02.2025 13:45;33,74
25.02.2025 14:00;51,54
25.02.2025 14:15;52,6
25.02.2025 14:30;52,94
25.02.2025 14:45;43,28
25.02.2025 15:00;50,54
25.02.2025 15:15;60,66
25.02.2025 15:30;65,44
25.02.2025 15:45;75,12
25.02.2025 16:00;73,7
25.02.2025 16:15;67,64
25.02.2025 16:30;79,86
25.02.2025 16:45;72,72
25.02.2025 17:00;65,18
25.02.2025 17:15;57,24
25.02.2025 17:30;55,4
25.02.2025 17:45;63,82
25.02.2025 18:00;75,5
25.02.2025 18:15;76,68
25.02.2025 18:30;76,1
25.02.2025 18:45;77,88
25.02.2025 19:00;85,48
25.02.2025 19:15;74,44
25.02.2025 19:30;62,66
25.02.2025 19:45;69,34
25.02.2025 20:00;65,26
25.02.2025 20:15;70,82
25.02.2025 20:30;79,86
25.02.2025 20:45;72,3
25.02.2025 21:00;66,08
25.02.2025 21:15;70,12
25.02.2025 21:30;62,1
25.02.2025 21:45;75,86
25.02.2025 22:00;74,82
25.02.2025 22:15;76,9
25.02.2025 22:30;61,34
25.02.2025 22:45;48,3
25.02.2025 23:00;32,28
25.02.2025 23:15;29,28
25.02.2025 23:30;27,22
25.02.2025 23:45;26,6
26.02.2025 00:00;29,78
26.02.2025 00:15;25,44
26.02.2025 00:30;25,66
26.02.2025 00:45;28,78
26.02.2025 01:00;24,66
26.02.2025 01:15;25,7
26.02.2025 01:30;28,58
26.02.2025 01:45;24,24
26.02.2025 02:00;25,74
26.02.2025 02:15;27,86
26.02.2025 02:30;23,42
26.02.2025 02:45;25
26.02.2025 03:00;25,68
26.02.2025 03:15;15,9
26.02.2025 03:30;16,8
26.02.2025 03:45;19,26
26.02.2025 04:00;16,66
26.02.2025 04:15;16,56
26.02.2025 04:30;19,6
26.02.2025 04:45;18,32
26.02.2025 05:00;20,64
26.02.2025 05:15;25,54
26.02.2025 05:30;42,48
26.02.2025 05:45;64,32
26.02.2025 06:00;53,3
26.02.2025 06:15;70,94
26.02.2025 06:30;84,36
26.02.2025 06:45;75,7
26.02.2025 07:00;87,64
26.02.2025 07:15;89,5
26.02.2025 07:30;88,68
26.02.2025 07:45;81,32
26.02.2025 08:00;75,94
26.02.2025 08:15;74,76
26.02.2025 08:30;74,34
26.02.2025 08:45;74,82
26.02.2025 09:00;62,74
26.02.2025 09:15;60,98
26.02.2025 09:30;62,22
26.02.2025 09:45;56,84
26.02.2025 10:00;61,6
26.02.2025 10:15;59,44
26.02.2025 10:30;79,76
26.02.2025 10:45;83,2
26.02.2025 11:00;82,7
26.02.2025 11:15;69
26.02.2025 11:30;66,18
26.02.2025 11:45;53,84
26.02.2025 12:00;41,44
26.02.2025 12:15;55,72
26.02.2025 12:30;75,44
26.02.2025 12:45;81,14
26.02.2025 13:00;82,08
26.02.2025 13:15;78,78
26.02.2025 13:30;77,7
26.02.2025 13:45;73,14
26.02.2025 14:00;75,32
26.02.2025 14:15;76,18
26.02.2025 14:30;78,78
26.02.2025 14:45;80,2
26.02.2025 15:00;69,86
26.02.2025 15:15;77,98
26.02.2025 15:30;74,44
26.02.2025 15:45;64,1
26.02.2025 16:00;72,2
26.02.2025 16:15;61,2
26.02.2025 16:30;69,22
26.02.2025 16:45;63,88
26.02.2025 17:00;58,02
26.02.2025 17:15;75,54
26.02.2025 17:30;78,56
26.02.2025 17:45;72,16
26.02.2025 18:00;73,02
26.02.2025 18:15;77,84
26.02.2025 18:30;79,82
26.02.2025 18:45;78,28
26.02.2025 19:00;77,68
26.02.2025 19:15;78,12
26.02.2025 19:30;76,96
26.02.2025 19:45;76,98
26.02.2025 20:00;48,32
26.02.2025 20:15;57,02
26.02.2025 20:30;59,56
26.02.2025 20:45;57,8
26.02.2025 21:00;52,3
26.02.2025 21:15;51,46
26.02.2025 21:30;58,48
26.02.2025 21:45;48,78
26.02.2025 22:00;45,74
26.02.2025 22:15;42,74
26.02.2025 22:30;41,26
26.02.2025 22:45;38,06
26.02.2025 23:00;28,7
26.02.2025 23:15;31,74
26.02.2025 23:30;33,06
26.02.2025 23:45;27,72
27.02.2025 00:00;28,58
27.02.2025 00:15;21,68
27.02.2025 00:30;19,38
27.02.2025 00:45;21,6
27.02.2025 01:00;21,6
27.02.2025 01:15;17,98
27.02.2025 01:30;20,48
27.02.2025 01:45;21,72
27.02.2025 02:00;17,68
27.02.2025 02:15;18,86
27.02.2025 02:30;22,16
27.02.2025 02:45;18,28
27.02.2025 03:00;16,5
27.02.2025 03:15;20,56
27.02.2025 03:30;18,1
27.02.2025 03:45;15,94
27.02.2025 04:00;15,9
27.02.2025 04:15;19,7
27.02.2025 04:30;16,22
27.02.2025 04:45;18,08
27.02.2025 05:00;25,32
27.02.2025 05:15;25,02
27.02.2025 05:30;65,5
27.02.2025 05:45;73,54
27.02.2025 06:00;82,54
27.02.2025 06:15;90,08
27.02.2025 06:30;88,68
27.02.2025 06:45;92,78
27.02.2025 07:00;94,12
27.02.2025 07:15;81,44
27.02.2025 07:30;76,64
27.02.2025 07:45;84,42
27.02.2025 08:00;80
27.02.2025 08:15;58,98
27.02.2025 08:30;69,24
27.02.2025 08:45;78,52
27.02.2025 09:00;32,08
27.02.2025 09:15;50,52
27.02.2025 09:30;63,06
27.02.2025 09:45;75,08
27.02.2025 10:00;68,54
27.02.2025 10:15;70,2
27.02.2025 10:30;65,82
27.02.2025 10:45;61,02
27.02.2025 11:00;75,18
27.02.2025 11:15;77,82
27.02.2025 11:30;67,14
27.02.2025 11:45;57,98
27.02.2025 12:00;46,14
27.02.2025 12:15;63,7
27.02.2025 12:30;77,7
27.02.2025 12:45;70,04
27.02.2025 13:00;60,64
27.02.2025 13:15;56,82
27.02.2025 13:30;66,4
27.02.2025 13:45;68,08
27.02.2025 14:00;75,5
27.02.2025 14:15;81,58
27.02.2025 14:30;67,44
27.02.2025 14:45;73,46
27.02.2025 15:00;74,54
27.02.2025 15:15;65,96
27.02.2025 15:30;65,14
27.02.2025 15:45;77,14
27.02.2025 16:00;68,52
27.02.2025 16:15;76,7
27.02.2025 16:30;74,74
27.02.2025 16:45;76,14
27.02.2025 17:00;61,76
27.02.2025 17:15;64,06
27.02.2025 17:30;58,62
27.02.2025 17:45;61,96
27.02.2025 18:00;71,74
27.02.2025 18:15;69,12
27.02.2025 18:30;78,34
27.02.2025 18:45;72,28
27.02.2025 19:00;65,84
27.02.2025 19:15;55,3
27.02.2025 19:30;62,18
27.02.2025 19:45;61,1
27.02.2025 20:00;43,62
27.02.2025 20:15;55,42
27.02.2025 20:30;43,12
27.02.2025 20:45;46,3
27.02.2025 21:00;54,22
27.02.2025 21:15;72,82
27.02.2025 21:30;68,58
27.02.2025 21:45;63,2
27.02.2025 22:00;61,84
27.02.2025 22:15;44,34
27.02.2025 22:30;35,52
27.02.2025 22:45;29,48
27.02.2025 23:00;26,84
27.02.2025 23:15;22,74
27.02.2025 23:30;27,76
27.02.2025 23:45;26,98
28.02.2025 00:00;22,5
28.02.2025 00:15;26,88
28.02.2025 00:30;28,4
28.02.2025 00:45;22,44
28.02.2025 01:00;24,4
28.02.2025 01:15;26,86
28.02.2025 01:30;22,28
28.02.2025 01:45;25,38
28.02.2025 02:00;26,06
28.02.2025 02:15;23,72
28.02.2025 02:30;26,56
28.02.2025 02:45;20,86
28.02.2025 03:00;19,56
28.02.2025 03:15;19,36
28.02.2025 03:30;15
28.02.2025 03:45;14,14
28.02.2025 04:00;15,66
28.02.2025 04:15;17,62
28.02.2025 04:30;14,56
28.02.2025 04:45;16,72
28.02.2025 05:00;23,42
28.02.2025 05:15;21,46
28.02.2025 05:30;40,12
28.02.2025 05:45;55,02
28.02.2025 06:00;54,14
28.02.2025 06:15;53,46
28.02.2025 06:30;60,56
28.02.2025 06:45;53,42
28.02.2025 07:00;56,28
28.02.2025 07:15;64,92
28.02.2025 07:30;64,74
28.02.2025 07:45;53,3
28.02.2025 08:00;51,06
28.02.2025 08:15;59,28
28.02.2025 08:30;63,62
28.02.2025 08:45;57,78
28.02.2025 09:00;32,02
28.02.2025 09:15;41,02
28.02.2025 09:30;51,58
28.02.2025 09:45;54,54
28.02.2025 10:00;57,32
28.02.2025 10:15;49,16
28.02.2025 10:30;41,6
28.02.2025 10:45;53,2
28.02.2025 11:00;68,22
28.02.2025 11:15;59,42
28.02.2025 11:30;70,48
28.02.2025 11:45;67,72
28.02.2025 12:00;55,08
28.02.2025 12:15;46
28.02.2025 12:30;56,1
28.02.2025 12:45;62,86
28.02.2025 13:00;43,34
28.02.2025 13:15;51,14
28.02.2025 13:30;52,38
28.02.2025 13:45;47
28.02.2025 14:00;41,88
28.02.2025 14:15;47,88
28.02.2025 14:30;67,94
28.02.2025 14:45;44,8
28.02.2025 15:00;44,32
28.02.2025 15:15;50,72
28.02.2025 15:30;59,36
28.02.2025 15:45;50,42
28.02.2025 16:00;47,32
28.02.2025 16:15;40,9
28.02.2025 16:30;50,78
28.02.2025 16:45;63,4
28.02.2025 17:00;60,44
28.02.2025 17:15;71,66
28.02.2025 17:30;82,6
28.02.2025 17:45;80,44
28.02.2025 18:00;69,16
28.02.2025 18:15;68,94
28.02.2025 18:30;84,32
28.02.2025 18:45;86,1
28.02.2025 19:00;77,02
28.02.2025 19:15;89,5
28.02.2025 19:30;82,82
28.02.2025 19:45;81,28
28.02.2025 20:00;71,82
28.02.2025 20:15;78,66
28.02.2025 20:30;72,94
28.02.2025 20:45;74,98
28.02.2025 21:00;69,84
28.02.2025 21:15;71,12
28.02.2025 21:30;70,74
28.02.2025 21:45;72,72
28.02.2025 22:00;67,6
28.02.2025 22:15;53,92
28.02.2025 22:30;48,02
28.02.2025 22:45;47,26
28.02.2025 23:00;46,18
28.02.2025 23:15;46,04
28.02.2025 23:30;45,86
28.02.2025 23:45;35,2
01.03.2025 00:00;32,36
01.03.2025 00:15;33,8
01.03.2025 00:30;31,48
01.03.2025 00:45;27,32
01.03.2025 01:00;32,5
01.03.2025 01:15;31,48
01.03.2025 01:30;26,8
01.03.2025 01:45;30,48
01.03.2025 02:00;29,52
01.03.2025 02:15;21,4
01.03.2025 02:30;18,74
01.03.2025 02:45;21,52
01.03.2025 03:00;17,16
01.03.2025 03:15;20,7
01.03.2025 03:30;19,28
01.03.2025 03:45;16,26
01.03.2025 04:00;20,92
01.03.2025 04:15;18,94
01.03.2025 04:30;16,38
01.03.2025 04:45;21,12
01.03.2025 05:00;17,66
01.03.2025 05:15;20,42
01.03.2025 05:30;28,46
01.03.2025 05:45;35,5
01.03.2025 06:00;52,94
01.03.2025 06:15;48,42
01.03.2025 06:30;42,62
01.03.2025 06:45;50,22
01.03.2025 07:00;48,5
01.03.2025 07:15;45,52
01.03.2025 07:30;45,34
01.03.2025 07:45;38,44
01.03.2025 08:00;38,94
01.03.2025 08:15;34,72
01.03.2025 08:30;21,84
01.03.2025 08:45;13,64
01.03.2025 09:00;13,32
01.03.2025 09:15;9,22
01.03.2025 09:30;20,16
01.03.2025 09:45;20,52
01.03.2025 10:00;11,42
01.03.2025 10:15;7,16
01.03.2025 10:30;2,24
01.03.2025 10:45;0,74
01.03.2025 11:00;0,18
01.03.2025 11:15;14,48
01.03.2025 11:30;2,7
01.03.2025 11:45;2
01.03.2025 12:00;0,56
01.03.2025 12:15;1,42
01.03.2025 12:30;0,18
01.03.2025 12:45;10,9
01.03.2025 13:00;0,14
01.03.2025 13:15;3,34
01.03.2025 13:30;0,1
01.03.2025 13:45;2,26
01.03.2025 14:00;3,12
01.03.2025 14:15;0,02
01.03.2025 14:30;0
01.03.2025 14:45;5,5
01.03.2025 15:00;5,16
01.03.2025 15:15;8,92
01.03.2025 15:30;6,92
01.03.2025 15:45;14,44
01.03.2025 16:00;16,16
01.03.2025 16:15;12,18
01.03.2025 16:30;16,26
01.03.2025 16:45;12,24
01.03.2025 17:00;17,12
01.03.2025 17:15;16,7
01.03.2025 17:30;18
01.03.2025 17:45;21,44
01.03.2025 18:00;17,26
01.03.2025 18:15;20,42
01.03.2025 18:30;19,36
01.03.2025 18:45;18,38
01.03.2025 19:00;21,44
01.03.2025 19:15;18,2
01.03.2025 19:30;22,06
01.03.2025 19:45;18,16
01.03.2025 20:00;19,9
01.03.2025 20:15;21,84
01.03.2025 20:30;17,08
01.03.2025 20:45;21
01.03.2025 21:00;21,16
01.03.2025 21:15;17,3
01.03.2025 21:30;22,2
01.03.2025 21:45;21,36
01.03.2025 22:00;16,7
01.03.2025 22:15;16,54
01.03.2025 22:30;12,04
01.03.2025 22:45;11,28
01.03.2025 23:00;15,32
01.03.2025 23:15;11,54
01.03.2025 23:30;11,36
01.03.2025 23:45;14,42
02.03.2025 00:00;12,16
02.03.2025 00:15;11,68
02.03.2025 00:30;15,38
02.03.2025 00:45;12,1
02.03.2025 01:00;11,58
02.03.2025 01:15;14,78
02.03.2025 01:30;11,8
02.03.2025 01:45;11,38
02.03.2025 02:00;15,28
02.03.2025 02:15;11,94
02.03.2025 02:30;12,36
02.03.2025 02:45;16,2
02.03.2025 03:00;13
02.03.2025 03:15;11,26
02.03.2025 03:30;13,86
02.03.2025 03:45;12,7
02.03.2025 04:00;11,6
02.03.2025 04:15;13,8
02.03.2025 04:30;13,94
02.03.2025 04:45;11,34
02.03.2025 05:00;12
02.03.2025 05:15;15,04
02.03.2025 05:30;11,2
02.03.2025 05:45;11,36
02.03.2025 06:00;15,54
02.03.2025 06:15;11,98
02.03.2025 06:30;11,62
02.03.2025 06:45;13,9
02.03.2025 07:00;11,56
02.03.2025 07:15;9,34
02.03.2025 07:30;9,28
02.03.2025 07:45;6,8
02.03.2025 08:00;2,04
02.03.2025 08:15;0,68
02.03.2025 08:30;0
02.03.2025 08:45;0
02.03.2025 09:00;0
02.03.2025 09:15;0
02.03.2025 09:30;0
02.03.2025 09:45;0
02.03.2025 10:00;0
02.03.2025 10:15;0
02.03.2025 10:30;0
02.03.2025 10:45;0
02.03.2025 11:00;0
02.03.2025 11:15;0
02.03.2025 11:30;0
02.03.2025 11:45;0
02.03.2025 12:00;0
02.03.2025 12:15;0
02.03.2025 12:30;0
02.03.2025 12:45;0
02.03.2025 13:00;0
02.03.2025 13:15;0
02.03.2025 13:30;0
02.03.2025 13:45;0
02.03.2025 14:00;0
02.03.2025 14:15;0
02.03.2025 14:30;0
02.03.2025 14:45;0
02.03.2025 15:00;0
02.03.2025 15:15;0
02.03.2025 15:30;0
02.03.2025 15:45;0
02.03.2025 16:00;0
02.03.2025 16:15;0,66
02.03.2025 16:30;1,9
02.03.2025 16:45;4,88
02.03.2025 17:00;9,12
02.03.2025 17:15;13,34
02.03.2025 17:30;10,04
02.03.2025 17:45;10,86
02.03.2025 18:00;15,88
02.03.2025 18:15;11,82
02.03.2025 18:30;12
02.03.2025 18:45;15,86
02.03.2025 19:00;12,06
02.03.2025 19:15;11,84
02.03.2025 19:30;14,08
02.03.2025 19:45;13,08
02.03.2025 20:00;12,08
02.03.2025 20:15;13,78
02.03.2025 20:30;14,06
02.03.2025 20:45;11,64
02.03.2025 21:00;12,98
02.03.2025 21:15;15,4
02.03.2025 21:30;12,1
02.03.2025 21:45;11,76
02.03.2025 22:00;12,92
02.03.2025 22:15;14,54
02.03.2025 22:30;11,48
02.03.2025 22:45;11,76
02.03.2025 23:00;14,72
02.03.2025 23:15;11,3
02.03.2025 23:30;11,4
02.03.2025 23:45;15,8
03.03.2025 00:00;12,48
03.03.2025 00:15;12
03.03.2025 00:30;11,6
03.03.2025 00:45;14,88
03.03.2025 01:00;11,54
03.03.2025 01:15;11,6
03.03.2025 01:30;14,8
03.03.2025 01:45;12
03.03.2025 02:00;11,84
03.03.2025 02:15;15,68
03.03.2025 02:30;11,62
03.03.2025 02:45;11,54
03.03.2025 03:00;13,98
03.03.2025 03:15;14,18
03.03.2025 03:30;13
03.03.2025 03:45;13,32
03.03.2025 04:00;14,34
03.03.2025 04:15;11,86
03.03.2025 04:30;12,02
03.03.2025 04:45;15,02
03.03.2025 05:00;12,74
03.03.2025 05:15;21,08
03.03.2025 05:30;32,32
03.03.2025 05:45;35,7
03.03.2025 06:00;39,36
03.03.2025 06:15;46,96
03.03.2025 06:30;41,98
03.03.2025 06:45;45,46
03.03.2025 07:00;45,66
03.03.2025 07:15;46,18
03.03.2025 07:30;56,14
03.03.2025 07:45;54,08
03.03.2025 08:00;47,98
03.03.2025 08:15;44,96
03.03.2025 08:30;40,04
03.03.2025 08:45;35,84
03.03.2025 09:00;24,3
03.03.2025 09:15;24,46
03.03.2025 09:30;23,44
03.03.2025 09:45;18,5
03.03.2025 10:00;12,22
03.03.2025 10:15;8,86
03.03.2025 10:30;10,92
03.03.2025 10:45;8,18
03.03.2025 11:00;0,78
03.03.2025 11:15;7,08
03.03.2025 11:30;5,6
03.03.2025 11:45;1,44
03.03.2025 12:00;0,18
03.03.2025 12:15;2,76
03.03.2025 12:30;0,02
03.03.2025 12:45;0
03.03.2025 13:00;0,18
03.03.2025 13:15;4
03.03.2025 13:30;4,4
03.03.2025 13:45;1,32
03.03.2025 14:00;3,26
03.03.2025 14:15;21,14
03.03.2025 14:30;32,72
03.03.2025 14:45;31
03.03.2025 15:00;28,02
03.03.2025 15:15;36,16
03.03.2025 15:30;41,08
03.03.2025 15:45;52,86
03.03.2025 16:00;52,06
03.03.2025 16:15;57,38
03.03.2025 16:30;51,16
03.03.2025 16:45;55,76
03.03.2025 17:00;51,18
03.03.2025 17:15;58,7
03.03.2025 17:30;69,86
03.03.2025 17:45;67,82
03.03.2025 18:00;73,72
03.03.2025 18:15;77,96
03.03.2025 18:30;68,42
03.03.2025 18:45;69,18
03.03.2025 19:00;71,12
03.03.2025 19:15;56,78
03.03.2025 19:30;57,88
03.03.2025 19:45;54,3
03.03.2025 20:00;44,74
03.03.2025 20:15;55,64
03.03.2025 20:30;61,32
03.03.2025 20:45;64
03.03.2025 21:00;72,2
03.03.2025 21:15;77,06
03.03.2025 21:30;72
03.03.2025 21:45;74,98
03.03.2025 22:00;77,18
03.03.2025 22:15;64,08
03.03.2025 22:30;37,78
03.03.2025 22:45;29,8
03.03.2025 23:00;25,44
03.03.2025 23:15;22,24
03.03.2025 23:30;26
03.03.2025 23:45;21,86
04.03.2025 00:00;24,76
04.03.2025 00:15;23,74
04.03.2025 00:30;21,14
04.03.2025 00:45;25,58
04.03.2025 01:00;21
04.03.2025 01:15;23,46
04.03.2025 01:30;24,84
04.03.2025 01:45;20,56
04.03.2025 02:00;23,08
04.03.2025 02:15;22,22
04.03.2025 02:30;20,58
04.03.2025 02:45;25,9
04.03.2025 03:00;17,42
04.03.2025 03:15;16,82
04.03.2025 03:30;20,12
04.03.2025 03:45;15,84
04.03.2025 04:00;15,6
04.03.2025 04:15;19,86
04.03.2025 04:30;15,96
04.03.2025 04:45;16,14
04.03.2025 05:00;21,9
04.03.2025 05:15;24,4
04.03.2025 05:30;37,8
04.03.2025 05:45;64,68
04.03.2025 06:00;72,14
04.03.2025 06:15;76,06
04.03.2025 06:30;69,92
04.03.2025 06:45;76,6
04.03.2025 07:00;79,3
04.03.2025 07:15;74,72
04.03.2025 07:30;55,16
04.03.2025 07:45;40,6
04.03.2025 08:00;43,3
04.03.2025 08:15;52,42
04.03.2025 08:30;60,92
04.03.2025 08:45;55,48
04.03.2025 09:00;21,08
04.03.2025 09:15;35,04
04.03.2025 09:30;29,3
04.03.2025 09:45;32,56
04.03.2025 10:00;27,46
04.03.2025 10:15;15,18
04.03.2025 10:30;0,72
04.03.2025 10:45;0,22
04.03.2025 11:00;14,2
04.03.2025 11:15;15,52
04.03.2025 11:30;10,92
04.03.2025 11:45;8,56
04.03.2025 12:00;
04.03.2025 12:15;2,42
04.03.2025 12:30;7,94
04.03.2025 12:45;2,74
04.03.2025 13:00;2,3
04.03.2025 13:15;2,22
04.03.2025 13:30;9,38
04.03.2025 13:45;2,66
04.03.2025 14:00;3,48
04.03.2025 14:15;9,24
04.03.2025 14:30;15,12
04.03.2025 14:45;21,82
04.03.2025 15:00;33,18
04.03.2025 15:15;44,38
04.03.2025 15:30;45,72
04.03.2025 15:45;59,8
04.03.2025 16:00;59,94
04.03.2025 16:15;56,12
04.03.2025 16:30;64,08
04.03.2025 16:45;59,84
04.03.2025 17:00;42,64
04.03.2025 17:15;61,58
04.03.2025 17:30;70,62
04.03.2025 17:45;70,38
04.03.2025 18:00;63,68
04.03.2025 18:15;67,36
04.03.2025 18:30;65,52
04.03.2025 18:45;62,46
04.03.2025 19:00;67
04.03.2025 19:15;54,2
04.03.2025 19:30;57,98
04.03.2025 19:45;51,44
04.03.2025 20:00;38,14
04.03.2025 20:15;49,54
04.03.2025 20:30;57,26
04.03.2025 20:45;53,14
04.03.2025 21:00;52,84
04.03.2025 21:15;48,5
04.03.2025 21:30;48,36
04.03.2025 21:45;35,82
04.03.2025 22:00;43,26
04.03.2025 22:15;33,22
04.03.2025 22:30;34,22
04.03.2025 22:45;27,4
04.03.2025 23:00;20,86
04.03.2025 23:15;25,8
04.03.2025 23:30;22,4
04.03.2025 23:45;23,18
05.03.2025 00:00;23
05.03.2025 00:15;20,44
05.03.2025 00:30;25,98
05.03.2025 00:45;22,02
05.03.2025 01:00;21,3
05.03.2025 01:15;24,02
05.03.2025 01:30;17,48
05.03.2025 01:45;23,14
05.03.2025 02:00;20,12
05.03.2025 02:15;20,9
05.03.2025 02:30;21,5
05.03.2025 02:45;18,12
05.03.2025 03:00;22,94
05.03.2025 03:15;19,3
05.03.2025 03:30;19,46
05.03.2025 03:45;21,7
05.03.2025 04:00;17,66
05.03.2025 04:15;21,12
05.03.2025 04:30;21,38
05.03.2025 04:45;17,62
05.03.2025 05:00;22,42
05.03.2025 05:15;25,26
05.03.2025 05:30;37,88
05.03.2025 05:45;59,6
05.03.2025 06:00;60,86
05.03.2025 06:15;64,38
05.03.2025 06:30;59,9
05.03.2025 06:45;59,54
05.03.2025 07:00;54,14
05.03.2025 07:15;48,86
05.03.2025 07:30;37,34
05.03.2025 07:45;33,8
05.03.2025 08:00;49,08
05.03.2025 08:15;50
05.03.2025 08:30;43,12
05.03.2025 08:45;40,04
05.03.2025 09:00;26,08
05.03.2025 09:15;24,78
05.03.2025 09:30;28,78
05.03.2025 09:45;24,88
05.03.2025 10:00;17,94
05.03.2025 10:15;9,42
05.03.2025 10:30;8,08
05.03.2025 10:45;2,22
05.03.2025 11:00;2,36
05.03.2025 11:15;3,62
05.03.2025 11:30;1,08
05.03.2025 11:45;0,88
05.03.2025 12:00;0
05.03.2025 12:15;0,88
05.03.2025 12:30;12,56
05.03.2025 12:45;16,66
05.03.2025 13:00;10,6
05.03.2025 13:15;3,06
05.03.2025 13:30;5,56
05.03.2025 13:45;6,58
05.03.2025 14:00;10,36
05.03.2025 14:15;22,92
05.03.2025 14:30;32,68
05.03.2025 14:45;36,52
05.03.2025 15:00;35,74
05.03.2025 15:15;33,66
05.03.2025 15:30;51,02
05.03.2025 15:45;60,26
05.03.2025 16:00;56,26
05.03.2025 16:15;66,8
05.03.2025 16:30;73,8
05.03.2025 16:45;73,34
05.03.2025 17:00;59,68
05.03.2025 17:15;72,8
05.03.2025 17:30;83,92
05.03.2025 17:45;88,66
05.03.2025 18:00;86,44
05.03.2025 18:15;86,9
05.03.2025 18:30;76,02
05.03.2025 18:45;76,06
05.03.2025 19:00;71,7
05.03.2025 19:15;64,34
05.03.2025 19:30;61,78
05.03.2025 19:45;65,8
05.03.2025 20:00;56,7
05.03.2025 20:15;59,14
05.03.2025 20:30;69,82
05.03.2025 20:45;64,32
05.03.2025 21:00;71,14
05.03.2025 21:15;71,34
05.03.2025 21:30;71,28
05.03.2025 21:45;58,84
05.03.2025 22:00;58,52
05.03.2025 22:15;55,7
05.03.2025 22:30;47,52
05.03.2025 22:45;43,88
05.03.2025 23:00;43,72
05.03.2025 23:15;36,44
05.03.2025 23:30;35,6
05.03.2025 23:45;36,62
06.03.2025 00:00;32,16
06.03.2025 00:15;30,64
06.03.2025 00:30;22,36
06.03.2025 00:45;19,5
06.03.2025 01:00;22,94
06.03.2025 01:15;21,3
06.03.2025 01:30;20,06
06.03.2025 01:45;22,34
06.03.2025 02:00;19,52
06.03.2025 02:15;18,9
06.03.2025 02:30;22,28
06.03.2025 02:45;18,68
06.03.2025 03:00;18,56
06.03.2025 03:15;22,12
06.03.2025 03:30;18,28
06.03.2025 03:45;18,06
06.03.2025 04:00;21,38
06.03.2025 04:15;18,56
06.03.2025 04:30;18,02
06.03.2025 04:45;21,1
06.03.2025 05:00;18,7
06.03.2025 05:15;23,26
06.03.2025 05:30;33,72
06.03.2025 05:45;47
06.03.2025 06:00;47,7
06.03.2025 06:15;55,42
06.03.2025 06:30;60,44
06.03.2025 06:45;62,8
06.03.2025 07:00;66,3
06.03.2025 07:15;61
06.03.2025 07:30;48,26
06.03.2025 07:45;46,12
06.03.2025 08:00;46,14
06.03.2025 08:15;48,76
06.03.2025 08:30;44,52
06.03.2025 08:45;43,94
06.03.2025 09:00;27,06
06.03.2025 09:15;28,88
06.03.2025 09:30;28,34
06.03.2025 09:45;25,3
06.03.2025 10:00;21,16
06.03.2025 10:15;18,34
06.03.2025 10:30;9,34
06.03.2025 10:45;10,36
06.03.2025 11:00;6,62
06.03.2025 11:15;4,02
06.03.2025 11:30;3,68
06.03.2025 11:45;1,56
06.03.2025 12:00;0
06.03.2025 12:15;3,04
06.03.2025 12:30;5,8
06.03.2025 12:45;8,32
06.03.2025 13:00;14,84
06.03.2025 13:15;22,92
06.03.2025 13:30;20,68
06.03.2025 13:45;11,32
06.03.2025 14:00;19
06.03.2025 14:15;27,52
06.03.2025 14:30;20,98
06.03.2025 14:45;31,4
06.03.2025 15:00;32,98
06.03.2025 15:15;24,24
06.03.2025 15:30;34,7
06.03.2025 15:45;35,72
06.03.2025 16:00;40,7
06.03.2025 16:15;51,68
06.03.2025 16:30;66,52
06.03.2025 16:45;69,08
06.03.2025 17:00;47,28
06.03.2025 17:15;65,8
06.03.2025 17:30;77,36
06.03.2025 17:45;72,58
06.03.2025 18:00;72,7
06.03.2025 18:15;82,02
06.03.2025 18:30;72,32
06.03.2025 18:45;66,58
06.03.2025 19:00;66,92
06.03.2025 19:15;64,56
06.03.2025 19:30;58,94
06.03.2025 19:45;60,46
06.03.2025 20:00;36,98
06.03.2025 20:15;46,98
06.03.2025 20:30;56,14
06.03.2025 20:45;55,4
06.03.2025 21:00;59,04
06.03.2025 21:15;62,7
06.03.2025 21:30;65,92
06.03.2025 21:45;67,4
06.03.2025 22:00;60,76
06.03.2025 22:15;38,6
06.03.2025 22:30;21,1
06.03.2025 22:45;15,92
06.03.2025 23:00;15,68
06.03.2025 23:15;18,42
06.03.2025 23:30;14,72
06.03.2025 23:45;15
07.03.2025 00:00;18,52
07.03.2025 00:15;15
07.03.2025 00:30;14,04
07.03.2025 00:45;16,34
07.03.2025 01:00;16,14
07.03.2025 01:15;13,94
07.03.2025 01:30;13,78
07.03.2025 01:45;18,28
07.03.2025 02:00;14,38
07.03.2025 02:15;14,52
07.03.2025 02:30;14,88
07.03.2025 02:45;11,5
07.03.2025 03:00;11,3
07.03.2025 03:15;12,42
07.03.2025 03:30;13,26
07.03.2025 03:45;11,24
07.03.2025 04:00;11
07.03.2025 04:15;15,7
07.03.2025 04:30;11,14
07.03.2025 04:45;11,02
07.03.2025 05:00;13,62
07.03.2025 05:15;22,8
07.03.2025 05:30;41,34
07.03.2025 05:45;65,94
07.03.2025 06:00;70,88
07.03.2025 06:15;73,66
07.03.2025 06:30;71,64
07.03.2025 06:45;69,56
07.03.2025 07:00;67,22
07.03.2025 07:15;66,54
07.03.2025 07:30;51,1
07.03.2025 07:45;46,3
07.03.2025 08:00;54,16
07.03.2025 08:15;53,22
07.03.2025 08:30;44,9
07.03.2025 08:45;40,26
07.03.2025 09:00;31,74
07.03.2025 09:15;23,18
07.03.2025 09:30;21,58
07.03.2025 09:45;22,84
07.03.2025 10:00;28,84
07.03.2025 10:15;33,9
07.03.2025 10:30;20,12
07.03.2025 10:45;18,14
07.03.2025 11:00;18,5
07.03.2025 11:15;13,02
07.03.2025 11:30;17,76
07.03.2025 11:45;12,12
07.03.2025 12:00;6,58
07.03.2025 12:15;15,72
07.03.2025 12:30;23,76
07.03.2025 12:45;17,1
07.03.2025 13:00;17,4
07.03.2025 13:15;24,44
07.03.2025 13:30;22,3
07.03.2025 13:45;12,02
07.03.2025 14:00;8,42
07.03.2025 14:15;13,28
07.03.2025 14:30;26,02
07.03.2025 14:45;51
07.03.2025 15:00;62,8
07.03.2025 15:15;64,68
07.03.2025 15:30;59,64
07.03.2025 15:45;63,22
07.03.2025 16:00;69,92
07.03.2025 16:15;60,42
07.03.2025 16:30;62,66
07.03.2025 16:45;61,5
07.03.2025 17:00;60,24
07.03.2025 17:15;72,38
07.03.2025 17:30;89,86
07.03.2025 17:45;91,5
07.03.2025 18:00;87,1
07.03.2025 18:15;90,92
07.03.2025 18:30;92,6
07.03.2025 18:45;91,92
07.03.2025 19:00;96,66
07.03.2025 19:15;96,38
07.03.2025 19:30;92,52
07.03.2025 19:45;91,62
07.03.2025 20:00;64
07.03.2025 20:15;73,86
07.03.2025 20:30;92
07.03.2025 20:45;92,4
07.03.2025 21:00;98,18
07.03.2025 21:15;90,14
07.03.2025 21:30;84,52
07.03.2025 21:45;67,8
07.03.2025 22:00;42,26
07.03.2025 22:15;21,88
07.03.2025 22:30;12,12
07.03.2025 22:45;10,9
07.03.2025 23:00;9,06
07.03.2025 23:15;9,74
07.03.2025 23:30;8,28
07.03.2025 23:45;7,36
08.03.2025 00:00;8,04
08.03.2025 00:15;6,88
08.03.2025 00:30;9,88
08.03.2025 00:45;7,86
08.03.2025 01:00;6,34
08.03.2025 01:15;6,94
08.03.2025 01:30;6,58
08.03.2025 01:45;6,46
08.03.2025 02:00;6,68
08.03.2025 02:15;5,94
08.03.2025 02:30;5,32
08.03.2025 02:45;4,26
08.03.2025 03:00;3,26
08.03.2025 03:15;6,88
08.03.2025 03:30;3,74
08.03.2025 03:45;3,66
08.03.2025 04:00;4,22
08.03.2025 04:15;3,2
08.03.2025 04:30;5,02
08.03.2025 04:45;5,42
08.03.2025 05:00;3,42
08.03.2025 05:15;6,68
08.03.2025 05:30;6,04
08.03.2025 05:45;6,6
08.03.2025 06:00;12,2
08.03.2025 06:15;6,82
08.03.2025 06:30;7,48
08.03.2025 06:45;5,88
08.03.2025 07:00;3,18
08.03.2025 07:15;2,24
08.03.2025 07:30;0,28
08.03.2025 07:45;0,02
08.03.2025 08:00;0
08.03.2025 08:15;0
08.03.2025 08:30;0
08.03.2025 08:45;0
08.03.2025 09:00;0
08.03.2025 09:15;0
08.03.2025 09:30;0
08.03.2025 09:45;0
08.03.2025 10:00;0
08.03.2025 10:15;0
08.03.2025 10:30;0
08.03.2025 10:45;0
08.03.2025 11:00;0
08.03.2025 11:15;0
08.03.2025 11:30;0
08.03.2025 11:45;0
08.03.2025 12:00;0
08.03.2025 12:15;0
08.03.2025 12:30;0
08.03.2025 12:45;0
08.03.2025 13:00;0
08.03.2025 13:15;0
08.03.2025 13:30;0
08.03.2025 13:45;0
08.03.2025 14:00;0
08.03.2025 14:15;0
08.03.2025 14:30;0
08.03.2025 14:45;0
08.03.2025 15:00;0
08.03.2025 15:15;0
08.03.2025 15:30;0
08.03.2025 15:45;0
08.03.2025 16:00;0
08.03.2025 16:15;0
08.03.2025 16:30;0
08.03.2025 16:45;0
08.03.2025 17:00;0,04
08.03.2025 17:15;1,2
08.03.2025 17:30;5,44
08.03.2025 17:45;2,14
08.03.2025 18:00;3,88
08.03.2025 18:15;3,68
08.03.2025 18:30;4,24
08.03.2025 18:45;5,02
08.03.2025 19:00;3,88
08.03.2025 19:15;4,58
08.03.2025 19:30;4,74
08.03.2025 19:45;3,8
08.03.2025 20:00;7,24
08.03.2025 20:15;4,66
08.03.2025 20:30;3,98
08.03.2025 20:45;4,42
08.03.2025 21:00;4,18
08.03.2025 21:15;5,14
08.03.2025 21:30;4,36
08.03.2025 21:45;3,14
08.03.2025 22:00;4
08.03.2025 22:15;3,3
08.03.2025 22:30;3,58
08.03.2025 22:45;3,88
08.03.2025 23:00;2,94
08.03.2025 23:15;6,7
08.03.2025 23:30;5,82
08.03.2025 23:45;2,76
09.03.2025 00:00;4,14
09.03.2025 00:15;3,62
09.03.2025 00:30;3,6
09.03.2025 00:45;3,66
09.03.2025 01:00;3,06
09.03.2025 01:15;3,86
09.03.2025 01:30;3,96
09.03.2025 01:45;2,9
09.03.2025 02:00;3,92
09.03.2025 02:15;3,54
09.03.2025 02:30;3,38
09.03.2025 02:45;5,76
09.03.2025 03:00;4,4
09.03.2025 03:15;3,86
09.03.2025 03:30;3,78
09.03.2025 03:45;2,96
09.03.2025 04:00;4
09.03.2025 04:15;5,72
09.03.2025 04:30;4,12
09.03.2025 04:45;3,8
09.03.2025 05:00;3,06
09.03.2025 05:15;3,74
09.03.2025 05:30;3,68
09.03.2025 05:45;3,04
09.03.2025 06:00;3,96
09.03.2025 06:15;3,62
09.03.2025 06:30;2,82
09.03.2025 06:45;3,82
09.03.2025 07:00;3,08
09.03.2025 07:15;3,7
09.03.2025 07:30;4,8
09.03.2025 07:45;4,34
09.03.2025 08:00;5,04
09.03.2025 08:15;3,68
09.03.2025 08:30;2,76
09.03.2025 08:45;3,74
09.03.2025 09:00;3,3
09.03.2025 09:15;3,34
09.03.2025 09:30;3,86
09.03.2025 09:45;2,82
09.03.2025 10:00;3,76
09.03.2025 10:15;3,86
09.03.2025 10:30;3
09.03.2025 10:45;4
09.03.2025 11:00;3,42
09.03.2025 11:15;6,06
09.03.2025 11:30;3,64
09.03.2025 11:45;2,74
09.03.2025 12:00;3,74
09.03.2025 12:15;3,9
09.03.2025 12:30;2,84
09.03.2025 12:45;3,72
09.03.2025 13:00;3,46
09.03.2025 13:15;3,16
09.03.2025 13:30;3,66
09.03.2025 13:45;2,84
09.03.2025 14:00;4,88
09.03.2025 14:15;6,48
09.03.2025 14:30;2,82
09.03.2025 14:45;3,62
09.03.2025 15:00;3,7
09.03.2025 15:15;3
09.03.2025 15:30;3,72
09.03.2025 15:45;2,98
09.03.2025 16:00;3,62
09.03.2025 16:15;3,56
09.03.2025 16:30;2,78
09.03.2025 16:45;3,7
09.03.2025 17:00;3,62
09.03.2025 17:15;2,68
09.03.2025 17:30;3,92
09.03.2025 17:45;5,14
09.03.2025 18:00;6,06
09.03.2025 18:15;4,26
09.03.2025 18:30;3,94
09.03.2025 18:45;4,58
09.03.2025 19:00;4,72
09.03.2025 19:15;3,68
09.03.2025 19:30;4,6
09.03.2025 19:45;4,12
09.03.2025 20:00;4,34
09.03.2025 20:15;4,72
09.03.2025 20:30;3,68
09.03.2025 20:45;5,1
09.03.2025 21:00;4,74
09.03.2025 21:15;5,66
09.03.2025 21:30;4,38
09.03.2025 21:45;3,52
09.03.2025 22:00;3,52
09.03.2025 22:15;3,76
09.03.2025 22:30;2,9
09.03.2025 22:45;3,8
09.03.2025 23:00;3,82
09.03.2025 23:15;2,84
09.03.2025 23:30;3,84
09.03.2025 23:45;3,16
10.03.2025 00:00;3,64
10.03.2025 00:15;3,8
10.03.2025 00:30;3,04
10.03.2025 00:45;3,7
10.03.2025 01:00;5,44
10.03.2025 01:15;3,94
10.03.2025 01:30;3,78
10.03.2025 01:45;3,44
10.03.2025 02:00;3,28
10.03.2025 02:15;3,86
10.03.2025 02:30;2,9
10.03.2025 02:45;3,86
10.03.2025 03:00;3,82
10.03.2025 03:15;4,2
10.03.2025 03:30;5,64
10.03.2025 03:45;4,52
10.03.2025 04:00;3,94
10.03.2025 04:15;3,76
10.03.2025 04:30;2,98
10.03.2025 04:45;7,36
10.03.2025 05:00;12,36
10.03.2025 05:15;9,86
10.03.2025 05:30;32,36
10.03.2025 05:45;66,64
10.03.2025 06:00;63,68
10.03.2025 06:15;65,3
10.03.2025 06:30;59,88
10.03.2025 06:45;79,8
10.03.2025 07:00;92,84
10.03.2025 07:15;81,52
10.03.2025 07:30;88,66
10.03.2025 07:45;90,34
10.03.2025 08:00;89,26
10.03.2025 08:15;76,04
10.03.2025 08:30;68,4
10.03.2025 08:45;66,44
10.03.2025 09:00;51
10.03.2025 09:15;46,66
10.03.2025 09:30;47,28
10.03.2025 09:45;50,42
10.03.2025 10:00;50,66
10.03.2025 10:15;51,2
10.03.2025 10:30;63,5
10.03.2025 10:45;72,1
10.03.2025 11:00;59,4
10.03.2025 11:15;63,6
10.03.2025 11:30;54,08
10.03.2025 11:45;54,56
10.03.2025 12:00;30,52
10.03.2025 12:15;34,44
10.03.2025 12:30;62,08
10.03.2025 12:45;63,24
10.03.2025 13:00;72,56
10.03.2025 13:15;76,18
10.03.2025 13:30;66,6
10.03.2025 13:45;73,58
10.03.2025 14:00;75,16
10.03.2025 14:15;73,78
10.03.2025 14:30;85,54
10.03.2025 14:45;83,52
10.03.2025 15:00;70,28
10.03.2025 15:15;70,52
10.03.2025 15:30;76,8
10.03.2025 15:45;88,5
10.03.2025 16:00;78,16
10.03.2025 16:15;79,4
10.03.2025 16:30;82,12
10.03.2025 16:45;73,76
10.03.2025 17:00;74,58
10.03.2025 17:15;74,06
10.03.2025 17:30;80,06
10.03.2025 17:45;88,08
10.03.2025 18:00;82,94
10.03.2025 18:15;80,52
10.03.2025 18:30;91,64
10.03.2025 18:45;84,36
10.03.2025 19:00;84,92
10.03.2025 19:15;80,48
10.03.2025 19:30;73,38
10.03.2025 19:45;78,76
10.03.2025 20:00;77,22
10.03.2025 20:15;80,58
10.03.2025 20:30;75,2
10.03.2025 20:45;80,94
10.03.2025 21:00;71,4
10.03.2025 21:15;83,34
10.03.2025 21:30;78,16
10.03.2025 21:45;84,18
10.03.2025 22:00;76,24
10.03.2025 22:15;70,96
10.03.2025 22:30;51,02
10.03.2025 22:45;19,34
10.03.2025 23:00;14,22
10.03.2025 23:15;10,46
10.03.2025 23:30;10,16
10.03.2025 23:45;10,16
11.03.2025 00:00;10,28
11.03.2025 00:15;9,88
11.03.2025 00:30;9,7
11.03.2025 00:45;9,94
11.03.2025 01:00;9,78
11.03.2025 01:15;9,42
11.03.2025 01:30;7,72
11.03.2025 01:45;7,94
11.03.2025 02:00;7,74
11.03.2025 02:15;10,12
11.03.2025 02:30;7,72
11.03.2025 02:45;7,66
11.03.2025 03:00;7,54
11.03.2025 03:15;7,52
11.03.2025 03:30;7,74
11.03.2025 03:45;7,2
11.03.2025 04:00;7,08
11.03.2025 04:15;7,32
11.03.2025 04:30;7,08
11.03.2025 04:45;10,08
11.03.2025 05:00;12,46
11.03.2025 05:15;16,88
11.03.2025 05:30;46,52
11.03.2025 05:45;64,92
11.03.2025 06:00;79,66
11.03.2025 06:15;82,3
11.03.2025 06:30;91,68
11.03.2025 06:45;92,74
11.03.2025 07:00;92
11.03.2025 07:15;83,58
11.03.2025 07:30;81,48
11.03.2025 07:45;82,6
11.03.2025 08:00;78,46
11.03.2025 08:15;65,84
11.03.2025 08:30;62,92
11.03.2025 08:45;77,48
11.03.2025 09:00;32,94
11.03.2025 09:15;53,56
11.03.2025 09:30;67,02
11.03.2025 09:45;96,06
11.03.2025 10:00;93,54
11.03.2025 10:15;97,04
11.03.2025 10:30;83,2
11.03.2025 10:45;35,44
11.03.2025 11:00;45,52
11.03.2025 11:15;49,24
11.03.2025 11:30;47,3
11.03.2025 11:45;15,96
11.03.2025 12:00;17,78
11.03.2025 12:15;31,24
11.03.2025 12:30;54,1
11.03.2025 12:45;47,22
11.03.2025 13:00;73,82
11.03.2025 13:15;53,22
11.03.2025 13:30;65,5
11.03.2025 13:45;51,42
11.03.2025 14:00;48,76
11.03.2025 14:15;51,8
11.03.2025 14:30;33,3
11.03.2025 14:45;49,12
11.03.2025 15:00;49,14
11.03.2025 15:15;56,22
11.03.2025 15:30;49,56
11.03.2025 15:45;48,14
11.03.2025 16:00;56
11.03.2025 16:15;61,02
11.03.2025 16:30;65,56
11.03.2025 16:45;80,26
11.03.2025 17:00;66,34
11.03.2025 17:15;63,74
11.03.2025 17:30;79,48
11.03.2025 17:45;79,28
11.03.2025 18:00;70,14
11.03.2025 18:15;73,72
11.03.2025 18:30;76,66
11.03.2025 18:45;81,04
11.03.2025 19:00;81,58
11.03.2025 19:15;75,4
11.03.2025 19:30;77,48
11.03.2025 19:45;74,8
11.03.2025 20:00;64,1
11.03.2025 20:15;69,36
11.03.2025 20:30;77,54
11.03.2025 20:45;76,3
11.03.2025 21:00;83,88
11.03.2025 21:15;80,9
11.03.2025 21:30;77,06
11.03.2025 21:45;79,84
11.03.2025 22:00;85,46
11.03.2025 22:15;77,56
11.03.2025 22:30;42,04
11.03.2025 22:45;31,92
11.03.2025 23:00;27,28
11.03.2025 23:15;13,28
11.03.2025 23:30;10,56
11.03.2025 23:45;10,96
12.03.2025 00:00;10,84
12.03.2025 00:15;10,72
12.03.2025 00:30;10,62
12.03.2025 00:45;10,68
12.03.2025 01:00;10,48
12.03.2025 01:15;10,42
12.03.2025 01:30;13,62
12.03.2025 01:45;10,5
12.03.2025 02:00;10,02
12.03.2025 02:15;10,02
12.03.2025 02:30;9,74
12.03.2025 02:45;9,52
12.03.2025 03:00;9,44
12.03.2025 03:15;9,54
12.03.2025 03:30;9,02
12.03.2025 03:45;9,3
12.03.2025 04:00;9,02
12.03.2025 04:15;8,98
12.03.2025 04:30;8,74
12.03.2025 04:45;9,22
12.03.2025 05:00;12,06
12.03.2025 05:15;17,94
12.03.2025 05:30;58,9
12.03.2025 05:45;76,26
12.03.2025 06:00;72,42
12.03.2025 06:15;81,72
12.03.2025 06:30;81,18
12.03.2025 06:45;83,34
12.03.2025 07:00;74,16
12.03.2025 07:15;75,44
12.03.2025 07:30;84,94
12.03.2025 07:45;73,46
12.03.2025 08:00;68,6
12.03.2025 08:15;72,02
12.03.2025 08:30;67,8
12.03.2025 08:45;55,94
12.03.2025 09:00;33,54
12.03.2025 09:15;30,16
12.03.2025 09:30;34,74
12.03.2025 09:45;38,08
12.03.2025 10:00;51,2
12.03.2025 10:15;66,06
12.03.2025 10:30;68,88
12.03.2025 10:45;62,44
12.03.2025 11:00;58,24
12.03.2025 11:15;63,48
12.03.2025 11:30;57,54
12.03.2025 11:45;53,4
12.03.2025 12:00;24,04
12.03.2025 12:15;44,84
12.03.2025 12:30;65,14
12.03.2025 12:45;61,02
12.03.2025 13:00;52,48
12.03.2025 13:15;44,96
12.03.2025 13:30;38,82
12.03.2025 13:45;41,2
12.03.2025 14:00;49,16
12.03.2025 14:15;54,1
12.03.2025 14:30;61,74
12.03.2025 14:45;63,08
12.03.2025 15:00;63,24
12.03.2025 15:15;69,38
12.03.2025 15:30;68,3
12.03.2025 15:45;72,26
12.03.2025 16:00;65,48
12.03.2025 16:15;55,12
12.03.2025 16:30;49,42
12.03.2025 16:45;42
12.03.2025 17:00;44,92
12.03.2025 17:15;45,24
12.03.2025 17:30;61,36
12.03.2025 17:45;56,14
12.03.2025 18:00;61,38
12.03.2025 18:15;66,68
12.03.2025 18:30;67,78
12.03.2025 18:45;65,84
12.03.2025 19:00;67,22
12.03.2025 19:15;69,1
12.03.2025 19:30;66,78
12.03.2025 19:45;66,86
12.03.2025 20:00;48,5
12.03.2025 20:15;61,54
12.03.2025 20:30;61,22
12.03.2025 20:45;68,94
12.03.2025 21:00;65,84
12.03.2025 21:15;65,2
12.03.2025 21:30;68,9
12.03.2025 21:45;69,08
12.03.2025 22:00;65,52
12.03.2025 22:15;62,08
12.03.2025 22:30;42,96
12.03.2025 22:45;32,28
12.03.2025 23:00;18,06
12.03.2025 23:15;14,02
12.03.2025 23:30;15,52
12.03.2025 23:45;14,86
13.03.2025 00:00;13,58
13.03.2025 00:15;12,78
13.03.2025 00:30;12,4
13.03.2025 00:45;12,46
13.03.2025 01:00;12,32
13.03.2025 01:15;11,86
13.03.2025 01:30;11,24
13.03.2025 01:45;11,42
13.03.2025 02:00;10,38
13.03.2025 02:15;13,64
13.03.2025 02:30;9,3
13.03.2025 02:45;8,46
13.03.2025 03:00;8,12
13.03.2025 03:15;8,22
13.03.2025 03:30;7,96
13.03.2025 03:45;7,94
13.03.2025 04:00;7,9
13.03.2025 04:15;7,6
13.03.2025 04:30;7,52
13.03.2025 04:45;11,42
13.03.2025 05:00;13,22
13.03.2025 05:15;17,9
13.03.2025 05:30;56,96
13.03.2025 05:45;71,32
13.03.2025 06:00;72,88
13.03.2025 06:15;72,02
13.03.2025 06:30;65,22
13.03.2025 06:45;65,3
13.03.2025 07:00;66,94
13.03.2025 07:15;64,76
13.03.2025 07:30;62,32
13.03.2025 07:45;63,48
13.03.2025 08:00;58,06
13.03.2025 08:15;53,48
13.03.2025 08:30;48,4
13.03.2025 08:45;49,34
13.03.2025 09:00;19,26
13.03.2025 09:15;33,44
13.03.2025 09:30;42,8
13.03.2025 09:45;38,3
13.03.2025 10:00;49,86
13.03.2025 10:15;40,92
13.03.2025 10:30;47,72
13.03.2025 10:45;55,06
13.03.2025 11:00;51,78
13.03.2025 11:15;63,08
13.03.2025 11:30;55,24
13.03.2025 11:45;57,92
13.03.2025 12:00;35
13.03.2025 12:15;46,28
13.03.2025 12:30;53,8
13.03.2025 12:45;60,02
13.03.2025 13:00;73,64
13.03.2025 13:15;67,56
13.03.2025 13:30;68,24
13.03.2025 13:45;64,22
13.03.2025 14:00;67,2
13.03.2025 14:15;71,96
13.03.2025 14:30;77,22
13.03.2025 14:45;79,72
13.03.2025 15:00;69,74
13.03.2025 15:15;58,7
13.03.2025 15:30;44,46
13.03.2025 15:45;37,2
13.03.2025 16:00;54,56
13.03.2025 16:15;63,26
13.03.2025 16:30;70,7
13.03.2025 16:45;75,04
13.03.2025 17:00;65,84
13.03.2025 17:15;64,08
13.03.2025 17:30;76,98
13.03.2025 17:45;74,76
13.03.2025 18:00;75,5
13.03.2025 18:15;71,52
13.03.2025 18:30;75,9
13.03.2025 18:45;84,86
13.03.2025 19:00;85,4
13.03.2025 19:15;70,32
13.03.2025 19:30;83,78
13.03.2025 19:45;81,4
13.03.2025 20:00;76,6
13.03.2025 20:15;80,6
13.03.2025 20:30;80,56
13.03.2025 20:45;78,26
13.03.2025 21:00;82,8
13.03.2025 21:15;81,3
13.03.2025 21:30;80,58
13.03.2025 21:45;82,34
13.03.2025 22:00;74,84
13.03.2025 22:15;77,78
13.03.2025 22:30;62,32
13.03.2025 22:45;33,6
13.03.2025 23:00;23,86
13.03.2025 23:15;13,76
13.03.2025 23:30;12,32
13.03.2025 23:45;12,38
14.03.2025 00:00;14,98
14.03.2025 00:15;13,92
14.03.2025 00:30;11,96
14.03.2025 00:45;11,66
14.03.2025 01:00;11,46
14.03.2025 01:15;15,32
14.03.2025 01:30;11,12
14.03.2025 01:45;10,92
14.03.2025 02:00;10,94
14.03.2025 02:15;13,8
14.03.2025 02:30;10,24
14.03.2025 02:45;8,4
14.03.2025 03:00;8,04
14.03.2025 03:15;8,74
14.03.2025 03:30;11,96
14.03.2025 03:45;8,76
14.03.2025 04:00;8,9
14.03.2025 04:15;8,86
14.03.2025 04:30;11,38
14.03.2025 04:45;11,08
14.03.2025 05:00;13,86
14.03.2025 05:15;18,06
14.03.2025 05:30;61,26
14.03.2025 05:45;71,16
14.03.2025 06:00;73,58
14.03.2025 06:15;73,76
14.03.2025 06:30;64,62
14.03.2025 06:45;63,32
14.03.2025 07:00;74,5
14.03.2025 07:15;71,16
14.03.2025 07:30;72
14.03.2025 07:45;69,54
14.03.2025 08:00;68,36
14.03.2025 08:15;70,24
14.03.2025 08:30;70,4
14.03.2025 08:45;68,14
14.03.2025 09:00;52,74
14.03.2025 09:15;64,94
14.03.2025 09:30;65,18
14.03.2025 09:45;71,5
14.03.2025 10:00;65,1
14.03.2025 10:15;55,78
14.03.2025 10:30;45,64
14.03.2025 10:45;58,7
14.03.2025 11:00;51,76
14.03.2025 11:15;40,4
14.03.2025 11:30;51,58
14.03.2025 11:45;60,32
14.03.2025 12:00;37,88
14.03.2025 12:15;44,96
14.03.2025 12:30;58,28
14.03.2025 12:45;34,94
14.03.2025 13:00;50,98
14.03.2025 13:15;70,88
14.03.2025 13:30;68,76
14.03.2025 13:45;75,46
14.03.2025 14:00;72,16
14.03.2025 14:15;72,94
14.03.2025 14:30;65,2
14.03.2025 14:45;76,68
14.03.2025 15:00;78,16
14.03.2025 15:15;66,58
14.03.2025 15:30;70,2
14.03.2025 15:45;68,76
14.03.2025 16:00;70,24
14.03.2025 16:15;73,56
14.03.2025 16:30;69,82
14.03.2025 16:45;67,56
14.03.2025 17:00;59,46
14.03.2025 17:15;61,86
14.03.2025 17:30;80,18
14.03.2025 17:45;79,98
14.03.2025 18:00;77,16
14.03.2025 18:15;84,8
14.03.2025 18:30;85,26
14.03.2025 18:45;85,56
14.03.2025 19:00;84,84
14.03.2025 19:15;87,2
14.03.2025 19:30;87,86
14.03.2025 19:45;82,36
14.03.2025 20:00;71,1
14.03.2025 20:15;60,86
14.03.2025 20:30;58,02
14.03.2025 20:45;69,44
14.03.2025 21:00;70,1
14.03.2025 21:15;77,24
14.03.2025 21:30;54,08
14.03.2025 21:45;22,18
14.03.2025 22:00;112,6
14.03.2025 22:15;16,08
14.03.2025 22:30;14,24
14.03.2025 22:45;10,24
14.03.2025 23:00;10,64
14.03.2025 23:15;9,92
14.03.2025 23:30;10,68
14.03.2025 23:45;10,34
15.03.2025 00:00;9,32
15.03.2025 00:15;10,24
15.03.2025 00:30;11,62
15.03.2025 00:45;8,7
15.03.2025 01:00;7,98
15.03.2025 01:15;6,24
15.03.2025 01:30;7
15.03.2025 01:45;6,88
15.03.2025 02:00;5,98
15.03.2025 02:15;6,92
15.03.2025 02:30;6,18
15.03.2025 02:45;6,68
15.03.2025 03:00;5,82
15.03.2025 03:15;6,7
15.03.2025 03:30;4,7
15.03.2025 03:45;4,46
15.03.2025 04:00;3,16
15.03.2025 04:15;4
15.03.2025 04:30;3,14
15.03.2025 04:45;3,82
15.03.2025 05:00;3,88
15.03.2025 05:15;5,74
15.03.2025 05:30;8,94
15.03.2025 05:45;9,24
15.03.2025 06:00;10,06
15.03.2025 06:15;12,54
15.03.2025 06:30;14,4
15.03.2025 06:45;10,38
15.03.2025 07:00;9,76
15.03.2025 07:15;9,06
15.03.2025 07:30;5,12
15.03.2025 07:45;3,48
15.03.2025 08:00;0,86
15.03.2025 08:15;0,4
15.03.2025 08:30;0,08
15.03.2025 08:45;0
15.03.2025 09:00;0
15.03.2025 09:15;0
15.03.2025 09:30;0
15.03.2025 09:45;0,94
15.03.2025 10:00;0,02
15.03.2025 10:15;0
15.03.2025 10:30;0
15.03.2025 10:45;0
15.03.2025 11:00;0
15.03.2025 11:15;0
15.03.2025 11:30;0
15.03.2025 11:45;0
15.03.2025 12:00;0
15.03.2025 12:15;0
15.03.2025 12:30;0
15.03.2025 12:45;0
15.03.2025 13:00;0,64
15.03.2025 13:15;0
15.03.2025 13:30;0
15.03.2025 13:45;0
15.03.2025 14:00;0
15.03.2025 14:15;0
15.03.2025 14:30;0
15.03.2025 14:45;0
15.03.2025 15:00;0
15.03.2025 15:15;0
15.03.2025 15:30;1,2
15.03.2025 15:45;2,28
15.03.2025 16:00;2,26
15.03.2025 16:15;0
15.03.2025 16:30;0,48
15.03.2025 16:45;0
15.03.2025 17:00;1,22
15.03.2025 17:15;1,92
15.03.2025 17:30;2,64
15.03.2025 17:45;2,42
15.03.2025 18:00;3,6
15.03.2025 18:15;2,88
15.03.2025 18:30;4,34
15.03.2025 18:45;3,46
15.03.2025 19:00;4,5
15.03.2025 19:15;6,3
15.03.2025 19:30;4,24
15.03.2025 19:45;3,32
15.03.2025 20:00;4,5
15.03.2025 20:15;3,6
15.03.2025 20:30;4,22
15.03.2025 20:45;3,26
15.03.2025 21:00;4,44
15.03.2025 21:15;3,6
15.03.2025 21:30;4,4
15.03.2025 21:45;3,56
15.03.2025 22:00;5,58
15.03.2025 22:15;5,04
15.03.2025 22:30;5,1
15.03.2025 22:45;4,06
15.03.2025 23:00;4,04
15.03.2025 23:15;3,28
15.03.2025 23:30;4,02
15.03.2025 23:45;3,48
16.03.2025 00:00;3,74
16.03.2025 00:15;3,58
16.03.2025 00:30;6,2
16.03.2025 00:45;4,04
16.03.2025 01:00;3,64
16.03.2025 01:15;4,1
16.03.2025 01:30;3,78
16.03.2025 01:45;4,28
16.03.2025 02:00;3,3
16.03.2025 02:15;4,06
16.03.2025 02:30;3,2
16.03.2025 02:45;4,04
16.03.2025 03:00;4,38
16.03.2025 03:15;8,36
16.03.2025 03:30;4,98
16.03.2025 03:45;4,22
16.03.2025 04:00;3,24
16.03.2025 04:15;4,08
16.03.2025 04:30;3,18
16.03.2025 04:45;4,04
16.03.2025 05:00;3,2
16.03.2025 05:15;4,04
16.03.2025 05:30;3,18
16.03.2025 05:45;4,08
16.03.2025 06:00;5,42
16.03.2025 06:15;4,92
16.03.2025 06:30;1,72
16.03.2025 06:45;1,76
16.03.2025 07:00;0,22
16.03.2025 07:15;0,38
16.03.2025 07:30;0
16.03.2025 07:45;0,1
16.03.2025 08:00;0
16.03.2025 08:15;0
16.03.2025 08:30;0
16.03.2025 08:45;0
16.03.2025 09:00;0
16.03.2025 09:15;0
16.03.2025 09:30;0
16.03.2025 09:45;0
16.03.2025 10:00;0
16.03.2025 10:15;0
16.03.2025 10:30;0
16.03.2025 10:45;0
16.03.2025 11:00;0
16.03.2025 11:15;0
16.03.2025 11:30;0
16.03.2025 11:45;0
16.03.2025 12:00;0
16.03.2025 12:15;0
16.03.2025 12:30;0
16.03.2025 12:45;0
16.03.2025 13:00;0
16.03.2025 13:15;0
16.03.2025 13:30;0
16.03.2025 13:45;0
16.03.2025 14:00;0
16.03.2025 14:15;0
16.03.2025 14:30;0
16.03.2025 14:45;0
16.03.2025 15:00;0
16.03.2025 15:15;0
16.03.2025 15:30;0
16.03.2025 15:45;0
16.03.2025 16:00;0
16.03.2025 16:15;0
16.03.2025 16:30;0
16.03.2025 16:45;0
16.03.2025 17:00;0,14
16.03.2025 17:15;0,42
16.03.2025 17:30;1,26
16.03.2025 17:45;1,98
16.03.2025 18:00;2,84
16.03.2025 18:15;3,36
16.03.2025 18:30;3,56
16.03.2025 18:45;3,96
16.03.2025 19:00;4,64
16.03.2025 19:15;4,36
16.03.2025 19:30;7,58
16.03.2025 19:45;3,7
16.03.2025 20:00;4,48
16.03.2025 20:15;3,6
16.03.2025 20:30;4,42
16.03.2025 20:45;3,52
16.03.2025 21:00;4,38
16.03.2025 21:15;3,58
16.03.2025 21:30;4,54
16.03.2025 21:45;5,9
16.03.2025 22:00;5,38
16.03.2025 22:15;3,4
16.03.2025 22:30;4,08
16.03.2025 22:45;3,16
16.03.2025 23:00;4,06
16.03.2025 23:15;3,22
16.03.2025 23:30;4,04
16.03.2025 23:45;3,2
17.03.2025 00:00;4,14
17.03.2025 00:15;4,64
17.03.2025 00:30;6,68
17.03.2025 00:45;3,3
17.03.2025 01:00;4,08
17.03.2025 01:15;3,24
17.03.2025 01:30;4,36
17.03.2025 01:45;3,3
17.03.2025 02:00;4,18
17.03.2025 02:15;3,24
17.03.2025 02:30;4,28
17.03.2025 02:45;3,4
17.03.2025 03:00;4,16
17.03.2025 03:15;3,28
17.03.2025 03:30;7,4
17.03.2025 03:45;4,36
17.03.2025 04:00;5,82
17.03.2025 04:15;4,04
17.03.2025 04:30;4,12
17.03.2025 04:45;3,26
17.03.2025 05:00;6,58
17.03.2025 05:15;9,96
17.03.2025 05:30;13,3
17.03.2025 05:45;26,64
17.03.2025 06:00;36,96
17.03.2025 06:15;40,7
17.03.2025 06:30;42,92
17.03.2025 06:45;36,24
17.03.2025 07:00;34,06
17.03.2025 07:15;27,02
17.03.2025 07:30;26,56
17.03.2025 07:45;23,18
17.03.2025 08:00;21,18
17.03.2025 08:15;25,12
17.03.2025 08:30;22,1
17.03.2025 08:45;15,2
17.03.2025 09:00;3
17.03.2025 09:15;7,26
17.03.2025 09:30;3,02
17.03.2025 09:45;14,4
17.03.2025 10:00;16,38
17.03.2025 10:15;0,3
17.03.2025 10:30;13,36
17.03.2025 10:45;22,86
17.03.2025 11:00;23,62
17.03.2025 11:15;24,7
17.03.2025 11:30;16,26
17.03.2025 11:45;26,42
17.03.2025 12:00;6,76
17.03.2025 12:15;2,82
17.03.2025 12:30;4,4
17.03.2025 12:45;0,1
17.03.2025 13:00;4,26
17.03.2025 13:15;2,14
17.03.2025 13:30;7,04
17.03.2025 13:45;8,24
17.03.2025 14:00;18,06
17.03.2025 14:15;14,96
17.03.2025 14:30;17,86
17.03.2025 14:45;27,04
17.03.2025 15:00;41,9
17.03.2025 15:15;40,3
17.03.2025 15:30;44,06
17.03.2025 15:45;47,72
17.03.2025 16:00;55,86
17.03.2025 16:15;61,24
17.03.2025 16:30;67,94
17.03.2025 16:45;64,2
17.03.2025 17:00;47,84
17.03.2025 17:15;59,24
17.03.2025 17:30;75,44
17.03.2025 17:45;64,72
17.03.2025 18:00;75,18
17.03.2025 18:15;90,64
17.03.2025 18:30;82,14
17.03.2025 18:45;95,22
17.03.2025 19:00;93,04
17.03.2025 19:15;86,62
17.03.2025 19:30;87,4
17.03.2025 19:45;78,88
17.03.2025 20:00;51,44
17.03.2025 20:15;71,82
17.03.2025 20:30;78,86
17.03.2025 20:45;81,66
17.03.2025 21:00;75,76
17.03.2025 21:15;72,04
17.03.2025 21:30;62,86
17.03.2025 21:45;57,9
17.03.2025 22:00;54,02
17.03.2025 22:15;48,96
17.03.2025 22:30;33,54
17.03.2025 22:45;25,68
17.03.2025 23:00;23,48
17.03.2025 23:15;24,14
17.03.2025 23:30;18,9
17.03.2025 23:45;20,54
18.03.2025 00:00;20,34
18.03.2025 00:15;17,78
18.03.2025 00:30;21,56
18.03.2025 00:45;18,44
18.03.2025 01:00;18,42
18.03.2025 01:15;20,64
18.03.2025 01:30;16,96
18.03.2025 01:45;19,96
18.03.2025 02:00;19,56
18.03.2025 02:15;16,66
18.03.2025 02:30;21,34
18.03.2025 02:45;16,5
18.03.2025 03:00;15,08
18.03.2025 03:15;19,62
18.03.2025 03:30;15,9
18.03.2025 03:45;16,76
18.03.2025 04:00;17,84
18.03.2025 04:15;14,76
18.03.2025 04:30;15,52
18.03.2025 04:45;18,2
18.03.2025 05:00;19,36
18.03.2025 05:15;23,2
18.03.2025 05:30;41,18
18.03.2025 05:45;53,9
18.03.2025 06:00;72,04
18.03.2025 06:15;83,38
18.03.2025 06:30;77,4
18.03.2025 06:45;74,9
18.03.2025 07:00;77,16
18.03.2025 07:15;70,26
18.03.2025 07:30;69,26
18.03.2025 07:45;63,6
18.03.2025 08:00;56,08
18.03.2025 08:15;46,38
18.03.2025 08:30;43,6
18.03.2025 08:45;40,42
18.03.2025 09:00;14,16
18.03.2025 09:15;24,04
18.03.2025 09:30;30,98
18.03.2025 09:45;31,6
18.03.2025 10:00;16,44
18.03.2025 10:15;15,48
18.03.2025 10:30;11,96
18.03.2025 10:45;14,5
18.03.2025 11:00;3,66
18.03.2025 11:15;3,4
18.03.2025 11:30;2,48
18.03.2025 11:45;6,66
18.03.2025 12:00;0,88
18.03.2025 12:15;0,34
18.03.2025 12:30;0,16
18.03.2025 12:45;7,32
18.03.2025 13:00;9,16
18.03.2025 13:15;3,2
18.03.2025 13:30;10,78
18.03.2025 13:45;14,14
18.03.2025 14:00;13,58
18.03.2025 14:15;15,94
18.03.2025 14:30;14,96
18.03.2025 14:45;14,38
18.03.2025 15:00;29,04
18.03.2025 15:15;26,82
18.03.2025 15:30;35,38
18.03.2025 15:45;39,84
18.03.2025 16:00;49,8
18.03.2025 16:15;53,02
18.03.2025 16:30;50,86
18.03.2025 16:45;50,76
18.03.2025 17:00;42,3
18.03.2025 17:15;60,86
18.03.2025 17:30;70,38
18.03.2025 17:45;66,34
18.03.2025 18:00;70,44
18.03.2025 18:15;72,56
18.03.2025 18:30;74,18
18.03.2025 18:45;74,14
18.03.2025 19:00;79,12
18.03.2025 19:15;66,38
18.03.2025 19:30;74,16
18.03.2025 19:45;63,68
18.03.2025 20:00;41,68
18.03.2025 20:15;46,82
18.03.2025 20:30;70,62
18.03.2025 20:45;75,22
18.03.2025 21:00;73,94
18.03.2025 21:15;64,36
18.03.2025 21:30;66,58
18.03.2025 21:45;65,76
18.03.2025 22:00;64,3
18.03.2025 22:15;55,4
18.03.2025 22:30;28,52
18.03.2025 22:45;16
18.03.2025 23:00;12,38
18.03.2025 23:15;12,28
18.03.2025 23:30;12,28
18.03.2025 23:45;12,04
19.03.2025 00:00;12
19.03.2025 00:15;11,36
19.03.2025 00:30;10,72
19.03.2025 00:45;10,1
19.03.2025 01:00;13,08
19.03.2025 01:15;9,68
19.03.2025 01:30;9,58
19.03.2025 01:45;9,24
19.03.2025 02:00;9,04
19.03.2025 02:15;9,08
19.03.2025 02:30;8,78
19.03.2025 02:45;9,36
19.03.2025 03:00;9,38
19.03.2025 03:15;10,02
19.03.2025 03:30;8,74
19.03.2025 03:45;6,48
19.03.2025 04:00;6,68
19.03.2025 04:15;6,66
19.03.2025 04:30;6,48
19.03.2025 04:45;6,46
19.03.2025 05:00;8,5
19.03.2025 05:15;11,18
19.03.2025 05:30;34,58
19.03.2025 05:45;48,3
19.03.2025 06:00;53,42
19.03.2025 06:15;47,44
19.03.2025 06:30;49,42
19.03.2025 06:45;45,54
19.03.2025 07:00;59,6
19.03.2025 07:15;56,4
19.03.2025 07:30;45,58
19.03.2025 07:45;41,92
19.03.2025 08:00;35,08
19.03.2025 08:15;40,1
19.03.2025 08:30;33,42
19.03.2025 08:45;28,1
19.03.2025 09:00;23,02
19.03.2025 09:15;21,1
19.03.2025 09:30;26,68
19.03.2025 09:45;15,32
19.03.2025 10:00;19,7
19.03.2025 10:15;18,62
19.03.2025 10:30;16,6
19.03.2025 10:45;15,8
19.03.2025 11:00;11,02
19.03.2025 11:15;20,18
19.03.2025 11:30;9,1
19.03.2025 11:45;2,4
19.03.2025 12:00;0,78
19.03.2025 12:15;0,28
19.03.2025 12:30;5,4
19.03.2025 12:45;1,74
19.03.2025 13:00;3,04
19.03.2025 13:15;2,12
19.03.2025 13:30;0,12
19.03.2025 13:45;0,56
19.03.2025 14:00;0,86
19.03.2025 14:15;3,38
19.03.2025 14:30;8,78
19.03.2025 14:45;15,12
19.03.2025 15:00;23,78
19.03.2025 15:15;19,22
19.03.2025 15:30;29,82
19.03.2025 15:45;29,78
19.03.2025 16:00;35,22
19.03.2025 16:15;36,94
19.03.2025 16:30;45,88
19.03.2025 16:45;55,82
19.03.2025 17:00;40,78
19.03.2025 17:15;44,92
19.03.2025 17:30;59,44
19.03.2025 17:45;58,22
19.03.2025 18:00;72,7
19.03.2025 18:15;72,8
19.03.2025 18:30;66,52
19.03.2025 18:45;72,22
19.03.2025 19:00;71,5
19.03.2025 19:15;67,44
19.03.2025 19:30;64,9
19.03.2025 19:45;58,06
19.03.2025 20:00;55,64
19.03.2025 20:15;61,7
19.03.2025 20:30;71,04
19.03.2025 20:45;69,26
19.03.2025 21:00;66,34
19.03.2025 21:15;65,06
19.03.2025 21:30;59,78
19.03.2025 21:45;56,22
19.03.2025 22:00;48,34
19.03.2025 22:15;42,04
19.03.2025 22:30;23,48
19.03.2025 22:45;14,56
19.03.2025 23:00;10,64
19.03.2025 23:15;10,8
19.03.2025 23:30;10,38
19.03.2025 23:45;10,22
20.03.2025 00:00;12,58
20.03.2025 00:15;11,44
20.03.2025 00:30;9,86
20.03.2025 00:45;9,8
20.03.2025 01:00;9,5
20.03.2025 01:15;9,6
20.03.2025 01:30;9,78
20.03.2025 01:45;9,62
20.03.2025 02:00;9,46
20.03.2025 02:15;9,54
20.03.2025 02:30;10,78
20.03.2025 02:45;7,46
20.03.2025 03:00;7,32
20.03.2025 03:15;6,94
20.03.2025 03:30;7,28
20.03.2025 03:45;6,76
20.03.2025 04:00;6,6
20.03.2025 04:15;6,8
20.03.2025 04:30;6,64
20.03.2025 04:45;6,68
20.03.2025 05:00;11,76
20.03.2025 05:15;14,14
20.03.2025 05:30;33,22
20.03.2025 05:45;50,22
20.03.2025 06:00;53,4
20.03.2025 06:15;53,52
20.03.2025 06:30;46,1
20.03.2025 06:45;51,52
20.03.2025 07:00;43,9
20.03.2025 07:15;48,56
20.03.2025 07:30;45,1
20.03.2025 07:45;44,88
20.03.2025 08:00;40,46
20.03.2025 08:15;34,18
20.03.2025 08:30;27,12
20.03.2025 08:45;20,86
20.03.2025 09:00;2,66
20.03.2025 09:15;11,74
20.03.2025 09:30;11,58
20.03.2025 09:45;12,42
20.03.2025 10:00;9,92
20.03.2025 10:15;5,7
20.03.2025 10:30;3,98
20.03.2025 10:45;0,08
20.03.2025 11:00;1,2
20.03.2025 11:15;0,68
20.03.2025 11:30;5,92
20.03.2025 11:45;2,9
20.03.2025 12:00;0,28
20.03.2025 12:15;4,32
20.03.2025 12:30;2,94
20.03.2025 12:45;3,88
20.03.2025 13:00;7,72
20.03.2025 13:15;8,22
20.03.2025 13:30;10,94
20.03.2025 13:45;6
20.03.2025 14:00;27
20.03.2025 14:15;31,68
20.03.2025 14:30;23,7
20.03.2025 14:45;30,72
20.03.2025 15:00;26
20.03.2025 15:15;30,52
20.03.2025 15:30;37,52
20.03.2025 15:45;46,84
20.03.2025 16:00;42
20.03.2025 16:15;56,1
20.03.2025 16:30;50,6
20.03.2025 16:45;62,46
20.03.2025 17:00;44,76
20.03.2025 17:15;56,92
20.03.2025 17:30;76,1
20.03.2025 17:45;78,16
20.03.2025 18:00;79,6
20.03.2025 18:15;83,4
20.03.2025 18:30;78,42
20.03.2025 18:45;74,1
20.03.2025 19:00;82,16
20.03.2025 19:15;81,3
20.03.2025 19:30;77,06
20.03.2025 19:45;65,64
20.03.2025 20:00;47,34
20.03.2025 20:15;69,24
20.03.2025 20:30;76,36
20.03.2025 20:45;71,3
20.03.2025 21:00;77
20.03.2025 21:15;74,18
20.03.2025 21:30;75,54
20.03.2025 21:45;80,24
20.03.2025 22:00;73,16
20.03.2025 22:15;63,68
20.03.2025 22:30;28,42
20.03.2025 22:45;20,22
20.03.2025 23:00;17,64
20.03.2025 23:15;17,28
20.03.2025 23:30;21,3
20.03.2025 23:45;17,66
21.03.2025 00:00;17,52
21.03.2025 00:15;18,16
21.03.2025 00:30;18,1
21.03.2025 00:45;15,72
21.03.2025 01:00;14,68
21.03.2025 01:15;15,18
21.03.2025 01:30;11,3
21.03.2025 01:45;10,16
21.03.2025 02:00;10,12
21.03.2025 02:15;10,22
21.03.2025 02:30;9,9
21.03.2025 02:45;9,44
21.03.2025 03:00;7,94
21.03.2025 03:15;7,48
21.03.2025 03:30;9,16
21.03.2025 03:45;8,6
21.03.2025 04:00;7,66
21.03.2025 04:15;7,18
21.03.2025 04:30;6,86
21.03.2025 04:45;7,14
21.03.2025 05:00;10,38
21.03.2025 05:15;18,16
21.03.2025 05:30;57,74
21.03.2025 05:45;73,82
21.03.2025 06:00;76,28
21.03.2025 06:15;79,06
21.03.2025 06:30;84,12
21.03.2025 06:45;84,46
21.03.2025 07:00;76,92
21.03.2025 07:15;72,28
21.03.2025 07:30;72,8
21.03.2025 07:45;69,56
21.03.2025 08:00;66,86
21.03.2025 08:15;61,64
21.03.2025 08:30;59,76
21.03.2025 08:45;49,34
21.03.2025 09:00;31,06
21.03.2025 09:15;33,06
21.03.2025 09:30;37,52
21.03.2025 09:45;36,62
21.03.2025 10:00;32,52
21.03.2025 10:15;22,36
21.03.2025 10:30;20,9
21.03.2025 10:45;18,52
21.03.2025 11:00;11,1
21.03.2025 11:15;13,7
21.03.2025 11:30;3
21.03.2025 11:45;6,74
21.03.2025 12:00;0,08
21.03.2025 12:15;1,74
21.03.2025 12:30;16,68
21.03.2025 12:45;18,88
21.03.2025 13:00;25,98
21.03.2025 13:15;32,66
21.03.2025 13:30;35,92
21.03.2025 13:45;40,18
21.03.2025 14:00;30,12
21.03.2025 14:15;30
21.03.2025 14:30;31,66
21.03.2025 14:45;31,32
21.03.2025 15:00;37,3
21.03.2025 15:15;48,52
21.03.2025 15:30;54,16
21.03.2025 15:45;58,34
21.03.2025 16:00;56,84
21.03.2025 16:15;53,44
21.03.2025 16:30;63,08
21.03.2025 16:45;65,54
21.03.2025 17:00;61,56
21.03.2025 17:15;73,96
21.03.2025 17:30;79,22
21.03.2025 17:45;78,1
21.03.2025 18:00;81,14
21.03.2025 18:15;72
21.03.2025 18:30;70,34
21.03.2025 18:45;67,54
21.03.2025 19:00;68,44
21.03.2025 19:15;74,16
21.03.2025 19:30;73,58
21.03.2025 19:45;70,3
21.03.2025 20:00;41,42
21.03.2025 20:15;53,8
21.03.2025 20:30;69,78
21.03.2025 20:45;66,18
21.03.2025 21:00;59,84
21.03.2025 21:15;58,2
21.03.2025 21:30;51,84
21.03.2025 21:45;43,26
21.03.2025 22:00;34,58
21.03.2025 22:15;20,42
21.03.2025 22:30;6,86
21.03.2025 22:45;5,04
21.03.2025 23:00;5,38
21.03.2025 23:15;5,06
21.03.2025 23:30;4,96
21.03.2025 23:45;5,36
22.03.2025 00:00;4,3
22.03.2025 00:15;7,84
22.03.2025 00:30;5,2
22.03.2025 00:45;4,14
22.03.2025 01:00;4,94
22.03.2025 01:15;4,04
22.03.2025 01:30;4,76
22.03.2025 01:45;4,8
22.03.2025 02:00;3,66
22.03.2025 02:15;4,26
22.03.2025 02:30;4,16
22.03.2025 02:45;6,2
22.03.2025 03:00;4,32
22.03.2025 03:15;3,36
22.03.2025 03:30;4,32
22.03.2025 03:45;4,5
22.03.2025 04:00;3,44
22.03.2025 04:15;4,24
22.03.2025 04:30;3,76
22.03.2025 04:45;3,62
22.03.2025 05:00;4,78
22.03.2025 05:15;8,6
22.03.2025 05:30;9,64
22.03.2025 05:45;9,58
22.03.2025 06:00;9,88
22.03.2025 06:15;9,82
22.03.2025 06:30;9,44
22.03.2025 06:45;8,56
22.03.2025 07:00;8,6
22.03.2025 07:15;6,02
22.03.2025 07:30;3,38
22.03.2025 07:45;2,46
22.03.2025 08:00;0,08
22.03.2025 08:15;0,02
22.03.2025 08:30;0
22.03.2025 08:45;0
22.03.2025 09:00;0
22.03.2025 09:15;0
22.03.2025 09:30;0
22.03.2025 09:45;0,04
22.03.2025 10:00;0
22.03.2025 10:15;0
22.03.2025 10:30;0
22.03.2025 10:45;0
22.03.2025 11:00;0
22.03.2025 11:15;0
22.03.2025 11:30;0
22.03.2025 11:45;0
22.03.2025 12:00;0
22.03.2025 12:15;0
22.03.2025 12:30;0
22.03.2025 12:45;0
22.03.2025 13:00;0
22.03.2025 13:15;0
22.03.2025 13:30;0
22.03.2025 13:45;0
22.03.2025 14:00;0
22.03.2025 14:15;0
22.03.2025 14:30;0
22.03.2025 14:45;0
22.03.2025 15:00;0
22.03.2025 15:15;0
22.03.2025 15:30;0
22.03.2025 15:45;0
22.03.2025 16:00;0
22.03.2025 16:15;0
22.03.2025 16:30;0
22.03.2025 16:45;0
22.03.2025 17:00;0
22.03.2025 17:15;0
22.03.2025 17:30;3,7
22.03.2025 17:45;2,98
22.03.2025 18:00;4,16
22.03.2025 18:15;3,98
22.03.2025 18:30;4,84
22.03.2025 18:45;4,16
22.03.2025 19:00;5,22
22.03.2025 19:15;4,3
22.03.2025 19:30;5,26
22.03.2025 19:45;4,3
22.03.2025 20:00;7,18
22.03.2025 20:15;3,9
22.03.2025 20:30;4,74
22.03.2025 20:45;3,92
22.03.2025 21:00;4,5
22.03.2025 21:15;3,46
22.03.2025 21:30;4,4
22.03.2025 21:45;3,4
22.03.2025 22:00;4,14
22.03.2025 22:15;3,22
22.03.2025 22:30;4,1
22.03.2025 22:45;3,16
22.03.2025 23:00;5
22.03.2025 23:15;4,68
22.03.2025 23:30;4,34
22.03.2025 23:45;3,5
23.03.2025 00:00;4,02
23.03.2025 00:15;3,12
23.03.2025 00:30;3,96
23.03.2025 00:45;3,14
23.03.2025 01:00;4,1
23.03.2025 01:15;3,14
23.03.2025 01:30;3,96
23.03.2025 01:45;2,9
23.03.2025 02:00;3,8
23.03.2025 02:15;2,94
23.03.2025 02:30;3,98
23.03.2025 02:45;5,38
23.03.2025 03:00;3,92
23.03.2025 03:15;3
23.03.2025 03:30;3,82
23.03.2025 03:45;2,88
23.03.2025 04:00;3,86
23.03.2025 04:15;2,96
23.03.2025 04:30;3,88
23.03.2025 04:45;3,12
23.03.2025 05:00;3,9
23.03.2025 05:15;3,04
23.03.2025 05:30;3,9
23.03.2025 05:45;2,9
23.03.2025 06:00;6,6
23.03.2025 06:15;2,44
23.03.2025 06:30;2,96
23.03.2025 06:45;1,72
23.03.2025 07:00;1,46
23.03.2025 07:15;0
23.03.2025 07:30;0
23.03.2025 07:45;0
23.03.2025 08:00;0
23.03.2025 08:15;0
23.03.2025 08:30;0
23.03.2025 08:45;0
23.03.2025 09:00;0
23.03.2025 09:15;0
23.03.2025 09:30;0
23.03.2025 09:45;0
23.03.2025 10:00;0
23.03.2025 10:15;0
23.03.2025 10:30;0
23.03.2025 10:45;0
23.03.2025 11:00;0
23.03.2025 11:15;0
23.03.2025 11:30;0
23.03.2025 11:45;0
23.03.2025 12:00;0
23.03.2025 12:15;0
23.03.2025 12:30;0
23.03.2025 12:45;0
23.03.2025 13:00;0
23.03.2025 13:15;0
23.03.2025 13:30;0
23.03.2025 13:45;0
23.03.2025 14:00;0
23.03.2025 14:15;0
23.03.2025 14:30;0
23.03.2025 14:45;0
23.03.2025 15:00;0
23.03.2025 15:15;0
23.03.2025 15:30;0
23.03.2025 15:45;0
23.03.2025 16:00;0
23.03.2025 16:15;0,02
23.03.2025 16:30;0,48
23.03.2025 16:45;0
23.03.2025 17:00;0
23.03.2025 17:15;0
23.03.2025 17:30;0,56
23.03.2025 17:45;0,02
23.03.2025 18:00;1,66
23.03.2025 18:15;2,34
23.03.2025 18:30;3,8
23.03.2025 18:45;3,16
23.03.2025 19:00;4,3
23.03.2025 19:15;3,3
23.03.2025 19:30;7,62
23.03.2025 19:45;4,24
23.03.2025 20:00;4,4
23.03.2025 20:15;3,6
23.03.2025 20:30;4,18
23.03.2025 20:45;3,34
23.03.2025 21:00;4,24
23.03.2025 21:15;3,56
23.03.2025 21:30;4,2
23.03.2025 21:45;3,44
23.03.2025 22:00;3,88
23.03.2025 22:15;3,02
23.03.2025 22:30;3,74
23.03.2025 22:45;3,06
23.03.2025 23:00;3,7
23.03.2025 23:15;3,18
23.03.2025 23:30;3,74
23.03.2025 23:45;3,26
24.03.2025 00:00;3,74
24.03.2025 00:15;6
24.03.2025 00:30;3,72
24.03.2025 00:45;3,04
24.03.2025 01:00;3,7
24.03.2025 01:15;3,04
24.03.2025 01:30;3,7
24.03.2025 01:45;3,22
24.03.2025 02:00;3,86
24.03.2025 02:15;3,28
24.03.2025 02:30;3,84
24.03.2025 02:45;3,24
24.03.2025 03:00;3,76
24.03.2025 03:15;3,22
24.03.2025 03:30;4,16
24.03.2025 03:45;5,26
24.03.2025 04:00;3,8
24.03.2025 04:15;3,16
24.03.2025 04:30;3,82
24.03.2025 04:45;5,4
24.03.2025 05:00;9,38
24.03.2025 05:15;10,32
24.03.2025 05:30;33,76
24.03.2025 05:45;55,66
24.03.2025 06:00;69,24
24.03.2025 06:15;70,2
24.03.2025 06:30;67,98
24.03.2025 06:45;66,88
24.03.2025 07:00;65,1
24.03.2025 07:15;62,02
24.03.2025 07:30;63,7
24.03.2025 07:45;65,56
24.03.2025 08:00;55,3
24.03.2025 08:15;50,06
24.03.2025 08:30;58,04
24.03.2025 08:45;45,56
24.03.2025 09:00;26,56
24.03.2025 09:15;47,4
24.03.2025 09:30;53,14
24.03.2025 09:45;55,64
24.03.2025 10:00;49,06
24.03.2025 10:15;48,76
24.03.2025 10:30;44,34
24.03.2025 10:45;41,92
24.03.2025 11:00;58,18
24.03.2025 11:15;58,82
24.03.2025 11:30;45,1
24.03.2025 11:45;44,94
24.03.2025 12:00;31,4
24.03.2025 12:15;40,28
24.03.2025 12:30;42,56
24.03.2025 12:45;28,52
24.03.2025 13:00;5,82
24.03.2025 13:15;21,92
24.03.2025 13:30;21,22
24.03.2025 13:45;6,86
24.03.2025 14:00;4,84
24.03.2025 14:15;4,6
24.03.2025 14:30;19,96
24.03.2025 14:45;20,28
24.03.2025 15:00;5,56
24.03.2025 15:15;13,44
24.03.2025 15:30;37,62
24.03.2025 15:45;32,8
24.03.2025 16:00;28,12
24.03.2025 16:15;34,64
24.03.2025 16:30;43,18
24.03.2025 16:45;42,78
24.03.2025 17:00;30,6
24.03.2025 17:15;43,34
24.03.2025 17:30;70,92
24.03.2025 17:45;72,16
24.03.2025 18:00;71,12
24.03.2025 18:15;69,3
24.03.2025 18:30;76,46
24.03.2025 18:45;76,6
24.03.2025 19:00;79,14
24.03.2025 19:15;75,54
24.03.2025 19:30;76,28
24.03.2025 19:45;76,94
24.03.2025 20:00;67,18
24.03.2025 20:15;68,84
24.03.2025 20:30;72,84
24.03.2025 20:45;68,38
24.03.2025 21:00;70,26
24.03.2025 21:15;64,08
24.03.2025 21:30;59,86
24.03.2025 21:45;62,16
24.03.2025 22:00;62,12
24.03.2025 22:15;53,64
24.03.2025 22:30;37,04
24.03.2025 22:45;28,16
24.03.2025 23:00;23,3
24.03.2025 23:15;23,16
24.03.2025 23:30;18,86
24.03.2025 23:45;18,98
25.03.2025 00:00;22,1
25.03.2025 00:15;18,36
25.03.2025 00:30;18,72
25.03.2025 00:45;22,32
25.03.2025 01:00;17,3
25.03.2025 01:15;17,68
25.03.2025 01:30;21,26
25.03.2025 01:45;17,4
25.03.2025 02:00;16,54
25.03.2025 02:15;20
25.03.2025 02:30;18,64
25.03.2025 02:45;16,98
25.03.2025 03:00;19,4
25.03.2025 03:15;20,08
25.03.2025 03:30;17,22
25.03.2025 03:45;16,96
25.03.2025 04:00;18,6
25.03.2025 04:15;16,18
25.03.2025 04:30;19,28
25.03.2025 04:45;24,16
25.03.2025 05:00;21,46
25.03.2025 05:15;24,74
25.03.2025 05:30;57
25.03.2025 05:45;59,32
25.03.2025 06:00;56,8
25.03.2025 06:15;55,56
25.03.2025 06:30;53,88
25.03.2025 06:45;57,5
25.03.2025 07:00;53,32
25.03.2025 07:15;56,64
25.03.2025 07:30;46,46
25.03.2025 07:45;48,54
25.03.2025 08:00;50,84
25.03.2025 08:15;45,42
25.03.2025 08:30;46,8
25.03.2025 08:45;50,2
25.03.2025 09:00;28,88
25.03.2025 09:15;43,7
25.03.2025 09:30;47,06
25.03.2025 09:45;45,4
25.03.2025 10:00;43,66
25.03.2025 10:15;32,26
25.03.2025 10:30;17,2
25.03.2025 10:45;13,92
25.03.2025 11:00;11,38
25.03.2025 11:15;7,04
25.03.2025 11:30;1,72
25.03.2025 11:45;1
25.03.2025 12:00;0
25.03.2025 12:15;0,18
25.03.2025 12:30;8,56
25.03.2025 12:45;0,92
25.03.2025 13:00;26,22
25.03.2025 13:15;31,12
25.03.2025 13:30;33,18
25.03.2025 13:45;40,12
25.03.2025 14:00;41,4
25.03.2025 14:15;37,26
25.03.2025 14:30;17,18
25.03.2025 14:45;4,2
25.03.2025 15:00;9,06
25.03.2025 15:15;5,56
25.03.2025 15:30;8,94
25.03.2025 15:45;30,92
25.03.2025 16:00;47,84
25.03.2025 16:15;30,98
25.03.2025 16:30;41,06
25.03.2025 16:45;33,38
25.03.2025 17:00;34,32
25.03.2025 17:15;38,06
25.03.2025 17:30;45,58
25.03.2025 17:45;62,16
25.03.2025 18:00;52,72
25.03.2025 18:15;49,34
25.03.2025 18:30;54,4
25.03.2025 18:45;55,28
25.03.2025 19:00;54,66
25.03.2025 19:15;55,74
25.03.2025 19:30;55,08
25.03.2025 19:45;54,68
25.03.2025 20:00;45,28
25.03.2025 20:15;48,22
25.03.2025 20:30;51,74
25.03.2025 20:45;51,64
25.03.2025 21:00;56,58
25.03.2025 21:15;52,62
25.03.2025 21:30;53,22
25.03.2025 21:45;56,26
25.03.2025 22:00;49,86
25.03.2025 22:15;38,52
25.03.2025 22:30;36,08
25.03.2025 22:45;30,06
25.03.2025 23:00;20,98
25.03.2025 23:15;20,82
25.03.2025 23:30;21,74
25.03.2025 23:45;17,86
26.03.2025 00:00;21,12
26.03.2025 00:15;20,46
26.03.2025 00:30;15,26
26.03.2025 00:45;16,38
26.03.2025 01:00;18,04
26.03.2025 01:15;14,74
26.03.2025 01:30;15,66
26.03.2025 01:45;17,62
26.03.2025 02:00;15,16
26.03.2025 02:15;16,08
26.03.2025 02:30;17,32
26.03.2025 02:45;14,76
26.03.2025 03:00;15,88
26.03.2025 03:15;19,1
26.03.2025 03:30;14,52
26.03.2025 03:45;14,72
26.03.2025 04:00;15,68
26.03.2025 04:15;19,2
26.03.2025 04:30;20,52
26.03.2025 04:45;22,02
26.03.2025 05:00;24,16
26.03.2025 05:15;24,5
26.03.2025 05:30;43,7
26.03.2025 05:45;51,34
26.03.2025 06:00;51,38
26.03.2025 06:15;51,38
26.03.2025 06:30;54,32
26.03.2025 06:45;51,28
26.03.2025 07:00;54,06
26.03.2025 07:15;51,2
26.03.2025 07:30;50,28
26.03.2025 07:45;40,58
26.03.2025 08:00;46,72
26.03.2025 08:15;39,6
26.03.2025 08:30;36,52
26.03.2025 08:45;38,06
26.03.2025 09:00;23,98
26.03.2025 09:15;46,28
26.03.2025 09:30;46,94
26.03.2025 09:45;41,96
26.03.2025 10:00;34,28
26.03.2025 10:15;37,86
26.03.2025 10:30;29,18
26.03.2025 10:45;40,38
26.03.2025 11:00;43,32
26.03.2025 11:15;37,08
26.03.2025 11:30;46,5
26.03.2025 11:45;32,46
26.03.2025 12:00;12,4
26.03.2025 12:15;10,2
26.03.2025 12:30;36,52
26.03.2025 12:45;46,24
26.03.2025 13:00;40,08
26.03.2025 13:15;57,58
26.03.2025 13:30;61,4
26.03.2025 13:45;41,5
26.03.2025 14:00;61,28
26.03.2025 14:15;71,52
26.03.2025 14:30;71,6
26.03.2025 14:45;70,08
26.03.2025 15:00;60,54
26.03.2025 15:15;70,7
26.03.2025 15:30;79,54
26.03.2025 15:45;76,4
26.03.2025 16:00;75,28
26.03.2025 16:15;69,84
26.03.2025 16:30;77,36
26.03.2025 16:45;77,74
26.03.2025 17:00;59,72
26.03.2025 17:15;65,8
26.03.2025 17:30;73,7
26.03.2025 17:45;70,56
26.03.2025 18:00;76,14
26.03.2025 18:15;78,06
26.03.2025 18:30;75,5
26.03.2025 18:45;70,68
26.03.2025 19:00;75,38
26.03.2025 19:15;75,62
26.03.2025 19:30;70,72
26.03.2025 19:45;71,2
26.03.2025 20:00;67
26.03.2025 20:15;55,86
26.03.2025 20:30;69,82
26.03.2025 20:45;71,14
26.03.2025 21:00;68,7
26.03.2025 21:15;65,34
26.03.2025 21:30;62,3
26.03.2025 21:45;68,8
26.03.2025 22:00;70,56
26.03.2025 22:15;67,62
26.03.2025 22:30;45,04
26.03.2025 22:45;36,32
26.03.2025 23:00;37,24
26.03.2025 23:15;36,5
26.03.2025 23:30;31,88
26.03.2025 23:45;31,16
27.03.2025 00:00;35,16
27.03.2025 00:15;34,66
27.03.2025 00:30;26,22
27.03.2025 00:45;27,9
27.03.2025 01:00;28,96
27.03.2025 01:15;25,34
27.03.2025 01:30;27,42
27.03.2025 01:45;29,22
27.03.2025 02:00;24,52
27.03.2025 02:15;28,66
27.03.2025 02:30;28,2
27.03.2025 02:45;23,7
27.03.2025 03:00;26,32
27.03.2025 03:15;27,64
27.03.2025 03:30;22,28
27.03.2025 03:45;26,26
27.03.2025 04:00;27,66
27.03.2025 04:15;23,16
27.03.2025 04:30;26,96
27.03.2025 04:45;29,3
27.03.2025 05:00;28,7
27.03.2025 05:15;36,54
27.03.2025 05:30;56,32
27.03.2025 05:45;67
27.03.2025 06:00;66,14
27.03.2025 06:15;73,52
27.03.2025 06:30;62,92
27.03.2025 06:45;63,54
27.03.2025 07:00;59,6
27.03.2025 07:15;66,9
27.03.2025 07:30;64,24
27.03.2025 07:45;59,24
27.03.2025 08:00;61,76
27.03.2025 08:15;55,2
27.03.2025 08:30;51,04
27.03.2025 08:45;39,32
27.03.2025 09:00;22,6
27.03.2025 09:15;32,38
27.03.2025 09:30;33,76
27.03.2025 09:45;22,44
27.03.2025 10:00;47,48
27.03.2025 10:15;54,34
27.03.2025 10:30;55,26
27.03.2025 10:45;57,16
27.03.2025 11:00;55,78
27.03.2025 11:15;49,18
27.03.2025 11:30;30,62
27.03.2025 11:45;26,7
27.03.2025 12:00;14,64
27.03.2025 12:15;39,76
27.03.2025 12:30;53,14
27.03.2025 12:45;55,8
27.03.2025 13:00;58,48
27.03.2025 13:15;64
27.03.2025 13:30;67,44
27.03.2025 13:45;43,96
27.03.2025 14:00;48,36
27.03.2025 14:15;56,86
27.03.2025 14:30;59,96
27.03.2025 14:45;65,94
27.03.2025 15:00;25,92
27.03.2025 15:15;66,3
27.03.2025 15:30;64,28
27.03.2025 15:45;52,7
27.03.2025 16:00;66,3
27.03.2025 16:15;62,88
27.03.2025 16:30;75,3
27.03.2025 16:45;76,06
27.03.2025 17:00;68,86
27.03.2025 17:15;86,82
27.03.2025 17:30;97,52
27.03.2025 17:45;92,46
27.03.2025 18:00;100,88
27.03.2025 18:15;95,98
27.03.2025 18:30;96,44
27.03.2025 18:45;91,68
27.03.2025 19:00;95,52
27.03.2025 19:15;90,14
27.03.2025 19:30;97,66
27.03.2025 19:45;91,42
27.03.2025 20:00;65,66
27.03.2025 20:15;78,42
27.03.2025 20:30;73,66
27.03.2025 20:45;84,38
27.03.2025 21:00;75,28
27.03.2025 21:15;74,5
27.03.2025 21:30;84,88
27.03.2025 21:45;79,96
27.03.2025 22:00;76
27.03.2025 22:15;61,64
27.03.2025 22:30;30,08
27.03.2025 22:45;25,28
27.03.2025 23:00;20,64
27.03.2025 23:15;22,52
27.03.2025 23:30;21,24
27.03.2025 23:45;18,96
28.03.2025 00:00;24,18
28.03.2025 00:15;17,98
28.03.2025 00:30;17,36
28.03.2025 00:45;20,22
28.03.2025 01:00;15,96
28.03.2025 01:15;15,64
28.03.2025 01:30;17,18
28.03.2025 01:45;17,32
28.03.2025 02:00;16,04
28.03.2025 02:15;15,84
28.03.2025 02:30;19,7
28.03.2025 02:45;15,44
28.03.2025 03:00;15,44
28.03.2025 03:15;16,02
28.03.2025 03:30;18,9
28.03.2025 03:45;15,44
28.03.2025 04:00;15,54
28.03.2025 04:15;17,72
28.03.2025 04:30;17,5
28.03.2025 04:45;18,08
28.03.2025 05:00;21,48
28.03.2025 05:15;27,4
28.03.2025 05:30;64,36
28.03.2025 05:45;76
28.03.2025 06:00;77,48
28.03.2025 06:15;80,26
28.03.2025 06:30;67,52
28.03.2025 06:45;69,22
28.03.2025 07:00;64,3
28.03.2025 07:15;65,84
28.03.2025 07:30;59,5
28.03.2025 07:45;53,14
28.03.2025 08:00;43,94
28.03.2025 08:15;31,36
28.03.2025 08:30;29,88
28.03.2025 08:45;17,54
28.03.2025 09:00;3,86
28.03.2025 09:15;11,38
28.03.2025 09:30;19,76
28.03.2025 09:45;15,64
28.03.2025 10:00;11,64
28.03.2025 10:15;6,9
28.03.2025 10:30;3,48
28.03.2025 10:45;1,64
28.03.2025 11:00;1,24
28.03.2025 11:15;0,76
28.03.2025 11:30;1,44
28.03.2025 11:45;0,46
28.03.2025 12:00;0
28.03.2025 12:15;11,08
28.03.2025 12:30;11,08
28.03.2025 12:45;3,24
28.03.2025 13:00;5,16
28.03.2025 13:15;8,02
28.03.2025 13:30;9,56
28.03.2025 13:45;0,96
28.03.2025 14:00;7,04
28.03.2025 14:15;15,4
28.03.2025 14:30;22,38
28.03.2025 14:45;39,26
28.03.2025 15:00;40,16
28.03.2025 15:15;32,64
28.03.2025 15:30;24,88
28.03.2025 15:45;26,78
28.03.2025 16:00;33,78
28.03.2025 16:15;44,22
28.03.2025 16:30;47,16
28.03.2025 16:45;54,78
28.03.2025 17:00;52,38
28.03.2025 17:15;51,14
28.03.2025 17:30;65,76
28.03.2025 17:45;64,9
28.03.2025 18:00;65,06
28.03.2025 18:15;69,86
28.03.2025 18:30;66,46
28.03.2025 18:45;72,78
28.03.2025 19:00;82,34
28.03.2025 19:15;79,88
28.03.2025 19:30;81,48
28.03.2025 19:45;62,9
28.03.2025 20:00;54,2
28.03.2025 20:15;46,9
28.03.2025 20:30;63,74
28.03.2025 20:45;57,98
28.03.2025 21:00;56,16
28.03.2025 21:15;50,52
28.03.2025 21:30;51,5
28.03.2025 21:45;44,94
28.03.2025 22:00;31,16
28.03.2025 22:15;18,48
28.03.2025 22:30;9,12
28.03.2025 22:45;8,82
28.03.2025 23:00;8,06
28.03.2025 23:15;7,74
28.03.2025 23:30;7,88
28.03.2025 23:45;6,52
29.03.2025 00:00;7,08
29.03.2025 00:15;7,14
29.03.2025 00:30;6,14
29.03.2025 00:45;7,02
29.03.2025 01:00;6,94
29.03.2025 01:15;9,58
29.03.2025 01:30;7,12
29.03.2025 01:45;5,58
29.03.2025 02:00;5,14
29.03.2025 02:15;4,06
29.03.2025 02:30;4,76
29.03.2025 02:45;3,88
29.03.2025 03:00;4,62
29.03.2025 03:15;3,56
29.03.2025 03:30;4,14
29.03.2025 03:45;3,28
29.03.2025 04:00;4,24
29.03.2025 04:15;3,44
29.03.2025 04:30;7,36
29.03.2025 04:45;4,22
29.03.2025 05:00;4,48
29.03.2025 05:15;4,98
29.03.2025 05:30;7,24
29.03.2025 05:45;7,06
29.03.2025 06:00;6,52
29.03.2025 06:15;6,66
29.03.2025 06:30;5,22
29.03.2025 06:45;6,38
29.03.2025 07:00;2,66
29.03.2025 07:15;2,02
29.03.2025 07:30;1,62
29.03.2025 07:45;1,24
29.03.2025 08:00;0
29.03.2025 08:15;0
29.03.2025 08:30;0
29.03.2025 08:45;0
29.03.2025 09:00;0
29.03.2025 09:15;0
29.03.2025 09:30;0
29.03.2025 09:45;0,12
29.03.2025 10:00;0
29.03.2025 10:15;0
29.03.2025 10:30;0
29.03.2025 10:45;0
29.03.2025 11:00;0
29.03.2025 11:15;0
29.03.2025 11:30;0
29.03.2025 11:45;0
29.03.2025 12:00;0
29.03.2025 12:15;0
29.03.2025 12:30;0
29.03.2025 12:45;0
29.03.2025 13:00;0
29.03.2025 13:15;0
29.03.2025 13:30;0
29.03.2025 13:45;0
29.03.2025 14:00;0
29.03.2025 14:15;0
29.03.2025 14:30;0
29.03.2025 14:45;0
29.03.2025 15:00;0
29.03.2025 15:15;0
29.03.2025 15:30;0
29.03.2025 15:45;0
29.03.2025 16:00;0
29.03.2025 16:15;0
29.03.2025 16:30;0
29.03.2025 16:45;0
29.03.2025 17:00;0,06
29.03.2025 17:15;0,1
29.03.2025 17:30;0,46
29.03.2025 17:45;1,82
29.03.2025 18:00;2,42
29.03.2025 18:15;3,16
29.03.2025 18:30;5,3
29.03.2025 18:45;4,4
29.03.2025 19:00;3,82
29.03.2025 19:15;4,72
29.03.2025 19:30;3,74
29.03.2025 19:45;4,76
29.03.2025 20:00;3,78
29.03.2025 20:15;4,64
29.03.2025 20:30;3,72
29.03.2025 20:45;4,64
29.03.2025 21:00;3,82
29.03.2025 21:15;4,84
29.03.2025 21:30;3,98
29.03.2025 21:45;7,72
29.03.2025 22:00;4
29.03.2025 22:15;4,56
29.03.2025 22:30;3,52
29.03.2025 22:45;4,52
29.03.2025 23:00;3,5
29.03.2025 23:15;4,42
29.03.2025 23:30;3,68
29.03.2025 23:45;4,54
30.03.2025 00:00;4
30.03.2025 00:15;6,08
30.03.2025 00:30;5,1
30.03.2025 00:45;3,8
30.03.2025 01:00;4,52
30.03.2025 01:15;3,54
30.03.2025 01:30;4,46
30.03.2025 01:45;3,64
30.03.2025 03:00;5,7
30.03.2025 03:15;5,04
30.03.2025 03:30;4,72
30.03.2025 03:45;3,5
30.03.2025 04:00;6
30.03.2025 04:15;5
30.03.2025 04:30;4,88
30.03.2025 04:45;3,6
30.03.2025 05:00;4,5
30.03.2025 05:15;3,66
30.03.2025 05:30;4,58
30.03.2025 05:45;3,6
30.03.2025 06:00;4,52
30.03.2025 06:15;3,62
30.03.2025 06:30;4,46
30.03.2025 06:45;3,96
30.03.2025 07:00;4,72
30.03.2025 07:15;0,2
30.03.2025 07:30;0,08
30.03.2025 07:45;0
30.03.2025 08:00;0
30.03.2025 08:15;0
30.03.2025 08:30;0
30.03.2025 08:45;0
30.03.2025 09:00;0
30.03.2025 09:15;0
30.03.2025 09:30;0
30.03.2025 09:45;0
30.03.2025 10:00;0
30.03.2025 10:15;0
30.03.2025 10:30;0
30.03.2025 10:45;0
30.03.2025 11:00;0
30.03.2025 11:15;0
30.03.2025 11:30;0
30.03.2025 11:45;0
30.03.2025 12:00;0
30.03.2025 12:15;0
30.03.2025 12:30;0
30.03.2025 12:45;0
30.03.2025 13:00;0
30.03.2025 13:15;0
30.03.2025 13:30;0
30.03.2025 13:45;0
30.03.2025 14:15;0
30.03.2025 14:30;0
30.03.2025 14:45;0
30.03.2025 15:00;0
30.03.2025 15:15;0
30.03.2025 15:30;0
30.03.2025 15:45;0
30.03.2025 16:00;0
30.03.2025 16:15;0
30.03.2025 16:30;0
30.03.2025 16:45;0
30.03.2025 17:00;0,1
30.03.2025 17:15;0
30.03.2025 17:30;1,54
30.03.2025 17:45;0,76
30.03.2025 18:00;2,54
30.03.2025 18:15;2,68
30.03.2025 18:30;3,12
30.03.2025 18:45;2,64
30.03.2025 19:00;2,44
30.03.2025 19:15;2,68
30.03.2025 19:30;4,28
30.03.2025 19:45;3,92
30.03.2025 20:00;4,88
30.03.2025 20:15;6,98
30.03.2025 20:30;4,8
30.03.2025 20:45;4,32
30.03.2025 21:00;4,52
30.03.2025 21:15;4,68
30.03.2025 21:30;4,42
30.03.2025 21:45;4,94
30.03.2025 22:00;3,7
30.03.2025 22:15;4,72
30.03.2025 22:30;3,68
30.03.2025 22:45;5,04
30.03.2025 23:00;7,2
30.03.2025 23:15;4,4
30.03.2025 23:30;3,54
30.03.2025 23:45;4,42
31.03.2025 00:00;3,64
31.03.2025 00:15;4,42
31.03.2025 00:30;3,62
31.03.2025 00:45;4,42
31.03.2025 01:00;3,56
31.03.2025 01:15;4,52
31.03.2025 01:30;3,64
31.03.2025 01:45;4,98
31.03.2025 02:00;3,8
31.03.2025 02:15;4,56
31.03.2025 02:30;6,34
31.03.2025 02:45;4,58
31.03.2025 03:00;3,82
31.03.2025 03:15;4,38
31.03.2025 03:30;4,76
31.03.2025 03:45;5,56
31.03.2025 04:00;5,34
31.03.2025 04:15;3,58
31.03.2025 04:30;4,48
31.03.2025 04:45;3,54
31.03.2025 05:00;7,78
31.03.2025 05:15;10,92
31.03.2025 05:30;18,66
31.03.2025 05:45;40,44
31.03.2025 06:00;45,38
31.03.2025 06:15;58,32
31.03.2025 06:30;66,68
31.03.2025 06:45;66,84
31.03.2025 07:00;65,5
31.03.2025 07:15;70,24
31.03.2025 07:30;71,76
31.03.2025 07:45;62,86
31.03.2025 08:00;58,82
31.03.2025 08:15;52,36
31.03.2025 08:30;44,98
31.03.2025 08:45;56,66
31.03.2025 09:00;45,88
31.03.2025 09:15;52,82
31.03.2025 09:30;55,26
31.03.2025 09:45;42,4
31.03.2025 10:00;45,92
31.03.2025 10:15;42,56
31.03.2025 10:30;39,94
31.03.2025 10:45;44,46
31.03.2025 11:00;40,14
31.03.2025 11:15;45,48
31.03.2025 11:30;60,56
31.03.2025 11:45;65,02
31.03.2025 12:00;45,54
31.03.2025 12:15;44,88
31.03.2025 12:30;49,96
31.03.2025 12:45;56,74
31.03.2025 13:00;39,44
31.03.2025 13:15;55,52
31.03.2025 13:30;79,08
31.03.2025 13:45;76,74
31.03.2025 14:00;62,94
31.03.2025 14:15;79,36
31.03.2025 14:30;70,8
31.03.2025 14:45;79
31.03.2025 15:00;57,28
31.03.2025 15:15;61,58
31.03.2025 15:30;56,34
31.03.2025 15:45;58,62
31.03.2025 16:00;70,7
31.03.2025 16:15;72,04
31.03.2025 16:30;60,24
31.03.2025 16:45;60,8
31.03.2025 17:00;50,78
31.03.2025 17:15;74,96
31.03.2025 17:30;82,4
31.03.2025 17:45;65,9
31.03.2025 18:00;64,16
31.03.2025 18:15;80
31.03.2025 18:30;80,18
31.03.2025 18:45;76,4
31.03.2025 19:00;86,68
31.03.2025 19:15;85,16
31.03.2025 19:30;84,46
31.03.2025 19:45;75,3
31.03.2025 20:00;61,36
31.03.2025 20:15;70,4
31.03.2025 20:30;71,74
31.03.2025 20:45;79,34
31.03.2025 21:00;84,54
31.03.2025 21:15;79,22
31.03.2025 21:30;88,5
31.03.2025 21:45;80,28
31.03.2025 22:00;85,02
31.03.2025 22:15;64,86
31.03.2025 22:30;35,52
31.03.2025 22:45;26,78
31.03.2025 23:00;25,64
31.03.2025 23:15;28,04
31.03.2025 23:30;23,8
31.03.2025 23:45;25,52
01.04.2025 00:00;25,98
01.04.2025 00:15;23,28
01.04.2025 00:30;26,22
01.04.2025 00:45;23,3
01.04.2025 01:00;21,56
01.04.2025 01:15;25
01.04.2025 01:30;21,68
01.04.2025 01:45;20,4
01.04.2025 02:00;25,22
01.04.2025 02:15;20,46
01.04.2025 02:30;21,9
01.04.2025 02:45;20,46
01.04.2025 03:00;17,92
01.04.2025 03:15;16,82
01.04.2025 03:30;20,14
01.04.2025 03:45;17,42
01.04.2025 04:00;16,76
01.04.2025 04:15;19,58
01.04.2025 04:30;16,76
01.04.2025 04:45;16,94
01.04.2025 05:00;24,12
01.04.2025 05:15;23,08
01.04.2025 05:30;40,58
01.04.2025 05:45;46
01.04.2025 06:00;60,18
01.04.2025 06:15;69,9
01.04.2025 06:30;71,6
01.04.2025 06:45;69,78
01.04.2025 07:00;74,82
01.04.2025 07:15;75,94
01.04.2025 07:30;81,5
01.04.2025 07:45;76,1
01.04.2025 08:00;68,04
01.04.2025 08:15;58,42
01.04.2025 08:30;60,56
01.04.2025 08:45;59,22
01.04.2025 09:00;65,2
01.04.2025 09:15;64,06
01.04.2025 09:30;59,14
01.04.2025 09:45;46,92
01.04.2025 10:00;41,96
01.04.2025 10:15;26,72
01.04.2025 10:30;28,16
01.04.2025 10:45;25,86
01.04.2025 11:00;27,16
01.04.2025 11:15;37,82
01.04.2025 11:30;56,82
01.04.2025 11:45;34,74
01.04.2025 12:00;49,62
01.04.2025 12:15;55,1
01.04.2025 12:30;49,98
01.04.2025 12:45;45,38
01.04.2025 13:00;37,82
01.04.2025 13:15;26,18
01.04.2025 13:30;12,12
01.04.2025 13:45;18,92
01.04.2025 14:00;25,4
01.04.2025 14:15;11,14
01.04.2025 14:30;25,12
01.04.2025 14:45;67,44
01.04.2025 15:00;44,64
01.04.2025 15:15;47,5
01.04.2025 15:30;37,06
01.04.2025 15:45;16,86
01.04.2025 16:00;29,86
01.04.2025 16:15;51,12
01.04.2025 16:30;73,34
01.04.2025 16:45;50,22
01.04.2025 17:00;36,66
01.04.2025 17:15;45,82
01.04.2025 17:30;35,6
01.04.2025 17:45;50,76
01.04.2025 18:00;48,14
01.04.2025 18:15;50,54
01.04.2025 18:30;59,36
01.04.2025 18:45;59,66
01.04.2025 19:00;62,84
01.04.2025 19:15;59,08
01.04.2025 19:30;59,84
01.04.2025 19:45;59,02
01.04.2025 20:00;42,94
01.04.2025 20:15;51,5
01.04.2025 20:30;60,3
01.04.2025 20:45;56
01.04.2025 21:00;50,36
01.04.2025 21:15;49,1
01.04.2025 21:30;52,68
01.04.2025 21:45;53,02
01.04.2025 22:00;53,84
01.04.2025 22:15;36,94
01.04.2025 22:30;17,92
01.04.2025 22:45;12,54
01.04.2025 23:00;13,58
01.04.2025 23:15;12,68
01.04.2025 23:30;11,32
01.04.2025 23:45;10,38
02.04.2025 00:00;10,12
02.04.2025 00:15;10,26
02.04.2025 00:30;10,02
02.04.2025 00:45;9,62
02.04.2025 01:00;12,8
02.04.2025 01:15;9,72
02.04.2025 01:30;8,48
02.04.2025 01:45;8,5
02.04.2025 02:00;8,72
02.04.2025 02:15;8,34
02.04.2025 02:30;8,42
02.04.2025 02:45;8,52
02.04.2025 03:00;8,14
02.04.2025 03:15;9,56
02.04.2025 03:30;7,44
02.04.2025 03:45;7,74
02.04.2025 04:00;7,14
02.04.2025 04:15;6,94
02.04.2025 04:30;7,16
02.04.2025 04:45;6,92
02.04.2025 05:00;8,82
02.04.2025 05:15;12,18
02.04.2025 05:30;33,36
02.04.2025 05:45;48,4
02.04.2025 06:00;53,74
02.04.2025 06:15;56,36
02.04.2025 06:30;63,3
02.04.2025 06:45;61,48
02.04.2025 07:00;60,64
02.04.2025 07:15;60,46
02.04.2025 07:30;64,54
02.04.2025 07:45;71,42
02.04.2025 08:00;65
02.04.2025 08:15;61,96
02.04.2025 08:30;66,06
02.04.2025 08:45;55,06
02.04.2025 09:00;47,08
02.04.2025 09:15;54,54
02.04.2025 09:30;49,04
02.04.2025 09:45;35,44
02.04.2025 10:00;27,12
02.04.2025 10:15;31,84
02.04.2025 10:30;29,04
02.04.2025 10:45;17,14
02.04.2025 11:00;13,04
02.04.2025 11:15;20,6
02.04.2025 11:30;44,78
02.04.2025 11:45;34,76
02.04.2025 12:00;30,56
02.04.2025 12:15;45,74
02.04.2025 12:30;44,64
02.04.2025 12:45;21,8
02.04.2025 13:00;14,94
02.04.2025 13:15;27,28
02.04.2025 13:30;15,44
02.04.2025 13:45;27,64
02.04.2025 14:00;44,54
02.04.2025 14:15;63,82
02.04.2025 14:30;70,12
02.04.2025 14:45;75,2
02.04.2025 15:00;71,56
02.04.2025 15:15;75,34
02.04.2025 15:30;73,64
02.04.2025 15:45;83,22
02.04.2025 16:00;72,88
02.04.2025 16:15;51,92
02.04.2025 16:30;48,62
02.04.2025 16:45;44,88
02.04.2025 17:00;54,68
02.04.2025 17:15;59,48
02.04.2025 17:30;73,06
02.04.2025 17:45;73,84
02.04.2025 18:00;75,48
02.04.2025 18:15;74,66
02.04.2025 18:30;71,58
02.04.2025 18:45;81,42
02.04.2025 19:00;83,52
02.04.2025 19:15;84,84
02.04.2025 19:30;84,64
02.04.2025 19:45;75,94
02.04.2025 20:00;44,86
02.04.2025 20:15;52,04
02.04.2025 20:30;79,8
02.04.2025 20:45;84,12
02.04.2025 21:00;91,16
02.04.2025 21:15;88,1
02.04.2025 21:30;90
02.04.2025 21:45;88,72
02.04.2025 22:00;77,04
02.04.2025 22:15;62,44
02.04.2025 22:30;33,28
02.04.2025 22:45;22,84
02.04.2025 23:00;13,46
02.04.2025 23:15;12,88
02.04.2025 23:30;12,92
02.04.2025 23:45;12,04
03.04.2025 00:00;12,1
03.04.2025 00:15;15,46
03.04.2025 00:30;11,92
03.04.2025 00:45;11,84
03.04.2025 01:00;12,04
03.04.2025 01:15;11,58
03.04.2025 01:30;10,9
03.04.2025 01:45;11,46
03.04.2025 02:00;11,66
03.04.2025 02:15;13,56
03.04.2025 02:30;11,18
03.04.2025 02:45;11,46
03.04.2025 03:00;10,68
03.04.2025 03:15;10,46
03.04.2025 03:30;10,4
03.04.2025 03:45;8,5
03.04.2025 04:00;7,78
03.04.2025 04:15;8,44
03.04.2025 04:30;11,22
03.04.2025 04:45;7,5
03.04.2025 05:00;8,68
03.04.2025 05:15;15,22
03.04.2025 05:30;45,8
03.04.2025 05:45;71,34
03.04.2025 06:00;76,9
03.04.2025 06:15;79,56
03.04.2025 06:30;80,94
03.04.2025 06:45;67,16
03.04.2025 07:00;66,14
03.04.2025 07:15;68,86
03.04.2025 07:30;70,8
03.04.2025 07:45;67,96
03.04.2025 08:00;70,62
03.04.2025 08:15;56,4
03.04.2025 08:30;65,84
03.04.2025 08:45;68,92
03.04.2025 09:00;58,34
03.04.2025 09:15;46,28
03.04.2025 09:30;39,7
03.04.2025 09:45;40,14
03.04.2025 10:00;36,68
03.04.2025 10:15;27,26
03.04.2025 10:30;24,36
03.04.2025 10:45;14,56
03.04.2025 11:00;12,18
03.04.2025 11:15;4,18
03.04.2025 11:30;8,34
03.04.2025 11:45;19,1
03.04.2025 12:00;9,9
03.04.2025 12:15;10,58
03.04.2025 12:30;4,88
03.04.2025 12:45;7,54
03.04.2025 13:00;1,68
03.04.2025 13:15;0,14
03.04.2025 13:30;0,02
03.04.2025 13:45;0,22
03.04.2025 14:00;11,68
03.04.2025 14:15;22,22
03.04.2025 14:30;23,88
03.04.2025 14:45;32,92
03.04.2025 15:00;31,04
03.04.2025 15:15;26
03.04.2025 15:30;29,72
03.04.2025 15:45;45,26
03.04.2025 16:00;43,8
03.04.2025 16:15;38,4
03.04.2025 16:30;40,38
03.04.2025 16:45;37,9
03.04.2025 17:00;30
03.04.2025 17:15;38,12
03.04.2025 17:30;64,7
03.04.2025 17:45;69,5
03.04.2025 18:00;72,78
03.04.2025 18:15;84,22
03.04.2025 18:30;81,78
03.04.2025 18:45;95,92
03.04.2025 19:00;94,02
03.04.2025 19:15;95,6
03.04.2025 19:30;95,52
03.04.2025 19:45;97,56
03.04.2025 20:00;70,96
03.04.2025 20:15;76,4
03.04.2025 20:30;90,06
03.04.2025 20:45;99,08
03.04.2025 21:00;95,72
03.04.2025 21:15;97,2
03.04.2025 21:30;99,82
03.04.2025 21:45;84,5
03.04.2025 22:00;79,32
03.04.2025 22:15;48,16
03.04.2025 22:30;37,14
03.04.2025 22:45;30,62
03.04.2025 23:00;22,88
03.04.2025 23:15;25,06
03.04.2025 23:30;21,3
03.04.2025 23:45;22,82
04.04.2025 00:00;23,9
04.04.2025 00:15;20,2
04.04.2025 00:30;25,98
04.04.2025 00:45;20,58
04.04.2025 01:00;14,24
04.04.2025 01:15;10,56
04.04.2025 01:30;7,36
04.04.2025 01:45;7
04.04.2025 02:00;6,16
04.04.2025 02:15;6,8
04.04.2025 02:30;6,88
04.04.2025 02:45;6,62
04.04.2025 03:00;6,34
04.04.2025 03:15;6,26
04.04.2025 03:30;8,3
04.04.2025 03:45;6,24
04.04.2025 04:00;6,16
04.04.2025 04:15;7,62
04.04.2025 04:30;7,46
04.04.2025 04:45;6,16
04.04.2025 05:00;7,88
04.04.2025 05:15;11,12
04.04.2025 05:30;12,16
04.04.2025 05:45;13,18
04.04.2025 06:00;21,54
04.04.2025 06:15;27,02
04.04.2025 06:30;30,24
04.04.2025 06:45;36,46
04.04.2025 07:00;36,3
04.04.2025 07:15;37,52
04.04.2025 07:30;31,02
04.04.2025 07:45;27,54
04.04.2025 08:00;26,86
04.04.2025 08:15;18,42
04.04.2025 08:30;16,6
04.04.2025 08:45;14,72
04.04.2025 09:00;6,92
04.04.2025 09:15;1,56
04.04.2025 09:30;1,22
04.04.2025 09:45;0,14
04.04.2025 10:00;0
04.04.2025 10:15;0
04.04.2025 10:30;0
04.04.2025 10:45;0
04.04.2025 11:00;0
04.04.2025 11:15;0
04.04.2025 11:30;0
04.04.2025 11:45;0
04.04.2025 12:00;0
04.04.2025 12:15;0
04.04.2025 12:30;0
04.04.2025 12:45;0
04.04.2025 13:00;0
04.04.2025 13:15;0
04.04.2025 13:30;0
04.04.2025 13:45;0
04.04.2025 14:00;0
04.04.2025 14:15;0
04.04.2025 14:30;0
04.04.2025 14:45;0
04.04.2025 15:00;0
04.04.2025 15:15;0
04.04.2025 15:30;0
04.04.2025 15:45;0
04.04.2025 16:00;0
04.04.2025 16:15;0
04.04.2025 16:30;0
04.04.2025 16:45;0
04.04.2025 17:00;0
04.04.2025 17:15;0
04.04.2025 17:30;0
04.04.2025 17:45;0
04.04.2025 18:00;0
04.04.2025 18:15;0
04.04.2025 18:30;0
04.04.2025 18:45;3,78
04.04.2025 19:00;3,14
04.04.2025 19:15;2,46
04.04.2025 19:30;3,94
04.04.2025 19:45;3,62
04.04.2025 20:00;4,7
04.04.2025 20:15;5,14
04.04.2025 20:30;4,16
04.04.2025 20:45;5,3
04.04.2025 21:00;4,62
04.04.2025 21:15;8,48
04.04.2025 21:30;5,26
04.04.2025 21:45;4,32
04.04.2025 22:00;4,88
04.04.2025 22:15;5,18
04.04.2025 22:30;4,62
04.04.2025 22:45;4,9
04.04.2025 23:00;3,52
04.04.2025 23:15;4,32
04.04.2025 23:30;4,28
04.04.2025 23:45;3,46
05.04.2025 00:00;4,28
05.04.2025 00:15;3,76
05.04.2025 00:30;6,92
05.04.2025 00:45;4,5
05.04.2025 01:00;3,5
05.04.2025 01:15;4,46
05.04.2025 01:30;4,16
05.04.2025 01:45;3,72
05.04.2025 02:00;4,34
05.04.2025 02:15;3,34
05.04.2025 02:30;4,46
05.04.2025 02:45;3,68
05.04.2025 03:00;5,3
05.04.2025 03:15;5,06
05.04.2025 03:30;4,14
05.04.2025 03:45;4,12
05.04.2025 04:00;4,6
05.04.2025 04:15;3,74
05.04.2025 04:30;4,22
05.04.2025 04:45;3,66
05.04.2025 05:00;4,2
05.04.2025 05:15;4,62
05.04.2025 05:30;6,84
05.04.2025 05:45;9,8
05.04.2025 06:00;9,46
05.04.2025 06:15;9,34
05.04.2025 06:30;9,1
05.04.2025 06:45;8
05.04.2025 07:00;6,72
05.04.2025 07:15;2,06
05.04.2025 07:30;0,74
05.04.2025 07:45;0
05.04.2025 08:00;0
05.04.2025 08:15;0
05.04.2025 08:30;0
05.04.2025 08:45;0
05.04.2025 09:00;0
05.04.2025 09:15;0
05.04.2025 09:30;0
05.04.2025 09:45;0
05.04.2025 10:00;0
05.04.2025 10:15;0
05.04.2025 10:30;0
05.04.2025 10:45;0
05.04.2025 11:00;0
05.04.2025 11:15;0
05.04.2025 11:30;0
05.04.2025 11:45;0
05.04.2025 12:00;0
05.04.2025 12:15;0
05.04.2025 12:30;0
05.04.2025 12:45;0
05.04.2025 13:00;0
05.04.2025 13:15;0
05.04.2025 13:30;0
05.04.2025 13:45;0
05.04.2025 14:00;0
05.04.2025 14:15;0
05.04.2025 14:30;0
05.04.2025 14:45;0
05.04.2025 15:00;0
05.04.2025 15:15;0
05.04.2025 15:30;0
05.04.2025 15:45;0
05.04.2025 16:00;0
05.04.2025 16:15;0
05.04.2025 16:30;0
05.04.2025 16:45;0
05.04.2025 17:00;0
05.04.2025 17:15;0
05.04.2025 17:30;0
05.04.2025 17:45;0
05.04.2025 18:00;0
05.04.2025 18:15;0
05.04.2025 18:30;0
05.04.2025 18:45;0,82
05.04.2025 19:00;0,76
05.04.2025 19:15;2,74
05.04.2025 19:30;6,04
05.04.2025 19:45;4,06
05.04.2025 20:00;3,28
05.04.2025 20:15;4,7
05.04.2025 20:30;3,88
05.04.2025 20:45;4,74
05.04.2025 21:00;3,94
05.04.2025 21:15;5,06
05.04.2025 21:30;4,3
05.04.2025 21:45;4,84
05.04.2025 22:00;7,22
05.04.2025 22:15;4,72
05.04.2025 22:30;3,8
05.04.2025 22:45;4,68
05.04.2025 23:00;3,76
05.04.2025 23:15;4,66
05.04.2025 23:30;3,68
05.04.2025 23:45;4,58
06.04.2025 00:00;3,62
06.04.2025 00:15;4,48
06.04.2025 00:30;3,64
06.04.2025 00:45;4,16
06.04.2025 01:00;3,12
06.04.2025 01:15;3,98
06.04.2025 01:30;5,54
06.04.2025 01:45;3,92
06.04.2025 02:00;3,12
06.04.2025 02:15;4,04
06.04.2025 02:30;3,24
06.04.2025 02:45;4,46
06.04.2025 03:00;3,42
06.04.2025 03:15;4,08
06.04.2025 03:30;3,1
06.04.2025 03:45;4,02
06.04.2025 04:00;3,1
06.04.2025 04:15;3,92
06.04.2025 04:30;3,12
06.04.2025 04:45;4,02
06.04.2025 05:00;3,12
06.04.2025 05:15;3,96
06.04.2025 05:30;5,88
06.04.2025 05:45;4
06.04.2025 06:00;3,18
06.04.2025 06:15;3,98
06.04.2025 06:30;2,74
06.04.2025 06:45;2,8
06.04.2025 07:00;0,5
06.04.2025 07:15;0,2
06.04.2025 07:30;0
06.04.2025 07:45;0
06.04.2025 08:00;0
06.04.2025 08:15;0
06.04.2025 08:30;0
06.04.2025 08:45;0
06.04.2025 09:00;0
06.04.2025 09:15;0
06.04.2025 09:30;0
06.04.2025 09:45;0
06.04.2025 10:00;0
06.04.2025 10:15;0
06.04.2025 10:30;0
06.04.2025 10:45;0
06.04.2025 11:00;0
06.04.2025 11:15;0
06.04.2025 11:30;0
06.04.2025 11:45;0
06.04.2025 12:00;0
06.04.2025 12:15;0
06.04.2025 12:30;0
06.04.2025 12:45;0
06.04.2025 13:00;0
06.04.2025 13:15;0
06.04.2025 13:30;0
06.04.2025 13:45;0
06.04.2025 14:00;0
06.04.2025 14:15;0
06.04.2025 14:30;0
06.04.2025 14:45;0
06.04.2025 15:00;0
06.04.2025 15:15;0
06.04.2025 15:30;0
06.04.2025 15:45;0
06.04.2025 16:00;0
06.04.2025 16:15;0
06.04.2025 16:30;0
06.04.2025 16:45;0
06.04.2025 17:00;0
06.04.2025 17:15;0
06.04.2025 17:30;0
06.04.2025 17:45;0
06.04.2025 18:00;0
06.04.2025 18:15;0
06.04.2025 18:30;0
06.04.2025 18:45;0,86
06.04.2025 19:00;0,6
06.04.2025 19:15;2,22
06.04.2025 19:30;2,18
06.04.2025 19:45;3,64
06.04.2025 20:00;3,06
06.04.2025 20:15;7,28
06.04.2025 20:30;4,82
06.04.2025 20:45;4,64
06.04.2025 21:00;3,58
06.04.2025 21:15;4,5
06.04.2025 21:30;3,56
06.04.2025 21:45;4,32
06.04.2025 22:00;3,06
06.04.2025 22:15;3,92
06.04.2025 22:30;3,14
06.04.2025 22:45;3,92
06.04.2025 23:00;3,06
06.04.2025 23:15;3,94
06.04.2025 23:30;3,02
06.04.2025 23:45;3,88
07.04.2025 00:00;3,2
07.04.2025 00:15;4,04
07.04.2025 00:30;3,1
07.04.2025 00:45;3,96
07.04.2025 01:00;3,08
07.04.2025 01:15;3,94
07.04.2025 01:30;5,36
07.04.2025 01:45;3,94
07.04.2025 02:00;3,08
07.04.2025 02:15;3,86
07.04.2025 02:30;3,02
07.04.2025 02:45;3,94
07.04.2025 03:00;2,94
07.04.2025 03:15;3,92
07.04.2025 03:30;2,96
07.04.2025 03:45;3,86
07.04.2025 04:00;2,98
07.04.2025 04:15;3,84
07.04.2025 04:30;3,08
07.04.2025 04:45;7,82
07.04.2025 05:00;10,7
07.04.2025 05:15;11,28
07.04.2025 05:30;36,96
07.04.2025 05:45;48,9
07.04.2025 06:00;48,74
07.04.2025 06:15;61,46
07.04.2025 06:30;72,06
07.04.2025 06:45;73,98
07.04.2025 07:00;69,52
07.04.2025 07:15;73,74
07.04.2025 07:30;67,26
07.04.2025 07:45;67,3
07.04.2025 08:00;66,7
07.04.2025 08:15;65,66
07.04.2025 08:30;62,16
07.04.2025 08:45;52,56
07.04.2025 09:00;18,74
07.04.2025 09:15;25,88
07.04.2025 09:30;41,8
07.04.2025 09:45;23,8
07.04.2025 10:00;33,86
07.04.2025 10:15;26,66
07.04.2025 10:30;26,84
07.04.2025 10:45;29,76
07.04.2025 11:00;11,78
07.04.2025 11:15;15,3
07.04.2025 11:30;12,74
07.04.2025 11:45;2,76
07.04.2025 12:00;0,02
07.04.2025 12:15;1,9
07.04.2025 12:30;3,94
07.04.2025 12:45;12,04
07.04.2025 13:00;13,84
07.04.2025 13:15;11,34
07.04.2025 13:30;10,54
07.04.2025 13:45;1,98
07.04.2025 14:00;5,16
07.04.2025 14:15;14,6
07.04.2025 14:30;18,32
07.04.2025 14:45;8,5
07.04.2025 15:00;13,48
07.04.2025 15:15;6,44
07.04.2025 15:30;15,5
07.04.2025 15:45;30,6
07.04.2025 16:00;33,6
07.04.2025 16:15;37,54
07.04.2025 16:30;43,14
07.04.2025 16:45;44,52
07.04.2025 17:00;27,96
07.04.2025 17:15;46,66
07.04.2025 17:30;37,74
07.04.2025 17:45;49,24
07.04.2025 18:00;51,2
07.04.2025 18:15;56,04
07.04.2025 18:30;63,34
07.04.2025 18:45;65,12
07.04.2025 19:00;77,36
07.04.2025 19:15;77,1
07.04.2025 19:30;85,5
07.04.2025 19:45;79,3
07.04.2025 20:00;54,02
07.04.2025 20:15;67,84
07.04.2025 20:30;75,1
07.04.2025 20:45;78,06
07.04.2025 21:00;76,76
07.04.2025 21:15;76,82
07.04.2025 21:30;77,14
07.04.2025 21:45;76,02
07.04.2025 22:00;71,46
07.04.2025 22:15;66,06
07.04.2025 22:30;50,42
07.04.2025 22:45;35,04
07.04.2025 23:00;26,64
07.04.2025 23:15;21,86
07.04.2025 23:30;20,1
07.04.2025 23:45;19,84
08.04.2025 00:00;23,54
08.04.2025 00:15;19,42
08.04.2025 00:30;19,54
08.04.2025 00:45;22,72
08.04.2025 01:00;19,78
08.04.2025 01:15;18,5
08.04.2025 01:30;19,58
08.04.2025 01:45;21,98
08.04.2025 02:00;18,28
08.04.2025 02:15;17,5
08.04.2025 02:30;22,24
08.04.2025 02:45;19,78
08.04.2025 03:00;18,7
08.04.2025 03:15;19,48
08.04.2025 03:30;20,46
08.04.2025 03:45;16,86
08.04.2025 04:00;17,44
08.04.2025 04:15;20,56
08.04.2025 04:30;15,62
08.04.2025 04:45;18,2
08.04.2025 05:00;21,58
08.04.2025 05:15;24,66
08.04.2025 05:30;49,74
08.04.2025 05:45;67,84
08.04.2025 06:00;65,98
08.04.2025 06:15;76,66
08.04.2025 06:30;84,1
08.04.2025 06:45;96,78
08.04.2025 07:00;99,26
08.04.2025 07:15;88,56
08.04.2025 07:30;80,94
08.04.2025 07:45;80,52
08.04.2025 08:00;79,04
08.04.2025 08:15;83,16
08.04.2025 08:30;69,1
08.04.2025 08:45;55,32
08.04.2025 09:00;30,5
08.04.2025 09:15;43,98
08.04.2025 09:30;44,82
08.04.2025 09:45;37,44
08.04.2025 10:00;37,86
08.04.2025 10:15;48,18
08.04.2025 10:30;39,16
08.04.2025 10:45;35,84
08.04.2025 11:00;32,42
08.04.2025 11:15;26,94
08.04.2025 11:30;31,78
08.04.2025 11:45;23,54
08.04.2025 12:00;35,78
08.04.2025 12:15;7,22
08.04.2025 12:30;36,12
08.04.2025 12:45;27,44
08.04.2025 13:00;38,76
08.04.2025 13:15;3,42
08.04.2025 13:30;22,7
08.04.2025 13:45;26,1
08.04.2025 14:00;16,94
08.04.2025 14:15;32,18
08.04.2025 14:30;47
08.04.2025 14:45;10,46
08.04.2025 15:00;51,54
08.04.2025 15:15;11,76
08.04.2025 15:30;40,34
08.04.2025 15:45;29,7
08.04.2025 16:00;49,18
08.04.2025 16:15;95,78
08.04.2025 16:30;68,84
08.04.2025 16:45;72,68
08.04.2025 17:00;52,88
08.04.2025 17:15;77,42
08.04.2025 17:30;73,74
08.04.2025 17:45;81,24
08.04.2025 18:00;78,5
08.04.2025 18:15;87,38
08.04.2025 18:30;94,08
08.04.2025 18:45;103,24
08.04.2025 19:00;102,48
08.04.2025 19:15;99,84
08.04.2025 19:30;99,92
08.04.2025 19:45;80,28
08.04.2025 20:00;75,16
08.04.2025 20:15;81,86
08.04.2025 20:30;85,82
08.04.2025 20:45;74,62
08.04.2025 21:00;71,62
08.04.2025 21:15;74,24
08.04.2025 21:30;82,98
08.04.2025 21:45;75,78
08.04.2025 22:00;63,12
08.04.2025 22:15;64,4
08.04.2025 22:30;57,98
08.04.2025 22:45;55,42
08.04.2025 23:00;39,6
08.04.2025 23:15;32,52
08.04.2025 23:30;28,92
08.04.2025 23:45;19,76
09.04.2025 00:00;15,72
09.04.2025 00:15;12,04
09.04.2025 00:30;11,46
09.04.2025 00:45;11,68
09.04.2025 01:00;12,06
09.04.2025 01:15;12,14
09.04.2025 01:30;15,5
09.04.2025 01:45;12,14
09.04.2025 02:00;10,82
09.04.2025 02:15;10,44
09.04.2025 02:30;9,52
09.04.2025 02:45;9,16
09.04.2025 03:00;9,46
09.04.2025 03:15;10,24
09.04.2025 03:30;12,6
09.04.2025 03:45;9,04
09.04.2025 04:00;9,16
09.04.2025 04:15;9,72
09.04.2025 04:30;9,16
09.04.2025 04:45;12,68
09.04.2025 05:00;17,5
09.04.2025 05:15;18,66
09.04.2025 05:30;53,82
09.04.2025 05:45;75,82
09.04.2025 06:00;74,3
09.04.2025 06:15;90,14
09.04.2025 06:30;87,14
09.04.2025 06:45;88,76
09.04.2025 07:00;90,9
09.04.2025 07:15;89,72
09.04.2025 07:30;82,32
09.04.2025 07:45;70,66
09.04.2025 08:00;82,08
09.04.2025 08:15;86,78
09.04.2025 08:30;87
09.04.2025 08:45;80,58
09.04.2025 09:00;62,44
09.04.2025 09:15;59,94
09.04.2025 09:30;69,56
09.04.2025 09:45;58,68
09.04.2025 10:00;61,84
09.04.2025 10:15;77,5
09.04.2025 10:30;67,96
09.04.2025 10:45;68,24
09.04.2025 11:00;70,54
09.04.2025 11:15;72,48
09.04.2025 11:30;68,36
09.04.2025 11:45;63,56
09.04.2025 12:00;44,64
09.04.2025 12:15;49,28
09.04.2025 12:30;45,08
09.04.2025 12:45;37,36
09.04.2025 13:00;53,1
09.04.2025 13:15;42,34
09.04.2025 13:30;12,88
09.04.2025 13:45;7
09.04.2025 14:00;8,52
09.04.2025 14:15;77,36
09.04.2025 14:30;71,08
09.04.2025 14:45;55,48
09.04.2025 15:00;56,48
09.04.2025 15:15;34,52
09.04.2025 15:30;32,54
09.04.2025 15:45;44,6
09.04.2025 16:00;49,96
09.04.2025 16:15;41,56
09.04.2025 16:30;46,44
09.04.2025 16:45;57,22
09.04.2025 17:00;49,66
09.04.2025 17:15;45,56
09.04.2025 17:30;57,52
09.04.2025 17:45;47,42
09.04.2025 18:00;38,84
09.04.2025 18:15;48,72
09.04.2025 18:30;57,94
09.04.2025 18:45;64,02
09.04.2025 19:00;64,94
09.04.2025 19:15;70,84
09.04.2025 19:30;73,68
09.04.2025 19:45;73,04
09.04.2025 20:00;48,44
09.04.2025 20:15;59,26
09.04.2025 20:30;58,6
09.04.2025 20:45;54,26
09.04.2025 21:00;63,52
09.04.2025 21:15;65,6
09.04.2025 21:30;65,72
09.04.2025 21:45;66,84
09.04.2025 22:00;72,28
09.04.2025 22:15;62,52
09.04.2025 22:30;55,24
09.04.2025 22:45;51,18
09.04.2025 23:00;26,62
09.04.2025 23:15;13,42
09.04.2025 23:30;9,04
09.04.2025 23:45;8,58
10.04.2025 00:00;
10.04.2025 00:15;
10.04.2025 00:30;
10.04.2025 00:45;7,46
10.04.2025 01:00;7,5
10.04.2025 01:15;8,32
10.04.2025 01:30;7,44
10.04.2025 01:45;7,92
10.04.2025 02:00;10,04
10.04.2025 02:15;7,5
10.04.2025 02:30;7
10.04.2025 02:45;7,62
10.04.2025 03:00;7,3
10.04.2025 03:15;6,66
10.04.2025 03:30;7,1
10.04.2025 03:45;6,84
10.04.2025 04:00;6,96
10.04.2025 04:15;7,62
10.04.2025 04:30;7,38
10.04.2025 04:45;12,84
10.04.2025 05:00;11,86
10.04.2025 05:15;15,2
10.04.2025 05:30;35,24
10.04.2025 05:45;55,5
10.04.2025 06:00;57,98
10.04.2025 06:15;69,98
10.04.2025 06:30;73,88
10.04.2025 06:45;69,78
10.04.2025 07:00;71,82
10.04.2025 07:15;71,42
10.04.2025 07:30;76,28
10.04.2025 07:45;70,58
10.04.2025 08:00;68,12
10.04.2025 08:15;69,2
10.04.2025 08:30;69,02
10.04.2025 08:45;64,54
10.04.2025 09:00;39,92
10.04.2025 09:15;45,08
10.04.2025 09:30;60,32
10.04.2025 09:45;57,56
10.04.2025 10:00;52,04
10.04.2025 10:15;23,82
10.04.2025 10:30;28,46
10.04.2025 10:45;31,24
10.04.2025 11:00;13,68
10.04.2025 11:15;7,32
10.04.2025 11:30;3,86
10.04.2025 11:45;1,98
10.04.2025 12:00;0,6
10.04.2025 12:15;1,98
10.04.2025 12:30;8,32
10.04.2025 12:45;16,12
10.04.2025 13:00;11,5
10.04.2025 13:15;18,94
10.04.2025 13:30;16,34
10.04.2025 13:45;13,78
10.04.2025 14:00;5,98
10.04.2025 14:15;13,56
10.04.2025 14:30;36,62
10.04.2025 14:45;21,96
10.04.2025 15:00;25,36
10.04.2025 15:15;36,82
10.04.2025 15:30;42,4
10.04.2025 15:45;46,1
10.04.2025 16:00;31,24
10.04.2025 16:15;39,16
10.04.2025 16:30;47,66
10.04.2025 16:45;63,42
10.04.2025 17:00;61,46
10.04.2025 17:15;40,24
10.04.2025 17:30;35,74
10.04.2025 17:45;49,74
10.04.2025 18:00;42,52
10.04.2025 18:15;57,86
10.04.2025 18:30;63,46
10.04.2025 18:45;61,26
10.04.2025 19:00;67,44
10.04.2025 19:15;72,34
10.04.2025 19:30;67,72
10.04.2025 19:45;64,82
10.04.2025 20:00;65,08
10.04.2025 20:15;66,34
10.04.2025 20:30;69,56
10.04.2025 20:45;71,34
10.04.2025 21:00;60,9
10.04.2025 21:15;69,42
10.04.2025 21:30;70,12
10.04.2025 21:45;64,62
10.04.2025 22:00;43,04
10.04.2025 22:15;23,58
10.04.2025 22:30;13,58
10.04.2025 22:45;10,84
10.04.2025 23:00;9,36
10.04.2025 23:15;8,9
10.04.2025 23:30;8,76
10.04.2025 23:45;8,7
11.04.2025 00:00;8,22
11.04.2025 00:15;8,24
11.04.2025 00:30;7,8
11.04.2025 00:45;7,74
11.04.2025 01:00;9,16
11.04.2025 01:15;9,78
11.04.2025 01:30;7,46
11.04.2025 01:45;7,28
11.04.2025 02:00;6,9
11.04.2025 02:15;6,76
11.04.2025 02:30;6,7
11.04.2025 02:45;6,64
11.04.2025 03:00;6,68
11.04.2025 03:15;5,72
11.04.2025 03:30;4,2
11.04.2025 03:45;4,44
11.04.2025 04:00;5,52
11.04.2025 04:15;5,38
11.04.2025 04:30;8,02
11.04.2025 04:45;4,6
11.04.2025 05:00;8,28
11.04.2025 05:15;9,72
11.04.2025 05:30;12,32
11.04.2025 05:45;14,04
11.04.2025 06:00;17,8
11.04.2025 06:15;18,7
11.04.2025 06:30;17,96
11.04.2025 06:45;13,74
11.04.2025 07:00;13,88
11.04.2025 07:15;15,7
11.04.2025 07:30;9,56
11.04.2025 07:45;8,7
11.04.2025 08:00;4
11.04.2025 08:15;1,26
11.04.2025 08:30;0,04
11.04.2025 08:45;0
11.04.2025 09:00;0
11.04.2025 09:15;0
11.04.2025 09:30;0
11.04.2025 09:45;0
11.04.2025 10:00;0
11.04.2025 10:15;0
11.04.2025 10:30;0
11.04.2025 10:45;0
11.04.2025 11:00;0
11.04.2025 11:15;0
11.04.2025 11:30;0
11.04.2025 11:45;0
11.04.2025 12:00;0
11.04.2025 12:15;0
11.04.2025 12:30;0
11.04.2025 12:45;0
11.04.2025 13:00;0
11.04.2025 13:15;0
11.04.2025 13:30;0
11.04.2025 13:45;0
11.04.2025 14:00;0
11.04.2025 14:15;0
11.04.2025 14:30;0
11.04.2025 14:45;0
11.04.2025 15:00;0
11.04.2025 15:15;0
11.04.2025 15:30;0
11.04.2025 15:45;0
11.04.2025 16:00;0
11.04.2025 16:15;0
11.04.2025 16:30;0
11.04.2025 16:45;0
11.04.2025 17:00;0
11.04.2025 17:15;0
11.04.2025 17:30;0
11.04.2025 17:45;0
11.04.2025 18:00;0
11.04.2025 18:15;0
11.04.2025 18:30;0
11.04.2025 18:45;0
11.04.2025 19:00;0,52
11.04.2025 19:15;1,62
11.04.2025 19:30;3,62
11.04.2025 19:45;4,3
11.04.2025 20:00;4,42
11.04.2025 20:15;4,84
11.04.2025 20:30;5,12
11.04.2025 20:45;4,96
11.04.2025 21:00;4,88
11.04.2025 21:15;5,2
11.04.2025 21:30;5,34
11.04.2025 21:45;5,12
11.04.2025 22:00;4,74
11.04.2025 22:15;7,44
11.04.2025 22:30;4,58
11.04.2025 22:45;4,78
11.04.2025 23:00;4,2
11.04.2025 23:15;4,2
11.04.2025 23:30;4,38
11.04.2025 23:45;4,52
12.04.2025 00:00;4,68
12.04.2025 00:15;5,42
12.04.2025 00:30;5,2
12.04.2025 00:45;4,04
12.04.2025 01:00;4,12
12.04.2025 01:15;4,18
12.04.2025 01:30;4,06
12.04.2025 01:45;5,76
12.04.2025 02:00;5,34
12.04.2025 02:15;4,62
12.04.2025 02:30;4,56
12.04.2025 02:45;4,2
12.04.2025 03:00;4,2
12.04.2025 03:15;4,18
12.04.2025 03:30;5,86
12.04.2025 03:45;6
12.04.2025 04:00;4,52
12.04.2025 04:15;4,16
12.04.2025 04:30;4,44
12.04.2025 04:45;4,42
12.04.2025 05:00;4,28
12.04.2025 05:15;9,2
12.04.2025 05:30;6,66
12.04.2025 05:45;8,12
12.04.2025 06:00;8,1
12.04.2025 06:15;6,46
12.04.2025 06:30;5,46
12.04.2025 06:45;4
12.04.2025 07:00;1,6
12.04.2025 07:15;0,52
12.04.2025 07:30;0,2
12.04.2025 07:45;0
12.04.2025 08:00;0
12.04.2025 08:15;0
12.04.2025 08:30;0
12.04.2025 08:45;0
12.04.2025 09:00;0
12.04.2025 09:15;0
12.04.2025 09:30;0
12.04.2025 09:45;0
12.04.2025 10:00;0
12.04.2025 10:15;0
12.04.2025 10:30;0
12.04.2025 10:45;0
12.04.2025 11:00;0
12.04.2025 11:15;0
12.04.2025 11:30;0
12.04.2025 11:45;0
12.04.2025 12:00;0
12.04.2025 12:15;0
12.04.2025 12:30;0
12.04.2025 12:45;0
12.04.2025 13:00;0
12.04.2025 13:15;0
12.04.2025 13:30;0
12.04.2025 13:45;0
12.04.2025 14:00;0
12.04.2025 14:15;0
12.04.2025 14:30;0
12.04.2025 14:45;0
12.04.2025 15:00;0
12.04.2025 15:15;0
12.04.2025 15:30;0
12.04.2025 15:45;0
12.04.2025 16:00;0
12.04.2025 16:15;0
12.04.2025 16:30;0
12.04.2025 16:45;0
12.04.2025 17:00;0
12.04.2025 17:15;0
12.04.2025 17:30;0
12.04.2025 17:45;0
12.04.2025 18:00;0
12.04.2025 18:15;0
12.04.2025 18:30;0
12.04.2025 18:45;2,12
12.04.2025 19:00;3,88
12.04.2025 19:15;2,34
12.04.2025 19:30;3,16
12.04.2025 19:45;3,94
12.04.2025 20:00;4,26
12.04.2025 20:15;4,22
12.04.2025 20:30;4,54
12.04.2025 20:45;4,62
12.04.2025 21:00;4,46
12.04.2025 21:15;4,5
12.04.2025 21:30;4,78
12.04.2025 21:45;4,92
12.04.2025 22:00;7,64
12.04.2025 22:15;4,32
12.04.2025 22:30;4,36
12.04.2025 22:45;4,42
12.04.2025 23:00;4,54
12.04.2025 23:15;4,4
12.04.2025 23:30;4,36
12.04.2025 23:45;4,44
13.04.2025 00:00;4,44
13.04.2025 00:15;5,32
13.04.2025 00:30;7,14
13.04.2025 00:45;4,38
13.04.2025 01:00;4,38
13.04.2025 01:15;4,32
13.04.2025 01:30;4,46
13.04.2025 01:45;4,26
13.04.2025 02:00;4,26
13.04.2025 02:15;4,54
13.04.2025 02:30;4,38
13.04.2025 02:45;5,86
13.04.2025 03:00;6
13.04.2025 03:15;4,44
13.04.2025 03:30;4,42
13.04.2025 03:45;4,48
13.04.2025 04:00;5,3
13.04.2025 04:15;6,34
13.04.2025 04:30;5,54
13.04.2025 04:45;4,46
13.04.2025 05:00;4,34
13.04.2025 05:15;7,94
13.04.2025 05:30;5,06
13.04.2025 05:45;5,16
13.04.2025 06:00;5,04
13.04.2025 06:15;4,74
13.04.2025 06:30;4,52
13.04.2025 06:45;3,4
13.04.2025 07:00;1,24
13.04.2025 07:15;0,04
13.04.2025 07:30;0
13.04.2025 07:45;0
13.04.2025 08:00;0
13.04.2025 08:15;0
13.04.2025 08:30;0
13.04.2025 08:45;0
13.04.2025 09:00;0
13.04.2025 09:15;0
13.04.2025 09:30;0
13.04.2025 09:45;0
13.04.2025 10:00;0
13.04.2025 10:15;0
13.04.2025 10:30;0
13.04.2025 10:45;0
13.04.2025 11:00;0
13.04.2025 11:15;0
13.04.2025 11:30;0
13.04.2025 11:45;0
13.04.2025 12:00;0
13.04.2025 12:15;0
13.04.2025 12:30;0
13.04.2025 12:45;0
13.04.2025 13:00;0
13.04.2025 13:15;0
13.04.2025 13:30;0
13.04.2025 13:45;0
13.04.2025 14:00;0
13.04.2025 14:15;0
13.04.2025 14:30;0
13.04.2025 14:45;0
13.04.2025 15:00;0,46
13.04.2025 15:15;0,78
13.04.2025 15:30;0,42
13.04.2025 15:45;0
13.04.2025 16:00;0
13.04.2025 16:15;0
13.04.2025 16:30;0,06
13.04.2025 16:45;0
13.04.2025 17:00;0
13.04.2025 17:15;0
13.04.2025 17:30;0
13.04.2025 17:45;0
13.04.2025 18:00;0
13.04.2025 18:15;0,08
13.04.2025 18:30;1,98
13.04.2025 18:45;0,76
13.04.2025 19:00;1,26
13.04.2025 19:15;3,18
13.04.2025 19:30;4,02
13.04.2025 19:45;4,46
13.04.2025 20:00;4,74
13.04.2025 20:15;4,92
13.04.2025 20:30;5,34
13.04.2025 20:45;5,36
13.04.2025 21:00;8,96
13.04.2025 21:15;5,42
13.04.2025 21:30;5,28
13.04.2025 21:45;5,2
13.04.2025 22:00;4,88
13.04.2025 22:15;4,76
13.04.2025 22:30;4,58
13.04.2025 22:45;4,42
13.04.2025 23:00;4,46
13.04.2025 23:15;4,46
13.04.2025 23:30;4,4
13.04.2025 23:45;4,22
14.04.2025 00:00;4,34
14.04.2025 00:15;6,3
14.04.2025 00:30;5,22
14.04.2025 00:45;4,32
14.04.2025 01:00;4,54
14.04.2025 01:15;4,68
14.04.2025 01:30;4,48
14.04.2025 01:45;4,78
14.04.2025 02:00;4,54
14.04.2025 02:15;4,48
14.04.2025 02:30;4,5
14.04.2025 02:45;7,38
14.04.2025 03:00;4,26
14.04.2025 03:15;4,3
14.04.2025 03:30;4,32
14.04.2025 03:45;4,42
14.04.2025 04:00;4,44
14.04.2025 04:15;5,36
14.04.2025 04:30;4,58
14.04.2025 04:45;6,12
14.04.2025 05:00;10,1
14.04.2025 05:15;13,78
14.04.2025 05:30;23,02
14.04.2025 05:45;57,14
14.04.2025 06:00;64,04
14.04.2025 06:15;62,42
14.04.2025 06:30;59,84
14.04.2025 06:45;63,9
14.04.2025 07:00;58,62
14.04.2025 07:15;61,94
14.04.2025 07:30;69,14
14.04.2025 07:45;70,94
14.04.2025 08:00;71,96
14.04.2025 08:15;77,7
14.04.2025 08:30;76,68
14.04.2025 08:45;75
14.04.2025 09:00;62,06
14.04.2025 09:15;63,42
14.04.2025 09:30;63,1
14.04.2025 09:45;60,44
14.04.2025 10:00;55,18
14.04.2025 10:15;63,9
14.04.2025 10:30;67,7
14.04.2025 10:45;68,2
14.04.2025 11:00;70,66
14.04.2025 11:15;60,64
14.04.2025 11:30;55,28
14.04.2025 11:45;46,94
14.04.2025 12:00;31,3
14.04.2025 12:15;24,34
14.04.2025 12:30;27,38
14.04.2025 12:45;24,32
14.04.2025 13:00;37,7
14.04.2025 13:15;32,36
14.04.2025 13:30;32,04
14.04.2025 13:45;31,66
14.04.2025 14:00;31,5
14.04.2025 14:15;33,68
14.04.2025 14:30;34,76
14.04.2025 14:45;13,12
14.04.2025 15:00;16,98
14.04.2025 15:15;27,28
14.04.2025 15:30;35,82
14.04.2025 15:45;36,96
14.04.2025 16:00;35,96
14.04.2025 16:15;31,46
14.04.2025 16:30;34,64
14.04.2025 16:45;36,06
14.04.2025 17:00;34,02
14.04.2025 17:15;35,98
14.04.2025 17:30;47,5
14.04.2025 17:45;57,44
14.04.2025 18:00;49,54
14.04.2025 18:15;43,4
14.04.2025 18:30;53,98
14.04.2025 18:45;70,1
14.04.2025 19:00;79,16
14.04.2025 19:15;78
14.04.2025 19:30;80,34
14.04.2025 19:45;79,88
14.04.2025 20:00;49,32
14.04.2025 20:15;70,14
14.04.2025 20:30;86,46
14.04.2025 20:45;82,46
14.04.2025 21:00;82,26
14.04.2025 21:15;83,6
14.04.2025 21:30;78,58
14.04.2025 21:45;73,3
14.04.2025 22:00;60,82
14.04.2025 22:15;56,12
14.04.2025 22:30;46,12
14.04.2025 22:45;31,3
14.04.2025 23:00;27,02
14.04.2025 23:15;15,58
14.04.2025 23:30;11,32
14.04.2025 23:45;10,64
15.04.2025 00:00;10,4
15.04.2025 00:15;9,96
15.04.2025 00:30;10,74
15.04.2025 00:45;11,54
15.04.2025 01:00;7,66
15.04.2025 01:15;7,78
15.04.2025 01:30;7,68
15.04.2025 01:45;8,26
15.04.2025 02:00;8,06
15.04.2025 02:15;7,8
15.04.2025 02:30;7,6
15.04.2025 02:45;9,06
15.04.2025 03:00;9,78
15.04.2025 03:15;7,92
15.04.2025 03:30;7,44
15.04.2025 03:45;7,2
15.04.2025 04:00;7,28
15.04.2025 04:15;7,68
15.04.2025 04:30;7,36
15.04.2025 04:45;6,76
15.04.2025 05:00;12,16
15.04.2025 05:15;24,56
15.04.2025 05:30;49,98
15.04.2025 05:45;62,28
15.04.2025 06:00;70,92
15.04.2025 06:15;70,32
15.04.2025 06:30;59,6
15.04.2025 06:45;68,36
15.04.2025 07:00;67
15.04.2025 07:15;68,66
15.04.2025 07:30;69,06
15.04.2025 07:45;66,26
15.04.2025 08:00;58,74
15.04.2025 08:15;51,74
15.04.2025 08:30;51,22
15.04.2025 08:45;46,16
15.04.2025 09:00;30,22
15.04.2025 09:15;22,12
15.04.2025 09:30;25,6
15.04.2025 09:45;28,12
15.04.2025 10:00;28,36
15.04.2025 10:15;30,04
15.04.2025 10:30;22,54
15.04.2025 10:45;19,56
15.04.2025 11:00;9,3
15.04.2025 11:15;5,82
15.04.2025 11:30;1,24
15.04.2025 11:45;5,16
15.04.2025 12:00;1,36
15.04.2025 12:15;3,66
15.04.2025 12:30;14,96
15.04.2025 12:45;24,64
15.04.2025 13:00;1,98
15.04.2025 13:15;9,3
15.04.2025 13:30;10,82
15.04.2025 13:45;13,14
15.04.2025 14:00;17,68
15.04.2025 14:15;11,38
15.04.2025 14:30;27,86
15.04.2025 14:45;25,24
15.04.2025 15:00;59,68
15.04.2025 15:15;59,32
15.04.2025 15:30;30,26
15.04.2025 15:45;37,34
15.04.2025 16:00;35,58
15.04.2025 16:15;48,22
15.04.2025 16:30;57,04
15.04.2025 16:45;64,34
15.04.2025 17:00;53,22
15.04.2025 17:15;46,88
15.04.2025 17:30;71,04
15.04.2025 17:45;80,38
15.04.2025 18:00;74,74
15.04.2025 18:15;77,78
15.04.2025 18:30;69,26
15.04.2025 18:45;68,88
15.04.2025 19:00;74,7
15.04.2025 19:15;77,3
15.04.2025 19:30;73,16
15.04.2025 19:45;82,48
15.04.2025 20:00;68,38
15.04.2025 20:15;78,06
15.04.2025 20:30;86,66
15.04.2025 20:45;87,6
15.04.2025 21:00;81,76
15.04.2025 21:15;84,68
15.04.2025 21:30;78,78
15.04.2025 21:45;73,04
15.04.2025 22:00;60,46
15.04.2025 22:15;62,04
15.04.2025 22:30;37,52
15.04.2025 22:45;23,3
15.04.2025 23:00;19,66
15.04.2025 23:15;17
15.04.2025 23:30;18,04
15.04.2025 23:45;17,98
16.04.2025 00:00;17,28
16.04.2025 00:15;15,18
16.04.2025 00:30;13,92
16.04.2025 00:45;13,86
16.04.2025 01:00;13,28
16.04.2025 01:15;16,6
16.04.2025 01:30;12,56
16.04.2025 01:45;13,44
16.04.2025 02:00;12,84
16.04.2025 02:15;13,14
16.04.2025 02:30;14,68
16.04.2025 02:45;10,54
16.04.2025 03:00;11,14
16.04.2025 03:15;10,14
16.04.2025 03:30;11,24
16.04.2025 03:45;12,46
16.04.2025 04:00;11,36
16.04.2025 04:15;9,52
16.04.2025 04:30;10
16.04.2025 04:45;9,9
16.04.2025 05:00;14,38
16.04.2025 05:15;27,88
16.04.2025 05:30;60,36
16.04.2025 05:45;72,14
16.04.2025 06:00;77,94
16.04.2025 06:15;80,42
16.04.2025 06:30;78,14
16.04.2025 06:45;69,86
16.04.2025 07:00;69,78
16.04.2025 07:15;64,46
16.04.2025 07:30;64,64
16.04.2025 07:45;59,26
16.04.2025 08:00;57,42
16.04.2025 08:15;65,82
16.04.2025 08:30;50,02
16.04.2025 08:45;54,3
16.04.2025 09:00;43,66
16.04.2025 09:15;27,9
16.04.2025 09:30;44,38
16.04.2025 09:45;45,38
16.04.2025 10:00;31,56
16.04.2025 10:15;26,94
16.04.2025 10:30;25,86
16.04.2025 10:45;19,94
16.04.2025 11:00;7,86
16.04.2025 11:15;6,66
16.04.2025 11:30;10,32
16.04.2025 11:45;13,96
16.04.2025 12:00;2
16.04.2025 12:15;2,66
16.04.2025 12:30;3,78
16.04.2025 12:45;1,16
16.04.2025 13:00;3,6
16.04.2025 13:15;14,76
16.04.2025 13:30;14,72
16.04.2025 13:45;8,08
16.04.2025 14:00;16,62
16.04.2025 14:15;28,66
16.04.2025 14:30;20,16
16.04.2025 14:45;55,54
16.04.2025 15:00;54,54
16.04.2025 15:15;57,8
16.04.2025 15:30;65,14
16.04.2025 15:45;69,02
16.04.2025 16:00;78
16.04.2025 16:15;79,92
16.04.2025 16:30;59,38
16.04.2025 16:45;73,26
16.04.2025 17:00;39,16
16.04.2025 17:15;64,1
16.04.2025 17:30;67,26
16.04.2025 17:45;70,8
16.04.2025 18:00;72,04
16.04.2025 18:15;82,26
16.04.2025 18:30;81,16
16.04.2025 18:45;79,18
16.04.2025 19:00;88
16.04.2025 19:15;87,94
16.04.2025 19:30;86,72
16.04.2025 19:45;82,24
16.04.2025 20:00;83,56
16.04.2025 20:15;89,48
16.04.2025 20:30;80,7
16.04.2025 20:45;88,96
16.04.2025 21:00;86,62
16.04.2025 21:15;93,98
16.04.2025 21:30;85,96
16.04.2025 21:45;98,12
16.04.2025 22:00;97,3
16.04.2025 22:15;86,56
16.04.2025 22:30;76,9
16.04.2025 22:45;64,16
16.04.2025 23:00;50,2
16.04.2025 23:15;49,72
16.04.2025 23:30;37,7
16.04.2025 23:45;34,02
17.04.2025 00:00;19,36
17.04.2025 00:15;11,24
17.04.2025 00:30;10,3
17.04.2025 00:45;12,36
17.04.2025 01:00;10,9
17.04.2025 01:15;10,4
17.04.2025 01:30;9,14
17.04.2025 01:45;10,2
17.04.2025 02:00;9,58
17.04.2025 02:15;9,8
17.04.2025 02:30;9,18
17.04.2025 02:45;11,36
17.04.2025 03:00;11,04
17.04.2025 03:15;8,48
17.04.2025 03:30;9,38
17.04.2025 03:45;8,46
17.04.2025 04:00;9,24
17.04.2025 04:15;8,36
17.04.2025 04:30;9,2
17.04.2025 04:45;8,94
17.04.2025 05:00;13,4
17.04.2025 05:15;28,16
17.04.2025 05:30;46,04
17.04.2025 05:45;67,96
17.04.2025 06:00;85,8
17.04.2025 06:15;84,58
17.04.2025 06:30;75,32
17.04.2025 06:45;69,74
17.04.2025 07:00;70,54
17.04.2025 07:15;75,42
17.04.2025 07:30;68,98
17.04.2025 07:45;68,2
17.04.2025 08:00;55,64
17.04.2025 08:15;53,2
17.04.2025 08:30;60,12
17.04.2025 08:45;36,88
17.04.2025 09:00;28,96
17.04.2025 09:15;51,84
17.04.2025 09:30;46,54
17.04.2025 09:45;48,56
17.04.2025 10:00;60,32
17.04.2025 10:15;64,4
17.04.2025 10:30;42,54
17.04.2025 10:45;49,06
17.04.2025 11:00;56,2
17.04.2025 11:15;57,18
17.04.2025 11:30;54,9
17.04.2025 11:45;47,8
17.04.2025 12:00;34,48
17.04.2025 12:15;7,58
17.04.2025 12:30;5,6
17.04.2025 12:45;24,9
17.04.2025 13:00;24,64
17.04.2025 13:15;9,68
17.04.2025 13:30;37,34
17.04.2025 13:45;23,08
17.04.2025 14:00;33,46
17.04.2025 14:15;41,88
17.04.2025 14:30;29,18
17.04.2025 14:45;35,34
17.04.2025 15:00;63,36
17.04.2025 15:15;75,3
17.04.2025 15:30;79,98
17.04.2025 15:45;65,44
17.04.2025 16:00;46,32
17.04.2025 16:15;41
17.04.2025 16:30;71,42
17.04.2025 16:45;76,92
17.04.2025 17:00;58,34
17.04.2025 17:15;65,2
17.04.2025 17:30;83,48
17.04.2025 17:45;96,26
17.04.2025 18:00;89,02
17.04.2025 18:15;83,84
17.04.2025 18:30;82,84
17.04.2025 18:45;92,04
17.04.2025 19:00;96,4
17.04.2025 19:15;97,16
17.04.2025 19:30;88,06
17.04.2025 19:45;102,08
17.04.2025 20:00;65,26
17.04.2025 20:15;72,28
17.04.2025 20:30;77,78
17.04.2025 20:45;99,08
17.04.2025 21:00;95,26
17.04.2025 21:15;88,98
17.04.2025 21:30;83,7
17.04.2025 21:45;59,32
17.04.2025 22:00;49,34
17.04.2025 22:15;19,9
17.04.2025 22:30;9,94
17.04.2025 22:45;8,74
17.04.2025 23:00;8,12
17.04.2025 23:15;8,1
17.04.2025 23:30;7,88
17.04.2025 23:45;7,76
18.04.2025 00:00;7,7
18.04.2025 00:15;7,7
18.04.2025 00:30;11,48
18.04.2025 00:45;8,42
18.04.2025 01:00;7,82
18.04.2025 01:15;7,64
18.04.2025 01:30;7,52
18.04.2025 01:45;7,26
18.04.2025 02:00;6,9
18.04.2025 02:15;6,8
18.04.2025 02:30;6,52
18.04.2025 02:45;6,46
18.04.2025 03:00;6,64
18.04.2025 03:15;8,04
18.04.2025 03:30;5,68
18.04.2025 03:45;3,6
18.04.2025 04:00;3,6
18.04.2025 04:15;3,5
18.04.2025 04:30;3,58
18.04.2025 04:45;3,5
18.04.2025 05:00;4,16
18.04.2025 05:15;4,16
18.04.2025 05:30;4,02
18.04.2025 05:45;4,54
18.04.2025 06:00;5,94
18.04.2025 06:15;3,74
18.04.2025 06:30;3,7
18.04.2025 06:45;3,12
18.04.2025 07:00;3,18
18.04.2025 07:15;3,1
18.04.2025 07:30;2,42
18.04.2025 07:45;0,38
18.04.2025 08:00;0,24
18.04.2025 08:15;0,24
18.04.2025 08:30;0
18.04.2025 08:45;0,1
18.04.2025 09:00;0
18.04.2025 09:15;0
18.04.2025 09:30;0,1
18.04.2025 09:45;0,08
18.04.2025 10:00;0,04
18.04.2025 10:15;0,08
18.04.2025 10:30;0
18.04.2025 10:45;0
18.04.2025 11:00;0,42
18.04.2025 11:15;0
18.04.2025 11:30;0
18.04.2025 11:45;0
18.04.2025 12:00;0
18.04.2025 12:15;0,3
18.04.2025 12:30;0
18.04.2025 12:45;0
18.04.2025 13:00;0
18.04.2025 13:15;0,08
18.04.2025 13:30;1,6
18.04.2025 13:45;0
18.04.2025 14:00;0
18.04.2025 14:15;0
18.04.2025 14:30;0
18.04.2025 14:45;0
18.04.2025 15:00;0
18.04.2025 15:15;0
18.04.2025 15:30;0
18.04.2025 15:45;0
18.04.2025 16:00;0
18.04.2025 16:15;0
18.04.2025 16:30;0
18.04.2025 16:45;0
18.04.2025 17:00;0
18.04.2025 17:15;0
18.04.2025 17:30;0
18.04.2025 17:45;0
18.04.2025 18:00;0
18.04.2025 18:15;0
18.04.2025 18:30;0
18.04.2025 18:45;0,02
18.04.2025 19:00;1,86
18.04.2025 19:15;3,56
18.04.2025 19:30;4,16
18.04.2025 19:45;4
18.04.2025 20:00;3,82
18.04.2025 20:15;3,94
18.04.2025 20:30;4,4
18.04.2025 20:45;4,42
18.04.2025 21:00;6,62
18.04.2025 21:15;4,42
18.04.2025 21:30;4,26
18.04.2025 21:45;4,3
18.04.2025 22:00;3,88
18.04.2025 22:15;3,94
18.04.2025 22:30;3,88
18.04.2025 22:45;4,06
18.04.2025 23:00;3,68
18.04.2025 23:15;3,54
18.04.2025 23:30;7,06
18.04.2025 23:45;3,5
19.04.2025 00:00;3,58
19.04.2025 00:15;3,52
19.04.2025 00:30;3,46
19.04.2025 00:45;3,68
19.04.2025 01:00;3,9
19.04.2025 01:15;3,66
19.04.2025 01:30;3,5
19.04.2025 01:45;3,54
19.04.2025 02:00;3,62
19.04.2025 02:15;3,54
19.04.2025 02:30;3,52
19.04.2025 02:45;3,52
19.04.2025 03:00;4,9
19.04.2025 03:15;4,86
19.04.2025 03:30;3,56
19.04.2025 03:45;5,08
19.04.2025 04:00;5,3
19.04.2025 04:15;3,88
19.04.2025 04:30;3,44
19.04.2025 04:45;3,5
19.04.2025 05:00;3,48
19.04.2025 05:15;3,52
19.04.2025 05:30;3,58
19.04.2025 05:45;4,72
19.04.2025 06:00;4,98
19.04.2025 06:15;3,18
19.04.2025 06:30;2,42
19.04.2025 06:45;0,72
19.04.2025 07:00;0
19.04.2025 07:15;0
19.04.2025 07:30;0
19.04.2025 07:45;0
19.04.2025 08:00;0
19.04.2025 08:15;0
19.04.2025 08:30;0
19.04.2025 08:45;0
19.04.2025 09:00;0
19.04.2025 09:15;0
19.04.2025 09:30;0
19.04.2025 09:45;0
19.04.2025 10:00;0
19.04.2025 10:15;0
19.04.2025 10:30;0
19.04.2025 10:45;0
19.04.2025 11:00;0
19.04.2025 11:15;0
19.04.2025 11:30;0
19.04.2025 11:45;0
19.04.2025 12:00;0
19.04.2025 12:15;0
19.04.2025 12:30;0
19.04.2025 12:45;0
19.04.2025 13:00;0
19.04.2025 13:15;0
19.04.2025 13:30;0
19.04.2025 13:45;0
19.04.2025 14:00;0
19.04.2025 14:15;0
19.04.2025 14:30;0
19.04.2025 14:45;0
19.04.2025 15:00;0
19.04.2025 15:15;0
19.04.2025 15:30;0
19.04.2025 15:45;0
19.04.2025 16:00;0
19.04.2025 16:15;0
19.04.2025 16:30;0
19.04.2025 16:45;0
19.04.2025 17:00;0
19.04.2025 17:15;0
19.04.2025 17:30;0
19.04.2025 17:45;0
19.04.2025 18:00;0
19.04.2025 18:15;0
19.04.2025 18:30;0
19.04.2025 18:45;0,2
19.04.2025 19:00;0,74
19.04.2025 19:15;0,58
19.04.2025 19:30;1,54
19.04.2025 19:45;2,42
19.04.2025 20:00;3,02
19.04.2025 20:15;3,32
19.04.2025 20:30;3,72
19.04.2025 20:45;4,08
19.04.2025 21:00;3,96
19.04.2025 21:15;6,98
19.04.2025 21:30;4,24
19.04.2025 21:45;4,08
19.04.2025 22:00;3,68
19.04.2025 22:15;3,34
19.04.2025 22:30;3,34
19.04.2025 22:45;3,18
19.04.2025 23:00;3,22
19.04.2025 23:15;3,14
19.04.2025 23:30;3,12
19.04.2025 23:45;3,16
20.04.2025 00:00;6,62
20.04.2025 00:15;3,28
20.04.2025 00:30;3,2
20.04.2025 00:45;3,24
20.04.2025 01:00;3,36
20.04.2025 01:15;3,34
20.04.2025 01:30;3,28
20.04.2025 01:45;3,22
20.04.2025 02:00;3,12
20.04.2025 02:15;3,14
20.04.2025 02:30;3,14
20.04.2025 02:45;3,18
20.04.2025 03:00;3,14
20.04.2025 03:15;5,68
20.04.2025 03:30;4,38
20.04.2025 03:45;3,32
20.04.2025 04:00;3,34
20.04.2025 04:15;3,96
20.04.2025 04:30;5,1
20.04.2025 04:45;4,44
20.04.2025 05:00;3,26
20.04.2025 05:15;3,14
20.04.2025 05:30;3,18
20.04.2025 05:45;3,14
20.04.2025 06:00;3,02
20.04.2025 06:15;2,64
20.04.2025 06:30;1,58
20.04.2025 06:45;2,78
20.04.2025 07:00;0,88
20.04.2025 07:15;0
20.04.2025 07:30;0
20.04.2025 07:45;0
20.04.2025 08:00;0
20.04.2025 08:15;0
20.04.2025 08:30;0
20.04.2025 08:45;0
20.04.2025 09:00;0
20.04.2025 09:15;0
20.04.2025 09:30;0
20.04.2025 09:45;0
20.04.2025 10:00;0
20.04.2025 10:15;0
20.04.2025 10:30;0
20.04.2025 10:45;0
20.04.2025 11:00;0
20.04.2025 11:15;0
20.04.2025 11:30;0
20.04.2025 11:45;0
20.04.2025 12:00;0
20.04.2025 12:15;0
20.04.2025 12:30;0
20.04.2025 12:45;0
20.04.2025 13:00;0
20.04.2025 13:15;0
20.04.2025 13:30;0
20.04.2025 13:45;0
20.04.2025 14:00;0
20.04.2025 14:15;0
20.04.2025 14:30;0
20.04.2025 14:45;0
20.04.2025 15:00;0
20.04.2025 15:15;0
20.04.2025 15:30;0
20.04.2025 15:45;0
20.04.2025 16:00;0
20.04.2025 16:15;0
20.04.2025 16:30;0
20.04.2025 16:45;0
20.04.2025 17:00;0
20.04.2025 17:15;0
20.04.2025 17:30;0
20.04.2025 17:45;0
20.04.2025 18:00;0
20.04.2025 18:15;0
20.04.2025 18:30;0
20.04.2025 18:45;0,34
20.04.2025 19:00;0,74
20.04.2025 19:15;3,58
20.04.2025 19:30;1,8
20.04.2025 19:45;2,48
20.04.2025 20:00;3,08
20.04.2025 20:15;3,04
20.04.2025 20:30;3,44
20.04.2025 20:45;3,72
20.04.2025 21:00;3,68
20.04.2025 21:15;3,7
20.04.2025 21:30;3,68
20.04.2025 21:45;3,66
20.04.2025 22:00;3,34
20.04.2025 22:15;4,88
20.04.2025 22:30;4,94
20.04.2025 22:45;3,34
20.04.2025 23:00;3,22
20.04.2025 23:15;3,16
20.04.2025 23:30;3,1
20.04.2025 23:45;3,16
21.04.2025 00:00;3,14
21.04.2025 00:15;3,3
21.04.2025 00:30;3,36
21.04.2025 00:45;3,24
21.04.2025 01:00;3,26
21.04.2025 01:15;3,24
21.04.2025 01:30;3,4
21.04.2025 01:45;6,44
21.04.2025 02:00;3,24
21.04.2025 02:15;3,16
21.04.2025 02:30;3,14
21.04.2025 02:45;3,18
21.04.2025 03:00;3,14
21.04.2025 03:15;3,16
21.04.2025 03:30;3,28
21.04.2025 03:45;3,28
21.04.2025 04:00;3,3
21.04.2025 04:15;3,6
21.04.2025 04:30;3,24
21.04.2025 04:45;3,32
21.04.2025 05:00;5,5
21.04.2025 05:15;8,2
21.04.2025 05:30;3,94
21.04.2025 05:45;3,74
21.04.2025 06:00;3,68
21.04.2025 06:15;3,5
21.04.2025 06:30;3,14
21.04.2025 06:45;2,5
21.04.2025 07:00;2,16
21.04.2025 07:15;1,34
21.04.2025 07:30;1,22
21.04.2025 07:45;0
21.04.2025 08:00;0
21.04.2025 08:15;0
21.04.2025 08:30;0
21.04.2025 08:45;0
21.04.2025 09:00;0
21.04.2025 09:15;0
21.04.2025 09:30;0
21.04.2025 09:45;0
21.04.2025 10:00;0
21.04.2025 10:15;0
21.04.2025 10:30;0
21.04.2025 10:45;0
21.04.2025 11:00;0
21.04.2025 11:15;0
21.04.2025 11:30;0
21.04.2025 11:45;0
21.04.2025 12:00;0
21.04.2025 12:15;0
21.04.2025 12:30;0
21.04.2025 12:45;0
21.04.2025 13:00;0
21.04.2025 13:15;0
21.04.2025 13:30;0
21.04.2025 13:45;0
21.04.2025 14:00;0
21.04.2025 14:15;0
21.04.2025 14:30;0
21.04.2025 14:45;0
21.04.2025 15:00;0
21.04.2025 15:15;0
21.04.2025 15:30;0
21.04.2025 15:45;0
21.04.2025 16:00;0
21.04.2025 16:15;0
21.04.2025 16:30;0
21.04.2025 16:45;0
21.04.2025 17:00;0
21.04.2025 17:15;0
21.04.2025 17:30;0
21.04.2025 17:45;0
21.04.2025 18:00;0
21.04.2025 18:15;0
21.04.2025 18:30;0
21.04.2025 18:45;0
21.04.2025 19:00;2,1
21.04.2025 19:15;0,7
21.04.2025 19:30;2,02
21.04.2025 19:45;2,62
21.04.2025 20:00;3,08
21.04.2025 20:15;3,46
21.04.2025 20:30;3,98
21.04.2025 20:45;4,26
21.04.2025 21:00;4,2
21.04.2025 21:15;4,3
21.04.2025 21:30;4,28
21.04.2025 21:45;4,18
21.04.2025 22:00;3,98
21.04.2025 22:15;6,12
21.04.2025 22:30;4,76
21.04.2025 22:45;3,72
21.04.2025 23:00;3,28
21.04.2025 23:15;3,22
21.04.2025 23:30;3,1
21.04.2025 23:45;3,12
22.04.2025 00:00;3,12
22.04.2025 00:15;3,14
22.04.2025 00:30;3,22
22.04.2025 00:45;3,42
22.04.2025 01:00;3,3
22.04.2025 01:15;3,28
22.04.2025 01:30;3,26
22.04.2025 01:45;5,34
22.04.2025 02:00;4,48
22.04.2025 02:15;3,22
22.04.2025 02:30;3,16
22.04.2025 02:45;3,14
22.04.2025 03:00;3,1
22.04.2025 03:15;3,12
22.04.2025 03:30;3,14
22.04.2025 03:45;3,14
22.04.2025 04:00;3,28
22.04.2025 04:15;3,28
22.04.2025 04:30;3,26
22.04.2025 04:45;3,9
22.04.2025 05:00;8,6
22.04.2025 05:15;14,1
22.04.2025 05:30;31,88
22.04.2025 05:45;55,44
22.04.2025 06:00;63,94
22.04.2025 06:15;74,74
22.04.2025 06:30;71,08
22.04.2025 06:45;68
22.04.2025 07:00;69,3
22.04.2025 07:15;71,14
22.04.2025 07:30;76,18
22.04.2025 07:45;77,02
22.04.2025 08:00;67,26
22.04.2025 08:15;53,28
22.04.2025 08:30;45,38
22.04.2025 08:45;46,22
22.04.2025 09:00;32,04
22.04.2025 09:15;51,92
22.04.2025 09:30;54,6
22.04.2025 09:45;34,38
22.04.2025 10:00;50,04
22.04.2025 10:15;31,38
22.04.2025 10:30;8,66
22.04.2025 10:45;35
22.04.2025 11:00;16,92
22.04.2025 11:15;25,82
22.04.2025 11:30;27,26
22.04.2025 11:45;41,3
22.04.2025 12:00;12,32
22.04.2025 12:15;4,18
22.04.2025 12:30;28,04
22.04.2025 12:45;31,88
22.04.2025 13:00;35,58
22.04.2025 13:15;23,48
22.04.2025 13:30;41,38
22.04.2025 13:45;43,2
22.04.2025 14:00;57,96
22.04.2025 14:15;69,48
22.04.2025 14:30;67,48
22.04.2025 14:45;56,08
22.04.2025 15:00;45,26
22.04.2025 15:15;46,28
22.04.2025 15:30;35,22
22.04.2025 15:45;38,8
22.04.2025 16:00;13,84
22.04.2025 16:15;20,6
22.04.2025 16:30;24,82
22.04.2025 16:45;32,54
22.04.2025 17:00;16,8
22.04.2025 17:15;33,18
22.04.2025 17:30;43,56
22.04.2025 17:45;36,22
22.04.2025 18:00;48,04
22.04.2025 18:15;53,5
22.04.2025 18:30;53,72
22.04.2025 18:45;55,62
22.04.2025 19:00;61,52
22.04.2025 19:15;65,08
22.04.2025 19:30;70,46
22.04.2025 19:45;66,94
22.04.2025 20:00;68,32
22.04.2025 20:15;69,46
22.04.2025 20:30;67,94
22.04.2025 20:45;73,5
22.04.2025 21:00;74,64
22.04.2025 21:15;68,02
22.04.2025 21:30;72,82
22.04.2025 21:45;74,62
22.04.2025 22:00;69,58
22.04.2025 22:15;70,92
22.04.2025 22:30;42,52
22.04.2025 22:45;31,56
22.04.2025 23:00;27,84
22.04.2025 23:15;14,7
22.04.2025 23:30;11,4
22.04.2025 23:45;11,9
23.04.2025 00:00;11,24
23.04.2025 00:15;11,32
23.04.2025 00:30;13,16
23.04.2025 00:45;9,06
23.04.2025 01:00;8,96
23.04.2025 01:15;8,78
23.04.2025 01:30;9,02
23.04.2025 01:45;8,76
23.04.2025 02:00;13,08
23.04.2025 02:15;9
23.04.2025 02:30;8,68
23.04.2025 02:45;8,66
23.04.2025 03:00;8,78
23.04.2025 03:15;8,94
23.04.2025 03:30;8,58
23.04.2025 03:45;9,6
23.04.2025 04:00;10,16
23.04.2025 04:15;7,74
23.04.2025 04:30;7,64
23.04.2025 04:45;9,02
23.04.2025 05:00;13,4
23.04.2025 05:15;17,86
23.04.2025 05:30;49,52
23.04.2025 05:45;77,02
23.04.2025 06:00;86,04
23.04.2025 06:15;84,34
23.04.2025 06:30;72,64
23.04.2025 06:45;65,5
23.04.2025 07:00;59,88
23.04.2025 07:15;58,46
23.04.2025 07:30;64,82
23.04.2025 07:45;80
23.04.2025 08:00;72,58
23.04.2025 08:15;74,72
23.04.2025 08:30;59,4
23.04.2025 08:45;35,32
23.04.2025 09:00;36,42
23.04.2025 09:15;59,28
23.04.2025 09:30;69,48
23.04.2025 09:45;62,54
23.04.2025 10:00;68,18
23.04.2025 10:15;38,44
23.04.2025 10:30;36,52
23.04.2025 10:45;27,18
23.04.2025 11:00;16,38
23.04.2025 11:15;20,64
23.04.2025 11:30;23,56
23.04.2025 11:45;37,74
23.04.2025 12:00;34,42
23.04.2025 12:15;16,8
23.04.2025 12:30;12,2
23.04.2025 12:45;14,46
23.04.2025 13:00;2,02
23.04.2025 13:15;25,4
23.04.2025 13:30;31,56
23.04.2025 13:45;18,3
23.04.2025 14:00;5,9
23.04.2025 14:15;7,5
23.04.2025 14:30;19,42
23.04.2025 14:45;12,02
23.04.2025 15:00;6,7
23.04.2025 15:15;29,12
23.04.2025 15:30;42,78
23.04.2025 15:45;19,84
23.04.2025 16:00;41,06
23.04.2025 16:15;21,48
23.04.2025 16:30;29,44
23.04.2025 16:45;30,34
23.04.2025 17:00;25,16
23.04.2025 17:15;38,2
23.04.2025 17:30;55,78
23.04.2025 17:45;64,16
23.04.2025 18:00;69,94
23.04.2025 18:15;66,24
23.04.2025 18:30;74,48
23.04.2025 18:45;76,42
23.04.2025 19:00;77,22
23.04.2025 19:15;81,48
23.04.2025 19:30;83,84
23.04.2025 19:45;87,86
23.04.2025 20:00;87,18
23.04.2025 20:15;85,62
23.04.2025 20:30;83,76
23.04.2025 20:45;76,28
23.04.2025 21:00;79,44
23.04.2025 21:15;79,76
23.04.2025 21:30;89,46
23.04.2025 21:45;87,92
23.04.2025 22:00;77,1
23.04.2025 22:15;69,82
23.04.2025 22:30;62,18
23.04.2025 22:45;59,86
23.04.2025 23:00;56,9
23.04.2025 23:15;44,74
23.04.2025 23:30;29,32
23.04.2025 23:45;16,96
24.04.2025 00:00;10,96
24.04.2025 00:15;11,6
24.04.2025 00:30;10,92
24.04.2025 00:45;10,08
24.04.2025 01:00;10,94
24.04.2025 01:15;10,42
24.04.2025 01:30;9,8
24.04.2025 01:45;10,96
24.04.2025 02:00;10,28
24.04.2025 02:15;13,32
24.04.2025 02:30;10,5
24.04.2025 02:45;7,8
24.04.2025 03:00;8,04
24.04.2025 03:15;8,42
24.04.2025 03:30;7,54
24.04.2025 03:45;7,96
24.04.2025 04:00;7,78
24.04.2025 04:15;7,08
24.04.2025 04:30;7,94
24.04.2025 04:45;14,24
24.04.2025 05:00;12,98
24.04.2025 05:15;17,9
24.04.2025 05:30;55,46
24.04.2025 05:45;74,7
24.04.2025 06:00;76,7
24.04.2025 06:15;78,84
24.04.2025 06:30;78,24
24.04.2025 06:45;76,88
24.04.2025 07:00;76,42
24.04.2025 07:15;70,38
24.04.2025 07:30;69,2
24.04.2025 07:45;70,88
24.04.2025 08:00;72,84
24.04.2025 08:15;67,24
24.04.2025 08:30;66,3
24.04.2025 08:45;59,8
24.04.2025 09:00;45,42
24.04.2025 09:15;57,96
24.04.2025 09:30;54,48
24.04.2025 09:45;54,68
24.04.2025 10:00;47,72
24.04.2025 10:15;36,48
24.04.2025 10:30;8,9
24.04.2025 10:45;11,82
24.04.2025 11:00;22,32
24.04.2025 11:15;9,18
24.04.2025 11:30;30,42
24.04.2025 11:45;17,82
24.04.2025 12:00;15,16
24.04.2025 12:15;10,02
24.04.2025 12:30;5,14
24.04.2025 12:45;11,7
24.04.2025 13:00;0,18
24.04.2025 13:15;11,22
24.04.2025 13:30;29,9
24.04.2025 13:45;26,32
24.04.2025 14:00;24,94
24.04.2025 14:15;18,84
24.04.2025 14:30;16,88
24.04.2025 14:45;17,3
24.04.2025 15:00;19,92
24.04.2025 15:15;12,2
24.04.2025 15:30;18,98
24.04.2025 15:45;9,7
24.04.2025 16:00;16,8
24.04.2025 16:15;27,78
24.04.2025 16:30;42,88
24.04.2025 16:45;62,22
24.04.2025 17:00;38,14
24.04.2025 17:15;36,7
24.04.2025 17:30;48,26
24.04.2025 17:45;45,02
24.04.2025 18:00;48,9
24.04.2025 18:15;50,54
24.04.2025 18:30;52,88
24.04.2025 18:45;54,16
24.04.2025 19:00;56,76
24.04.2025 19:15;65,3
24.04.2025 19:30;65,4
24.04.2025 19:45;66,3
24.04.2025 20:00;56,78
24.04.2025 20:15;61
24.04.2025 20:30;67,64
24.04.2025 20:45;69,44
24.04.2025 21:00;68,64
24.04.2025 21:15;67,44
24.04.2025 21:30;65,88
24.04.2025 21:45;60,04
24.04.2025 22:00;53,64
24.04.2025 22:15;51,78
24.04.2025 22:30;32,86
24.04.2025 22:45;19,82
24.04.2025 23:00;10,44
24.04.2025 23:15;10,1
24.04.2025 23:30;10,22
24.04.2025 23:45;10,14
25.04.2025 00:00;9,72
25.04.2025 00:15;9,52
25.04.2025 00:30;9,56
25.04.2025 00:45;8,9
25.04.2025 01:00;8,56
25.04.2025 01:15;7,84
25.04.2025 01:30;9,58
25.04.2025 01:45;8,22
25.04.2025 02:00;7,56
25.04.2025 02:15;7,4
25.04.2025 02:30;7,12
25.04.2025 02:45;7,02
25.04.2025 03:00;7,16
25.04.2025 03:15;7,02
25.04.2025 03:30;6,94
25.04.2025 03:45;6,56
25.04.2025 04:00;6,76
25.04.2025 04:15;6,56
25.04.2025 04:30;9,54
25.04.2025 04:45;9,14
25.04.2025 05:00;11,94
25.04.2025 05:15;15,66
25.04.2025 05:30;36,68
25.04.2025 05:45;57,18
25.04.2025 06:00;56,38
25.04.2025 06:15;55,46
25.04.2025 06:30;54,6
25.04.2025 06:45;59,52
25.04.2025 07:00;71,92
25.04.2025 07:15;70,9
25.04.2025 07:30;71,62
25.04.2025 07:45;81,12
25.04.2025 08:00;72,9
25.04.2025 08:15;72,2
25.04.2025 08:30;63,3
25.04.2025 08:45;61,64
25.04.2025 09:00;35,16
25.04.2025 09:15;64,54
25.04.2025 09:30;56,52
25.04.2025 09:45;52,24
25.04.2025 10:00;54,98
25.04.2025 10:15;46,04
25.04.2025 10:30;51,96
25.04.2025 10:45;41,38
25.04.2025 11:00;35,06
25.04.2025 11:15;43,66
25.04.2025 11:30;44,16
25.04.2025 11:45;32,12
25.04.2025 12:00;8,48
25.04.2025 12:15;37,36
25.04.2025 12:30;42,64
25.04.2025 12:45;50,62
25.04.2025 13:00;45,48
25.04.2025 13:15;38,46
25.04.2025 13:30;33,04
25.04.2025 13:45;26,94
25.04.2025 14:00;43,3
25.04.2025 14:15;47,22
25.04.2025 14:30;51,94
25.04.2025 14:45;42,78
25.04.2025 15:00;0
25.04.2025 15:15;44,1
25.04.2025 15:30;35,56
25.04.2025 15:45;36,24
25.04.2025 16:00;37,5
25.04.2025 16:15;35,64
25.04.2025 16:30;31,3
25.04.2025 16:45;27,76
25.04.2025 17:00;21,66
25.04.2025 17:15;25,92
25.04.2025 17:30;23,28
25.04.2025 17:45;28,48
25.04.2025 18:00;31,58
25.04.2025 18:15;23,2
25.04.2025 18:30;29,58
25.04.2025 18:45;33,24
25.04.2025 19:00;18,92
25.04.2025 19:15;18,66
25.04.2025 19:30;20,8
25.04.2025 19:45;17,96
25.04.2025 20:00;16,92
25.04.2025 20:15;21,56
25.04.2025 20:30;18,78
25.04.2025 20:45;19,7
25.04.2025 21:00;19,48
25.04.2025 21:15;19,38
25.04.2025 21:30;15,94
25.04.2025 21:45;14,74
25.04.2025 22:00;16,56
25.04.2025 22:15;13,48
25.04.2025 22:30;5,76
25.04.2025 22:45;6,28
25.04.2025 23:00;5,92
25.04.2025 23:15;5,22
25.04.2025 23:30;5,36
25.04.2025 23:45;5,78
26.04.2025 00:00;5,84
26.04.2025 00:15;5,24
26.04.2025 00:30;5,2
26.04.2025 00:45;5,5
26.04.2025 01:00;5,8
26.04.2025 01:15;7,22
26.04.2025 01:30;6,04
26.04.2025 01:45;5,3
26.04.2025 02:00;5,66
26.04.2025 02:15;4,9
26.04.2025 02:30;4,92
26.04.2025 02:45;4,82
26.04.2025 03:00;5,66
26.04.2025 03:15;4,36
26.04.2025 03:30;4,14
26.04.2025 03:45;4,28
26.04.2025 04:00;4,82
26.04.2025 04:15;4,22
26.04.2025 04:30;4,06
26.04.2025 04:45;6,58
26.04.2025 05:00;5,48
26.04.2025 05:15;4,42
26.04.2025 05:30;4,26
26.04.2025 05:45;3,96
26.04.2025 06:00;4,32
26.04.2025 06:15;3,3
26.04.2025 06:30;1,44
26.04.2025 06:45;0,78
26.04.2025 07:00;0,66
26.04.2025 07:15;0,12
26.04.2025 07:30;0,12
26.04.2025 07:45;0,34
26.04.2025 08:00;0,9
26.04.2025 08:15;1,7
26.04.2025 08:30;0,34
26.04.2025 08:45;0
26.04.2025 09:00;0
26.04.2025 09:15;0
26.04.2025 09:30;0
26.04.2025 09:45;0
26.04.2025 10:00;0
26.04.2025 10:15;0
26.04.2025 10:30;0
26.04.2025 10:45;0
26.04.2025 11:00;0
26.04.2025 11:15;0
26.04.2025 11:30;0
26.04.2025 11:45;0
26.04.2025 12:00;0
26.04.2025 12:15;0
26.04.2025 12:30;0
26.04.2025 12:45;0
26.04.2025 13:00;0
26.04.2025 13:15;0
26.04.2025 13:30;0
26.04.2025 13:45;0
26.04.2025 14:00;0
26.04.2025 14:15;0
26.04.2025 14:30;0
26.04.2025 14:45;0
26.04.2025 15:00;0
26.04.2025 15:15;0
26.04.2025 15:30;0
26.04.2025 15:45;0
26.04.2025 16:00;0
26.04.2025 16:15;0
26.04.2025 16:30;0
26.04.2025 16:45;0
26.04.2025 17:00;0
26.04.2025 17:15;0
26.04.2025 17:30;0
26.04.2025 17:45;0
26.04.2025 18:00;0
26.04.2025 18:15;0
26.04.2025 18:30;0
26.04.2025 18:45;0
26.04.2025 19:00;0
26.04.2025 19:15;0,54
26.04.2025 19:30;1,56
26.04.2025 19:45;1,98
26.04.2025 20:00;3,36
26.04.2025 20:15;6,58
26.04.2025 20:30;4,8
26.04.2025 20:45;4,74
26.04.2025 21:00;4,64
26.04.2025 21:15;5
26.04.2025 21:30;5,36
26.04.2025 21:45;4,6
26.04.2025 22:00;4,24
26.04.2025 22:15;4,6
26.04.2025 22:30;5,32
26.04.2025 22:45;4,5
26.04.2025 23:00;6,04
26.04.2025 23:15;5,62
26.04.2025 23:30;5,32
26.04.2025 23:45;4,48
27.04.2025 00:00;4,6
27.04.2025 00:15;4,74
27.04.2025 00:30;5,26
27.04.2025 00:45;5,04
27.04.2025 01:00;5
27.04.2025 01:15;4,54
27.04.2025 01:30;5,28
27.04.2025 01:45;7,08
27.04.2025 02:00;4,4
27.04.2025 02:15;4,42
27.04.2025 02:30;5,22
27.04.2025 02:45;4,78
27.04.2025 03:00;4,34
27.04.2025 03:15;4,42
27.04.2025 03:30;5,18
27.04.2025 03:45;4,94
27.04.2025 04:00;6,92
27.04.2025 04:15;4,46
27.04.2025 04:30;5,04
27.04.2025 04:45;5
27.04.2025 05:00;4,44
27.04.2025 05:15;4,4
27.04.2025 05:30;4,98
27.04.2025 05:45;4,58
27.04.2025 06:00;3,04
27.04.2025 06:15;1,28
27.04.2025 06:30;2,18
27.04.2025 06:45;0
27.04.2025 07:00;0
27.04.2025 07:15;0
27.04.2025 07:30;0
27.04.2025 07:45;0
27.04.2025 08:00;0
27.04.2025 08:15;0
27.04.2025 08:30;0
27.04.2025 08:45;0
27.04.2025 09:00;0
27.04.2025 09:15;0
27.04.2025 09:30;0
27.04.2025 09:45;0
27.04.2025 10:00;0
27.04.2025 10:15;0
27.04.2025 10:30;0
27.04.2025 10:45;0
27.04.2025 11:00;0
27.04.2025 11:15;0
27.04.2025 11:30;0
27.04.2025 11:45;0
27.04.2025 12:00;0
27.04.2025 12:15;0
27.04.2025 12:30;0
27.04.2025 12:45;0
27.04.2025 13:00;0
27.04.2025 13:15;0
27.04.2025 13:30;0
27.04.2025 13:45;0
27.04.2025 14:00;0
27.04.2025 14:15;0
27.04.2025 14:30;0
27.04.2025 14:45;0
27.04.2025 15:00;0
27.04.2025 15:15;0
27.04.2025 15:30;0
27.04.2025 15:45;0
27.04.2025 16:00;0
27.04.2025 16:15;0
27.04.2025 16:30;0
27.04.2025 16:45;0
27.04.2025 17:00;0
27.04.2025 17:15;0
27.04.2025 17:30;0
27.04.2025 17:45;0
27.04.2025 18:00;0
27.04.2025 18:15;0
27.04.2025 18:30;0
27.04.2025 18:45;0,8
27.04.2025 19:00;1,12
27.04.2025 19:15;0,78
27.04.2025 19:30;1,16
27.04.2025 19:45;3,02
27.04.2025 20:00;3,5
27.04.2025 20:15;4,14
27.04.2025 20:30;4,4
27.04.2025 20:45;5,62
27.04.2025 21:00;6,3
27.04.2025 21:15;6,58
27.04.2025 21:30;5,32
27.04.2025 21:45;5,72
27.04.2025 22:00;4,82
27.04.2025 22:15;4,64
27.04.2025 22:30;4,58
27.04.2025 22:45;5,28
27.04.2025 23:00;4,8
27.04.2025 23:15;4,48
27.04.2025 23:30;7,2
27.04.2025 23:45;5,22
28.04.2025 00:00;4,8
28.04.2025 00:15;4,56
28.04.2025 00:30;4,64
28.04.2025 00:45;5,34
28.04.2025 01:00;4,8
28.04.2025 01:15;4,54
28.04.2025 01:30;4,62
28.04.2025 01:45;6,7
28.04.2025 02:00;7,08
28.04.2025 02:15;4,5
28.04.2025 02:30;4,4
28.04.2025 02:45;5,1
28.04.2025 03:00;4,94
28.04.2025 03:15;4,4
28.04.2025 03:30;4,58
28.04.2025 03:45;5,16
28.04.2025 04:00;4,92
28.04.2025 04:15;4,6
28.04.2025 04:30;4,48
28.04.2025 04:45;9,14
28.04.2025 05:00;10,28
28.04.2025 05:15;11,68
28.04.2025 05:30;13,24
28.04.2025 05:45;18,86
28.04.2025 06:00;29,84
28.04.2025 06:15;34,62
28.04.2025 06:30;32,76
28.04.2025 06:45;27,72
28.04.2025 07:00;31,4
28.04.2025 07:15;27,3
28.04.2025 07:30;28,5
28.04.2025 07:45;22,48
28.04.2025 08:00;13,16
28.04.2025 08:15;10,68
28.04.2025 08:30;14,3
28.04.2025 08:45;10
28.04.2025 09:00;2,38
28.04.2025 09:15;3,66
28.04.2025 09:30;6,8
28.04.2025 09:45;0,02
28.04.2025 10:00;0
28.04.2025 10:15;0,34
28.04.2025 10:30;0,24
28.04.2025 10:45;0,02
28.04.2025 11:00;0,14
28.04.2025 11:15;0
28.04.2025 11:30;0,02
28.04.2025 11:45;0
28.04.2025 12:00;0
28.04.2025 12:15;0
28.04.2025 12:30;0
28.04.2025 12:45;0
28.04.2025 13:00;0
28.04.2025 13:15;0
28.04.2025 13:30;0
28.04.2025 13:45;0
28.04.2025 14:00;0
28.04.2025 14:15;0
28.04.2025 14:30;0,04
28.04.2025 14:45;0,06
28.04.2025 15:00;0,08
28.04.2025 15:15;0,1
28.04.2025 15:30;0,44
28.04.2025 15:45;0,06
28.04.2025 16:00;1,78
28.04.2025 16:15;9,5
28.04.2025 16:30;10,64
28.04.2025 16:45;20,2
28.04.2025 17:00;11,58
28.04.2025 17:15;31,36
28.04.2025 17:30;41,98
28.04.2025 17:45;39,54
28.04.2025 18:00;36,06
28.04.2025 18:15;43,5
28.04.2025 18:30;53,66
28.04.2025 18:45;65,34
28.04.2025 19:00;70,12
28.04.2025 19:15;60,52
28.04.2025 19:30;72,76
28.04.2025 19:45;73,36
28.04.2025 20:00;45,6
28.04.2025 20:15;70,24
28.04.2025 20:30;70,94
28.04.2025 20:45;68,88
28.04.2025 21:00;74,22
28.04.2025 21:15;74,46
28.04.2025 21:30;74,72
28.04.2025 21:45;72,44
28.04.2025 22:00;81,74
28.04.2025 22:15;75,64
28.04.2025 22:30;52,82
28.04.2025 22:45;27,2
28.04.2025 23:00;20,98
28.04.2025 23:15;14,54
28.04.2025 23:30;13,12
28.04.2025 23:45;13,58
29.04.2025 00:00;13,74
29.04.2025 00:15;13,14
29.04.2025 00:30;13,1
29.04.2025 00:45;12,9
29.04.2025 01:00;12,42
29.04.2025 01:15;13,88
29.04.2025 01:30;13,26
29.04.2025 01:45;12,38
29.04.2025 02:00;11,9
29.04.2025 02:15;11,84
29.04.2025 02:30;11,14
29.04.2025 02:45;11,62
29.04.2025 03:00;11,52
29.04.2025 03:15;11,42
29.04.2025 03:30;14,2
29.04.2025 03:45;11,22
29.04.2025 04:00;10,48
29.04.2025 04:15;10,12
29.04.2025 04:30;9,96
29.04.2025 04:45;8,64
29.04.2025 05:00;10,32
29.04.2025 05:15;18,14
29.04.2025 05:30;38,52
29.04.2025 05:45;67,58
29.04.2025 06:00;67,46
29.04.2025 06:15;69,82
29.04.2025 06:30;69,12
29.04.2025 06:45;71,28
29.04.2025 07:00;77,44
29.04.2025 07:15;59,84
29.04.2025 07:30;59,18
29.04.2025 07:45;53,78
29.04.2025 08:00;50,76
29.04.2025 08:15;45,66
29.04.2025 08:30;41,16
29.04.2025 08:45;34,84
29.04.2025 09:00;20,88
29.04.2025 09:15;18
29.04.2025 09:30;26
29.04.2025 09:45;12,52
29.04.2025 10:00;11,68
29.04.2025 10:15;4,6
29.04.2025 10:30;11,16
29.04.2025 10:45;13,5
29.04.2025 11:00;8,02
29.04.2025 11:15;8,04
29.04.2025 11:30;3,28
29.04.2025 11:45;4,14
29.04.2025 12:00;0
29.04.2025 12:15;2,8
29.04.2025 12:30;5,1
29.04.2025 12:45;4,88
29.04.2025 13:00;4,9
29.04.2025 13:15;0,42
29.04.2025 13:30;1,18
29.04.2025 13:45;43,42
29.04.2025 14:00;54,38
29.04.2025 14:15;11,56
29.04.2025 14:30;4,98
29.04.2025 14:45;31,16
29.04.2025 15:00;31,4
29.04.2025 15:15;75,76
29.04.2025 15:30;71,68
29.04.2025 15:45;17,88
29.04.2025 16:00;20,6
29.04.2025 16:15;19,72
29.04.2025 16:30;30,7
29.04.2025 16:45;28,22
29.04.2025 17:00;6,14
29.04.2025 17:15;31,96
29.04.2025 17:30;46,24
29.04.2025 17:45;53,48
29.04.2025 18:00;48,12
29.04.2025 18:15;49,62
29.04.2025 18:30;48,54
29.04.2025 18:45;45,18
29.04.2025 19:00;47,3
29.04.2025 19:15;50,38
29.04.2025 19:30;57,66
29.04.2025 19:45;59,18
29.04.2025 20:00;45,14
29.04.2025 20:15;48,4
29.04.2025 20:30;60,44
29.04.2025 20:45;64,56
29.04.2025 21:00;69,18
29.04.2025 21:15;70,56
29.04.2025 21:30;73,2
29.04.2025 21:45;63,18
29.04.2025 22:00;49,7
29.04.2025 22:15;51,66
29.04.2025 22:30;35,52
29.04.2025 22:45;27,42
29.04.2025 23:00;22,86
29.04.2025 23:15;26,84
29.04.2025 23:30;23,38
29.04.2025 23:45;22,2
30.04.2025 00:00;25,4
30.04.2025 00:15;19,14
30.04.2025 00:30;23,28
30.04.2025 00:45;20,76
30.04.2025 01:00;19,72
30.04.2025 01:15;23,18
30.04.2025 01:30;18,3
30.04.2025 01:45;21,86
30.04.2025 02:00;20,16
30.04.2025 02:15;18,62
30.04.2025 02:30;23
30.04.2025 02:45;17,84
30.04.2025 03:00;8,14
30.04.2025 03:15;11,48
30.04.2025 03:30;8,2
30.04.2025 03:45;7,74
30.04.2025 04:00;7,52
30.04.2025 04:15;7,6
30.04.2025 04:30;7,36
30.04.2025 04:45;10,44
30.04.2025 05:00;10,92
30.04.2025 05:15;15,86
30.04.2025 05:30;23,12
30.04.2025 05:45;50,54
30.04.2025 06:00;52,5
30.04.2025 06:15;53,3
30.04.2025 06:30;53,06
30.04.2025 06:45;58,24
30.04.2025 07:00;54,74
30.04.2025 07:15;55,04
30.04.2025 07:30;51,78
30.04.2025 07:45;45,08
30.04.2025 08:00;42,66
30.04.2025 08:15;42,82
30.04.2025 08:30;38,98
30.04.2025 08:45;34,44
30.04.2025 09:00;30,04
30.04.2025 09:15;25,1
30.04.2025 09:30;27,06
30.04.2025 09:45;19,94
30.04.2025 10:00;8,2
30.04.2025 10:15;7,64
30.04.2025 10:30;5,4
30.04.2025 10:45;0
30.04.2025 11:00;0
30.04.2025 11:15;0
30.04.2025 11:30;0,06
30.04.2025 11:45;0,3
30.04.2025 12:00;0
30.04.2025 12:15;0
30.04.2025 12:30;0
30.04.2025 12:45;0
30.04.2025 13:00;0,04
30.04.2025 13:15;0,02
30.04.2025 13:30;0,84
30.04.2025 13:45;1,14
30.04.2025 14:00;4,04
30.04.2025 14:15;7,38
30.04.2025 14:30;8,28
30.04.2025 14:45;2,9
30.04.2025 15:00;7,12
30.04.2025 15:15;9,24
30.04.2025 15:30;14,58
30.04.2025 15:45;19,06
30.04.2025 16:00;23,42
30.04.2025 16:15;17,56
30.04.2025 16:30;19,6
30.04.2025 16:45;26,1
30.04.2025 17:00;20,2
30.04.2025 17:15;28,24
30.04.2025 17:30;43,58
30.04.2025 17:45;47,9
30.04.2025 18:00;46,18
30.04.2025 18:15;52,54
30.04.2025 18:30;54,14
30.04.2025 18:45;60,6
30.04.2025 19:00;65,42
30.04.2025 19:15;67,76
30.04.2025 19:30;69,92
30.04.2025 19:45;72,02
30.04.2025 20:00;67,2
30.04.2025 20:15;76,32
30.04.2025 20:30;77,94
30.04.2025 20:45;79,22
30.04.2025 21:00;77,1
30.04.2025 21:15;64,18
30.04.2025 21:30;60,28
30.04.2025 21:45;43,94
30.04.2025 22:00;25,4
30.04.2025 22:15;18,46
30.04.2025 22:30;8,48
30.04.2025 22:45;8,68
30.04.2025 23:00;8,54
30.04.2025 23:15;7,66
30.04.2025 23:30;8,36
30.04.2025 23:45;8,16
01.05.2025 00:00;7
01.05.2025 00:15;10,26
01.05.2025 00:30;6,98
01.05.2025 00:45;5,94
01.05.2025 01:00;6,48
01.05.2025 01:15;6,3
01.05.2025 01:30;5,52
01.05.2025 01:45;6,38
01.05.2025 02:00;6,28
01.05.2025 02:15;6,66
01.05.2025 02:30;7,14
01.05.2025 02:45;4,84
01.05.2025 03:00;4,12
01.05.2025 03:15;6,2
01.05.2025 03:30;5,88
01.05.2025 03:45;4,26
01.05.2025 04:00;4,42
01.05.2025 04:15;3,86
01.05.2025 04:30;6,3
01.05.2025 04:45;4,4
01.05.2025 05:00;4,24
01.05.2025 05:15;4,62
01.05.2025 05:30;4,66
01.05.2025 05:45;3,66
01.05.2025 06:00;3,82
01.05.2025 06:15;2,7
01.05.2025 06:30;0,16
01.05.2025 06:45;0,36
01.05.2025 07:00;0,1
01.05.2025 07:15;0
01.05.2025 07:30;0
01.05.2025 07:45;0
01.05.2025 08:00;0
01.05.2025 08:15;0
01.05.2025 08:30;0
01.05.2025 08:45;0
01.05.2025 09:00;0
01.05.2025 09:15;0
01.05.2025 09:30;0
01.05.2025 09:45;0
01.05.2025 10:00;0
01.05.2025 10:15;0
01.05.2025 10:30;0
01.05.2025 10:45;0
01.05.2025 11:00;0
01.05.2025 11:15;0
01.05.2025 11:30;0
01.05.2025 11:45;0
01.05.2025 12:00;0
01.05.2025 12:15;0
01.05.2025 12:30;0
01.05.2025 12:45;0
01.05.2025 13:00;0
01.05.2025 13:15;0
01.05.2025 13:30;0
01.05.2025 13:45;0
01.05.2025 14:00;0
01.05.2025 14:15;0
01.05.2025 14:30;0
01.05.2025 14:45;0
01.05.2025 15:00;0
01.05.2025 15:15;0
01.05.2025 15:30;0
01.05.2025 15:45;0
01.05.2025 16:00;0
01.05.2025 16:15;0
01.05.2025 16:30;0
01.05.2025 16:45;0
01.05.2025 17:00;0
01.05.2025 17:15;0
01.05.2025 17:30;0
01.05.2025 17:45;0
01.05.2025 18:00;0
01.05.2025 18:15;0
01.05.2025 18:30;0
01.05.2025 18:45;0
01.05.2025 19:00;0
01.05.2025 19:15;1,06
01.05.2025 19:30;2,44
01.05.2025 19:45;5,08
01.05.2025 20:00;6,14
01.05.2025 20:15;5,2
01.05.2025 20:30;8,08
01.05.2025 20:45;8,72
01.05.2025 21:00;6,76
01.05.2025 21:15;7,46
01.05.2025 21:30;7,66
01.05.2025 21:45;6,56
01.05.2025 22:00;7,04
01.05.2025 22:15;7,06
01.05.2025 22:30;6,44
01.05.2025 22:45;9,24
01.05.2025 23:00;4,92
01.05.2025 23:15;3,9
01.05.2025 23:30;4,84
01.05.2025 23:45;4,7
02.05.2025 00:00;3,94
02.05.2025 00:15;4,82
02.05.2025 00:30;4,7
02.05.2025 00:45;3,96
02.05.2025 01:00;7,72
02.05.2025 01:15;8,24
02.05.2025 01:30;5,94
02.05.2025 01:45;6,74
02.05.2025 02:00;6,18
02.05.2025 02:15;6,1
02.05.2025 02:30;7,48
02.05.2025 02:45;7,78
02.05.2025 03:00;7,62
02.05.2025 03:15;6,62
02.05.2025 03:30;5,68
02.05.2025 03:45;6,54
02.05.2025 04:00;9,18
02.05.2025 04:15;5,64
02.05.2025 04:30;6,48
02.05.2025 04:45;6,5
02.05.2025 05:00;5,66
02.05.2025 05:15;8,08
02.05.2025 05:30;11,34
02.05.2025 05:45;10,98
02.05.2025 06:00;9,56
02.05.2025 06:15;8,32
02.05.2025 06:30;6,92
02.05.2025 06:45;2,52
02.05.2025 07:00;0,34
02.05.2025 07:15;0
02.05.2025 07:30;0
02.05.2025 07:45;0
02.05.2025 08:00;0
02.05.2025 08:15;0
02.05.2025 08:30;0
02.05.2025 08:45;0
02.05.2025 09:00;0
02.05.2025 09:15;0
02.05.2025 09:30;0
02.05.2025 09:45;0
02.05.2025 10:00;0
02.05.2025 10:15;0
02.05.2025 10:30;0
02.05.2025 10:45;0
02.05.2025 11:00;0
02.05.2025 11:15;0
02.05.2025 11:30;0
02.05.2025 11:45;0
02.05.2025 12:00;0
02.05.2025 12:15;0
02.05.2025 12:30;0
02.05.2025 12:45;0
02.05.2025 13:00;0
02.05.2025 13:15;0
02.05.2025 13:30;0
02.05.2025 13:45;0
02.05.2025 14:00;0
02.05.2025 14:15;0
02.05.2025 14:30;0
02.05.2025 14:45;0
02.05.2025 15:00;0
02.05.2025 15:15;0
02.05.2025 15:30;0
02.05.2025 15:45;0
02.05.2025 16:00;0
02.05.2025 16:15;0
02.05.2025 16:30;0
02.05.2025 16:45;0
02.05.2025 17:00;0
02.05.2025 17:15;0
02.05.2025 17:30;0
02.05.2025 17:45;0
02.05.2025 18:00;0
02.05.2025 18:15;0
02.05.2025 18:30;0
02.05.2025 18:45;0
02.05.2025 19:00;1,04
02.05.2025 19:15;1,3
02.05.2025 19:30;0,64
02.05.2025 19:45;1,9
02.05.2025 20:00;4,78
02.05.2025 20:15;5,2
02.05.2025 20:30;6,14
02.05.2025 20:45;6,32
02.05.2025 21:00;6,12
02.05.2025 21:15;7,46
02.05.2025 21:30;7,84
02.05.2025 21:45;6,72
02.05.2025 22:00;5,56
02.05.2025 22:15;6,34
02.05.2025 22:30;5,6
02.05.2025 22:45;6,42
02.05.2025 23:00;3,98
02.05.2025 23:15;4,8
02.05.2025 23:30;5,12
02.05.2025 23:45;6,22
03.05.2025 00:00;4,08
03.05.2025 00:15;4,7
03.05.2025 00:30;4,52
03.05.2025 00:45;4,16
03.05.2025 01:00;6,62
03.05.2025 01:15;6,26
03.05.2025 01:30;7,08
03.05.2025 01:45;6,8
03.05.2025 02:00;8,48
03.05.2025 02:15;5,98
03.05.2025 02:30;7,54
03.05.2025 02:45;6,24
03.05.2025 03:00;6,84
03.05.2025 03:15;7,7
03.05.2025 03:30;8,64
03.05.2025 03:45;5,94
03.05.2025 04:00;6,7
03.05.2025 04:15;10,22
03.05.2025 04:30;6,08
03.05.2025 04:45;6,8
03.05.2025 05:00;7
03.05.2025 05:15;10,12
03.05.2025 05:30;8,28
03.05.2025 05:45;8,8
03.05.2025 06:00;5,26
03.05.2025 06:15;4,52
03.05.2025 06:30;0,78
03.05.2025 06:45;0,34
03.05.2025 07:00;0
03.05.2025 07:15;0,7
03.05.2025 07:30;0,1
03.05.2025 07:45;0
03.05.2025 08:00;0
03.05.2025 08:15;0
03.05.2025 08:30;0
03.05.2025 08:45;0
03.05.2025 09:00;0
03.05.2025 09:15;0
03.05.2025 09:30;0
03.05.2025 09:45;0
03.05.2025 10:00;0
03.05.2025 10:15;0
03.05.2025 10:30;0
03.05.2025 10:45;0
03.05.2025 11:00;0
03.05.2025 11:15;0
03.05.2025 11:30;0
03.05.2025 11:45;0
03.05.2025 12:00;0
03.05.2025 12:15;0
03.05.2025 12:30;0
03.05.2025 12:45;0
03.05.2025 13:00;0
03.05.2025 13:15;0
03.05.2025 13:30;0
03.05.2025 13:45;0
03.05.2025 14:00;0
03.05.2025 14:15;0
03.05.2025 14:30;0
03.05.2025 14:45;0
03.05.2025 15:00;0
03.05.2025 15:15;0
03.05.2025 15:30;0
03.05.2025 15:45;0
03.05.2025 16:00;0
03.05.2025 16:15;0
03.05.2025 16:30;0
03.05.2025 16:45;0
03.05.2025 17:00;0
03.05.2025 17:15;0
03.05.2025 17:30;0
03.05.2025 17:45;0,04
03.05.2025 18:00;0
03.05.2025 18:15;0
03.05.2025 18:30;0
03.05.2025 18:45;0
03.05.2025 19:00;0,02
03.05.2025 19:15;1,22
03.05.2025 19:30;0,56
03.05.2025 19:45;1,58
03.05.2025 20:00;3,96
03.05.2025 20:15;3,72
03.05.2025 20:30;4,66
03.05.2025 20:45;6,78
03.05.2025 21:00;5,12
03.05.2025 21:15;3,96
03.05.2025 21:30;4,68
03.05.2025 21:45;3,9
03.05.2025 22:00;4,34
03.05.2025 22:15;3,38
03.05.2025 22:30;4,14
03.05.2025 22:45;3,18
03.05.2025 23:00;4,16
03.05.2025 23:15;6,28
03.05.2025 23:30;3,92
03.05.2025 23:45;3,46
04.05.2025 00:00;3,44
04.05.2025 00:15;4,12
04.05.2025 00:30;3,3
04.05.2025 00:45;5,28
04.05.2025 01:00;4,38
04.05.2025 01:15;4,4
04.05.2025 01:30;3,34
04.05.2025 01:45;3,98
04.05.2025 02:00;3,16
04.05.2025 02:15;4,02
04.05.2025 02:30;5,68
04.05.2025 02:45;4,5
04.05.2025 03:00;3,14
04.05.2025 03:15;3,98
04.05.2025 03:30;3,5
04.05.2025 03:45;4,44
04.05.2025 04:00;5,62
04.05.2025 04:15;4,06
04.05.2025 04:30;4,12
04.05.2025 04:45;3,18
04.05.2025 05:00;3,98
04.05.2025 05:15;3,14
04.05.2025 05:30;6,92
04.05.2025 05:45;3,44
04.05.2025 06:00;4,12
04.05.2025 06:15;3,68
04.05.2025 06:30;4,04
04.05.2025 06:45;1,78
04.05.2025 07:00;0,7
04.05.2025 07:15;0,88
04.05.2025 07:30;0,5
04.05.2025 07:45;0,76
04.05.2025 08:00;0
04.05.2025 08:15;0
04.05.2025 08:30;0
04.05.2025 08:45;0
04.05.2025 09:00;0
04.05.2025 09:15;0
04.05.2025 09:30;0
04.05.2025 09:45;0
04.05.2025 10:00;0
04.05.2025 10:15;0
04.05.2025 10:30;0
04.05.2025 10:45;0
04.05.2025 11:00;0
04.05.2025 11:15;0
04.05.2025 11:30;0
04.05.2025 11:45;0,02
04.05.2025 12:00;0
04.05.2025 12:15;0
04.05.2025 12:30;0
04.05.2025 12:45;0
04.05.2025 13:00;0
04.05.2025 13:15;0
04.05.2025 13:30;0
04.05.2025 13:45;0
04.05.2025 14:00;0
04.05.2025 14:15;0
04.05.2025 14:30;0
04.05.2025 14:45;0
04.05.2025 15:00;0
04.05.2025 15:15;0
04.05.2025 15:30;0
04.05.2025 15:45;0
04.05.2025 16:00;0
04.05.2025 16:15;0
04.05.2025 16:30;0
04.05.2025 16:45;0
04.05.2025 17:00;0
04.05.2025 17:15;0
04.05.2025 17:30;0
04.05.2025 17:45;0
04.05.2025 18:00;0
04.05.2025 18:15;0,06
04.05.2025 18:30;0
04.05.2025 18:45;0
04.05.2025 19:00;0,08
04.05.2025 19:15;0,06
04.05.2025 19:30;0,58
04.05.2025 19:45;0,68
04.05.2025 20:00;2,98
04.05.2025 20:15;2,6
04.05.2025 20:30;3,6
04.05.2025 20:45;3,28
04.05.2025 21:00;4,46
04.05.2025 21:15;3,52
04.05.2025 21:30;6,34
04.05.2025 21:45;4,24
04.05.2025 22:00;4,56
04.05.2025 22:15;3,8
04.05.2025 22:30;4,28
04.05.2025 22:45;3,68
04.05.2025 23:00;3,58
04.05.2025 23:15;3,88
04.05.2025 23:30;3,06
04.05.2025 23:45;3,86
05.05.2025 00:00;2,98
05.05.2025 00:15;3,98
05.05.2025 00:30;3,1
05.05.2025 00:45;3,92
05.05.2025 01:00;4,78
05.05.2025 01:15;6,2
05.05.2025 01:30;3,18
05.05.2025 01:45;3,92
05.05.2025 02:00;3
05.05.2025 02:15;3,9
05.05.2025 02:30;3,32
05.05.2025 02:45;3,4
05.05.2025 03:00;3,88
05.05.2025 03:15;3,12
05.05.2025 03:30;4,08
05.05.2025 03:45;3,08
05.05.2025 04:00;3,94
05.05.2025 04:15;3,1
05.05.2025 04:30;5,6
05.05.2025 04:45;7,88
05.05.2025 05:00;9,14
05.05.2025 05:15;11,2
05.05.2025 05:30;44,08
05.05.2025 05:45;69,58
05.05.2025 06:00;77,72
05.05.2025 06:15;76,4
05.05.2025 06:30;77,58
05.05.2025 06:45;80,14
05.05.2025 07:00;77,58
05.05.2025 07:15;74,7
05.05.2025 07:30;65,36
05.05.2025 07:45;59,72
05.05.2025 08:00;52,44
05.05.2025 08:15;54,92
05.05.2025 08:30;45,48
05.05.2025 08:45;35,76
05.05.2025 09:00;15,02
05.05.2025 09:15;35,18
05.05.2025 09:30;50,78
05.05.2025 09:45;46,54
05.05.2025 10:00;37,56
05.05.2025 10:15;37,4
05.05.2025 10:30;42,2
05.05.2025 10:45;46,76
05.05.2025 11:00;51,98
05.05.2025 11:15;67,44
05.05.2025 11:30;57,78
05.05.2025 11:45;44,04
05.05.2025 12:00;37,36
05.05.2025 12:15;30,24
05.05.2025 12:30;35,84
05.05.2025 12:45;49,76
05.05.2025 13:00;53,46
05.05.2025 13:15;65,3
05.05.2025 13:30;57,26
05.05.2025 13:45;72
05.05.2025 14:00;72,54
05.05.2025 14:15;67,22
05.05.2025 14:30;58,66
05.05.2025 14:45;58,08
05.05.2025 15:00;58,36
05.05.2025 15:15;60,34
05.05.2025 15:30;62,02
05.05.2025 15:45;56,44
05.05.2025 16:00;52,32
05.05.2025 16:15;62,94
05.05.2025 16:30;55,22
05.05.2025 16:45;37,98
05.05.2025 17:00;24,34
05.05.2025 17:15;31,9
05.05.2025 17:30;47,86
05.05.2025 17:45;44,36
05.05.2025 18:00;45,34
05.05.2025 18:15;50,84
05.05.2025 18:30;52,24
05.05.2025 18:45;55,32
05.05.2025 19:00;65,18
05.05.2025 19:15;66,24
05.05.2025 19:30;73,24
05.05.2025 19:45;74,54
05.05.2025 20:00;65,76
05.05.2025 20:15;58,16
05.05.2025 20:30;59,62
05.05.2025 20:45;57,28
05.05.2025 21:00;58,38
05.05.2025 21:15;59,84
05.05.2025 21:30;58,12
05.05.2025 21:45;62,62
05.05.2025 22:00;64,2
05.05.2025 22:15;59,26
05.05.2025 22:30;42,98
05.05.2025 22:45;29,58
05.05.2025 23:00;23,04
05.05.2025 23:15;17,18
05.05.2025 23:30;15,54
05.05.2025 23:45;15,1
06.05.2025 00:00;14,88
06.05.2025 00:15;14,9
06.05.2025 00:30;15,3
06.05.2025 00:45;15,56
06.05.2025 01:00;
06.05.2025 01:15;13,96
06.05.2025 01:30;13,84
06.05.2025 01:45;13,96
06.05.2025 02:00;14,32
06.05.2025 02:15;14,06
06.05.2025 02:30;13,66
06.05.2025 02:45;12,2
06.05.2025 03:00;11,56
06.05.2025 03:15;11,38
06.05.2025 03:30;15,44
06.05.2025 03:45;11,88
06.05.2025 04:00;11,34
06.05.2025 04:15;11,72
06.05.2025 04:30;12,24
06.05.2025 04:45;11,98
06.05.2025 05:00;11,74
06.05.2025 05:15;19,64
06.05.2025 05:30;55,4
06.05.2025 05:45;81,98
06.05.2025 06:00;92,34
06.05.2025 06:15;86,66
06.05.2025 06:30;92,24
06.05.2025 06:45;82,5
06.05.2025 07:00;82,08
06.05.2025 07:15;83,62
06.05.2025 07:30;80,58
06.05.2025 07:45;71,2
06.05.2025 08:00;69,06
06.05.2025 08:15;62,7
06.05.2025 08:30;57,26
06.05.2025 08:45;47,5
06.05.2025 09:00;35,7
06.05.2025 09:15;46,54
06.05.2025 09:30;50,62
06.05.2025 09:45;43,84
06.05.2025 10:00;36,44
06.05.2025 10:15;37,08
06.05.2025 10:30;23,78
06.05.2025 10:45;20,24
06.05.2025 11:00;24,4
06.05.2025 11:15;19,92
06.05.2025 11:30;19,9
06.05.2025 11:45;19,9
06.05.2025 12:00;2,26
06.05.2025 12:15;9,32
06.05.2025 12:30;15,86
06.05.2025 12:45;17,02
06.05.2025 13:00;20,74
06.05.2025 13:15;19,68
06.05.2025 13:30;17,1
06.05.2025 13:45;14,94
06.05.2025 14:00;14,46
06.05.2025 14:15;27,22
06.05.2025 14:30;11,32
06.05.2025 14:45;20,4
06.05.2025 15:00;24,2
06.05.2025 15:15;21,22
06.05.2025 15:30;23,2
06.05.2025 15:45;23,6
06.05.2025 16:00;26,18
06.05.2025 16:15;30,64
06.05.2025 16:30;37,92
06.05.2025 16:45;39,28
06.05.2025 17:00;20,98
06.05.2025 17:15;28,96
06.05.2025 17:30;40,42
06.05.2025 17:45;48,46
06.05.2025 18:00;52,78
06.05.2025 18:15;65,38
06.05.2025 18:30;65,66
06.05.2025 18:45;69
06.05.2025 19:00;61,62
06.05.2025 19:15;65,64
06.05.2025 19:30;76,08
06.05.2025 19:45;78,58
06.05.2025 20:00;69,52
06.05.2025 20:15;70,8
06.05.2025 20:30;76,52
06.05.2025 20:45;70,38
06.05.2025 21:00;75,26
06.05.2025 21:15;71,14
06.05.2025 21:30;68,66
06.05.2025 21:45;75,06
06.05.2025 22:00;76,94
06.05.2025 22:15;70,12
06.05.2025 22:30;52,78
06.05.2025 22:45;43,8
06.05.2025 23:00;33,26
06.05.2025 23:15;29,9
06.05.2025 23:30;26,28
06.05.2025 23:45;24,32
07.05.2025 00:00;29,18
07.05.2025 00:15;23,06
07.05.2025 00:30;23,66
07.05.2025 00:45;26,44
07.05.2025 01:00;21,76
07.05.2025 01:15;24,1
07.05.2025 01:30;25,64
07.05.2025 01:45;20,08
07.05.2025 02:00;22,96
07.05.2025 02:15;17,6
07.05.2025 02:30;14,6
07.05.2025 02:45;17,32
07.05.2025 03:00;18,12
07.05.2025 03:15;15,46
07.05.2025 03:30;14,78
07.05.2025 03:45;18,48
07.05.2025 04:00;14,24
07.05.2025 04:15;14,26
07.05.2025 04:30;16,5
07.05.2025 04:45;20
07.05.2025 05:00;19,04
07.05.2025 05:15;22,7
07.05.2025 05:30;52,38
07.05.2025 05:45;69,04
07.05.2025 06:00;67,48
07.05.2025 06:15;67,8
07.05.2025 06:30;75,94
07.05.2025 06:45;68,24
07.05.2025 07:00;69,62
07.05.2025 07:15;74,3
07.05.2025 07:30;74,34
07.05.2025 07:45;62,2
07.05.2025 08:00;50,34
07.05.2025 08:15;38,7
07.05.2025 08:30;41,56
07.05.2025 08:45;35,38
07.05.2025 09:00;0,24
07.05.2025 09:15;4,5
07.05.2025 09:30;24,04
07.05.2025 09:45;21,24
07.05.2025 10:00;14,6
07.05.2025 10:15;18,92
07.05.2025 10:30;9,78
07.05.2025 10:45;3,4
07.05.2025 11:00;0,82
07.05.2025 11:15;18,72
07.05.2025 11:30;8,78
07.05.2025 11:45;0,84
07.05.2025 12:00;10,56
07.05.2025 12:15;6,92
07.05.2025 12:30;4,56
07.05.2025 12:45;0,46
07.05.2025 13:00;15,34
07.05.2025 13:15;10,12
07.05.2025 13:30;0,42
07.05.2025 13:45;15,72
07.05.2025 14:00;23,58
07.05.2025 14:15;23,1
07.05.2025 14:30;48,16
07.05.2025 14:45;29,88
07.05.2025 15:00;50,92
07.05.2025 15:15;46,38
07.05.2025 15:30;52,34
07.05.2025 15:45;57,7
07.05.2025 16:00;71,26
07.05.2025 16:15;64,42
07.05.2025 16:30;74,7
07.05.2025 16:45;80,24
07.05.2025 17:00;57,6
07.05.2025 17:15;62,88
07.05.2025 17:30;63,86
07.05.2025 17:45;56,12
07.05.2025 18:00;48,62
07.05.2025 18:15;49,3
07.05.2025 18:30;56,88
07.05.2025 18:45;69,54
07.05.2025 19:00;72,74
07.05.2025 19:15;76,88
07.05.2025 19:30;77,22
07.05.2025 19:45;78,34
07.05.2025 20:00;65,8
07.05.2025 20:15;69,96
07.05.2025 20:30;72,82
07.05.2025 20:45;82,26
07.05.2025 21:00;94
07.05.2025 21:15;90,12
07.05.2025 21:30;86,1
07.05.2025 21:45;89,84
07.05.2025 22:00;100,12
07.05.2025 22:15;92,52
07.05.2025 22:30;83,38
07.05.2025 22:45;55,46
07.05.2025 23:00;47,76
07.05.2025 23:15;46,72
07.05.2025 23:30;45,56
07.05.2025 23:45;42,4
08.05.2025 00:00;38,04
08.05.2025 00:15;36,26
08.05.2025 00:30;37,2
08.05.2025 00:45;36,66
08.05.2025 01:00;36,52
08.05.2025 01:15;35,96
08.05.2025 01:30;36,68
08.05.2025 01:45;33,02
08.05.2025 02:00;36,4
08.05.2025 02:15;36,6
08.05.2025 02:30;37,54
08.05.2025 02:45;34,48
08.05.2025 03:00;32,22
08.05.2025 03:15;36,38
08.05.2025 03:30;36,56
08.05.2025 03:45;36,16
08.05.2025 04:00;32,62
08.05.2025 04:15;30,66
08.05.2025 04:30;23,24
08.05.2025 04:45;20,32
08.05.2025 05:00;24,58
08.05.2025 05:15;30,34
08.05.2025 05:30;48,62
08.05.2025 05:45;66,02
08.05.2025 06:00;87,52
08.05.2025 06:15;95,46
08.05.2025 06:30;94,86
08.05.2025 06:45;92,54
08.05.2025 07:00;94,96
08.05.2025 07:15;91,6
08.05.2025 07:30;91,34
08.05.2025 07:45;83,72
08.05.2025 08:00;81,82
08.05.2025 08:15;78,26
08.05.2025 08:30;78,8
08.05.2025 08:45;70,66
08.05.2025 09:00;52,38
08.05.2025 09:15;66,16
08.05.2025 09:30;69,26
08.05.2025 09:45;59,06
08.05.2025 10:00;62,26
08.05.2025 10:15;53,64
08.05.2025 10:30;58,92
08.05.2025 10:45;53,98
08.05.2025 11:00;60,62
08.05.2025 11:15;54,34
08.05.2025 11:30;69,1
08.05.2025 11:45;66,84
08.05.2025 12:00;47,42
08.05.2025 12:15;58,58
08.05.2025 12:30;59,1
08.05.2025 12:45;58,48
08.05.2025 13:00;69,84
08.05.2025 13:15;62,28
08.05.2025 13:30;45,08
08.05.2025 13:45;57,86
08.05.2025 14:00;73,34
08.05.2025 14:15;73,98
08.05.2025 14:30;72,76
08.05.2025 14:45;69,88
08.05.2025 15:00;61,16
08.05.2025 15:15;68
08.05.2025 15:30;73,68
08.05.2025 15:45;77,3
08.05.2025 16:00;67,72
08.05.2025 16:15;60,4
08.05.2025 16:30;66,02
08.05.2025 16:45;55,02
08.05.2025 17:00;43,3
08.05.2025 17:15;30,52
08.05.2025 17:30;41,12
08.05.2025 17:45;50,2
08.05.2025 18:00;48,7
08.05.2025 18:15;53,58
08.05.2025 18:30;56,08
08.05.2025 18:45;55,58
08.05.2025 19:00;57,58
08.05.2025 19:15;55,58
08.05.2025 19:30;56,34
08.05.2025 19:45;51,34
08.05.2025 20:00;40,22
08.05.2025 20:15;51,76
08.05.2025 20:30;66,2
08.05.2025 20:45;60,66
08.05.2025 21:00;66,16
08.05.2025 21:15;73,32
08.05.2025 21:30;67,34
08.05.2025 21:45;74,68
08.05.2025 22:00;74,62
08.05.2025 22:15;75,62
08.05.2025 22:30;57,48
08.05.2025 22:45;49,96
08.05.2025 23:00;45,5
08.05.2025 23:15;42,8
08.05.2025 23:30;39,24
08.05.2025 23:45;37,02
09.05.2025 00:00;33,76
09.05.2025 00:15;29,2
09.05.2025 00:30;35,2
09.05.2025 00:45;32,02
09.05.2025 01:00;28,94
09.05.2025 01:15;29,56
09.05.2025 01:30;32,26
09.05.2025 01:45;31
09.05.2025 02:00;27,02
09.05.2025 02:15;26,82
09.05.2025 02:30;20,74
09.05.2025 02:45;9,64
09.05.2025 03:00;8,56
09.05.2025 03:15;8,88
09.05.2025 03:30;8,46
09.05.2025 03:45;8,48
09.05.2025 04:00;8,48
09.05.2025 04:15;8,7
09.05.2025 04:30;8,6
09.05.2025 04:45;10,84
09.05.2025 05:00;15,28
09.05.2025 05:15;13,9
09.05.2025 05:30;39,3
09.05.2025 05:45;57,24
09.05.2025 06:00;56,76
09.05.2025 06:15;70,32
09.05.2025 06:30;78,98
09.05.2025 06:45;84,48
09.05.2025 07:00;71,32
09.05.2025 07:15;51,04
09.05.2025 07:30;48,12
09.05.2025 07:45;43,08
09.05.2025 08:00;39,56
09.05.2025 08:15;34,58
09.05.2025 08:30;26,4
09.05.2025 08:45;24,72
09.05.2025 09:00;3
09.05.2025 09:15;1,5
09.05.2025 09:30;0,44
09.05.2025 09:45;11,2
09.05.2025 10:00;6,84
09.05.2025 10:15;2,34
09.05.2025 10:30;0,12
09.05.2025 10:45;0,1
09.05.2025 11:00;0,02
09.05.2025 11:15;0,1
09.05.2025 11:30;0,08
09.05.2025 11:45;0,04
09.05.2025 12:00;0
09.05.2025 12:15;0
09.05.2025 12:30;0
09.05.2025 12:45;0
09.05.2025 13:00;0
09.05.2025 13:15;0
09.05.2025 13:30;0
09.05.2025 13:45;0
09.05.2025 14:00;3,1
09.05.2025 14:15;0,3
09.05.2025 14:30;7,22
09.05.2025 14:45;10,64
09.05.2025 15:00;2,8
09.05.2025 15:15;3,5
09.05.2025 15:30;5,64
09.05.2025 15:45;9,2
09.05.2025 16:00;5,98
09.05.2025 16:15;2,86
09.05.2025 16:30;18,46
09.05.2025 16:45;5,5
09.05.2025 17:00;11,5
09.05.2025 17:15;13,4
09.05.2025 17:30;33,02
09.05.2025 17:45;25,86
09.05.2025 18:00;29,26
09.05.2025 18:15;43,22
09.05.2025 18:30;39,36
09.05.2025 18:45;48,44
09.05.2025 19:00;54,14
09.05.2025 19:15;60,14
09.05.2025 19:30;61,8
09.05.2025 19:45;61,72
09.05.2025 20:00;53,52
09.05.2025 20:15;54,54
09.05.2025 20:30;59,88
09.05.2025 20:45;61,82
09.05.2025 21:00;64,7
09.05.2025 21:15;65,3
09.05.2025 21:30;62,16
09.05.2025 21:45;59,98
09.05.2025 22:00;60,52
09.05.2025 22:15;58,06
09.05.2025 22:30;51,58
09.05.2025 22:45;40,54
09.05.2025 23:00;38,36
09.05.2025 23:15;38,68
09.05.2025 23:30;38,1
09.05.2025 23:45;31,44
10.05.2025 00:00;25,12
10.05.2025 00:15;20,84
10.05.2025 00:30;22,22
10.05.2025 00:45;24,68
10.05.2025 01:00;20,52
10.05.2025 01:15;22,24
10.05.2025 01:30;25,02
10.05.2025 01:45;21,6
10.05.2025 02:00;20
10.05.2025 02:15;23,22
10.05.2025 02:30;20,28
10.05.2025 02:45;21,54
10.05.2025 03:00;22,56
10.05.2025 03:15;16,66
10.05.2025 03:30;15,78
10.05.2025 03:45;14,84
10.05.2025 04:00;12,88
10.05.2025 04:15;13,9
10.05.2025 04:30;17,48
10.05.2025 04:45;14,02
10.05.2025 05:00;14,34
10.05.2025 05:15;19,48
10.05.2025 05:30;16,84
10.05.2025 05:45;19,68
10.05.2025 06:00;34,32
10.05.2025 06:15;34,5
10.05.2025 06:30;26,78
10.05.2025 06:45;29,08
10.05.2025 07:00;23,46
10.05.2025 07:15;22,74
10.05.2025 07:30;9,74
10.05.2025 07:45;5,74
10.05.2025 08:00;8,66
10.05.2025 08:15;1,82
10.05.2025 08:30;0,88
10.05.2025 08:45;0
10.05.2025 09:00;0
10.05.2025 09:15;0
10.05.2025 09:30;0
10.05.2025 09:45;0
10.05.2025 10:00;0
10.05.2025 10:15;0
10.05.2025 10:30;0
10.05.2025 10:45;0
10.05.2025 11:00;0
10.05.2025 11:15;0
10.05.2025 11:30;0
10.05.2025 11:45;0
10.05.2025 12:00;0
10.05.2025 12:15;0
10.05.2025 12:30;0
10.05.2025 12:45;0
10.05.2025 13:00;0
10.05.2025 13:15;0
10.05.2025 13:30;0
10.05.2025 13:45;0
10.05.2025 14:00;0
10.05.2025 14:15;0
10.05.2025 14:30;0
10.05.2025 14:45;0
10.05.2025 15:00;0
10.05.2025 15:15;0
10.05.2025 15:30;0
10.05.2025 15:45;0
10.05.2025 16:00;0
10.05.2025 16:15;0
10.05.2025 16:30;0
10.05.2025 16:45;0
10.05.2025 17:00;0
10.05.2025 17:15;0
10.05.2025 17:30;0
10.05.2025 17:45;0
10.05.2025 18:00;0
10.05.2025 18:15;0,14
10.05.2025 18:30;0,2
10.05.2025 18:45;3,12
10.05.2025 19:00;10,66
10.05.2025 19:15;10,98
10.05.2025 19:30;12,78
10.05.2025 19:45;13,94
10.05.2025 20:00;11,48
10.05.2025 20:15;12,46
10.05.2025 20:30;15,48
10.05.2025 20:45;16,42
10.05.2025 21:00;14,76
10.05.2025 21:15;16,5
10.05.2025 21:30;17,14
10.05.2025 21:45;13,42
10.05.2025 22:00;12,94
10.05.2025 22:15;16,14
10.05.2025 22:30;12,06
10.05.2025 22:45;12,3
10.05.2025 23:00;15,68
10.05.2025 23:15;11,88
10.05.2025 23:30;11,5
10.05.2025 23:45;15,8
11.05.2025 00:00;11,52
11.05.2025 00:15;11,58
11.05.2025 00:30;15,12
11.05.2025 00:45;12,42
11.05.2025 01:00;11,56
11.05.2025 01:15;14,66
11.05.2025 01:30;13,8
11.05.2025 01:45;11,56
11.05.2025 02:00;13,96
11.05.2025 02:15;13,1
11.05.2025 02:30;11,42
11.05.2025 02:45;15,04
11.05.2025 03:00;13,94
11.05.2025 03:15;12,5
11.05.2025 03:30;13,98
11.05.2025 03:45;14,44
11.05.2025 04:00;11,5
11.05.2025 04:15;11,82
11.05.2025 04:30;15,48
11.05.2025 04:45;11,48
11.05.2025 05:00;11,5
11.05.2025 05:15;15,62
11.05.2025 05:30;11,5
11.05.2025 05:45;10,86
11.05.2025 06:00;12,48
11.05.2025 06:15;9,54
11.05.2025 06:30;4,38
11.05.2025 06:45;2,54
11.05.2025 07:00;1,64
11.05.2025 07:15;0
11.05.2025 07:30;0
11.05.2025 07:45;0
11.05.2025 08:00;0
11.05.2025 08:15;0
11.05.2025 08:30;0
11.05.2025 08:45;0
11.05.2025 09:00;0
11.05.2025 09:15;0
11.05.2025 09:30;0
11.05.2025 09:45;0
11.05.2025 10:00;0
11.05.2025 10:15;0
11.05.2025 10:30;0
11.05.2025 10:45;0
11.05.2025 11:00;0
11.05.2025 11:15;0
11.05.2025 11:30;0
11.05.2025 11:45;0
11.05.2025 12:00;0
11.05.2025 12:15;0
11.05.2025 12:30;0
11.05.2025 12:45;0
11.05.2025 13:00;0
11.05.2025 13:15;0
11.05.2025 13:30;0,06
11.05.2025 13:45;0,64
11.05.2025 14:00;0
11.05.2025 14:15;0
11.05.2025 14:30;0,06
11.05.2025 14:45;0,08
11.05.2025 15:00;0
11.05.2025 15:15;0
11.05.2025 15:30;0
11.05.2025 15:45;0
11.05.2025 16:00;0
11.05.2025 16:15;0
11.05.2025 16:30;0
11.05.2025 16:45;0
11.05.2025 17:00;0
11.05.2025 17:15;0
11.05.2025 17:30;0
11.05.2025 17:45;0
11.05.2025 18:00;0
11.05.2025 18:15;0
11.05.2025 18:30;1,68
11.05.2025 18:45;4,14
11.05.2025 19:00;8,02
11.05.2025 19:15;7,98
11.05.2025 19:30;8,04
11.05.2025 19:45;11,54
11.05.2025 20:00;14,82
11.05.2025 20:15;12,76
11.05.2025 20:30;14,92
11.05.2025 20:45;16,88
11.05.2025 21:00;13,18
11.05.2025 21:15;15,02
11.05.2025 21:30;15,96
11.05.2025 21:45;12,84
11.05.2025 22:00;13,54
11.05.2025 22:15;14,36
11.05.2025 22:30;11,62
11.05.2025 22:45;13,3
11.05.2025 23:00;14,3
11.05.2025 23:15;11,5
11.05.2025 23:30;13,18
11.05.2025 23:45;14,68
12.05.2025 00:00;11,98
12.05.2025 00:15;12,32
12.05.2025 00:30;15,84
12.05.2025 00:45;11,5
12.05.2025 01:00;11,94
12.05.2025 01:15;16,1
12.05.2025 01:30;12,04
12.05.2025 01:45;12,18
12.05.2025 02:00;15,02
12.05.2025 02:15;11,88
12.05.2025 02:30;11,92
12.05.2025 02:45;16,02
12.05.2025 03:00;11,58
12.05.2025 03:15;11,48
12.05.2025 03:30;15,88
12.05.2025 03:45;11,58
12.05.2025 04:00;12,72
12.05.2025 04:15;15,5
12.05.2025 04:30;11,8
12.05.2025 04:45;12,26
12.05.2025 05:00;22,44
12.05.2025 05:15;24,64
12.05.2025 05:30;31,46
12.05.2025 05:45;46,88
12.05.2025 06:00;44,58
12.05.2025 06:15;48,82
12.05.2025 06:30;45,02
12.05.2025 06:45;42
12.05.2025 07:00;35,76
12.05.2025 07:15;31,14
12.05.2025 07:30;27,18
12.05.2025 07:45;23,22
12.05.2025 08:00;16,06
12.05.2025 08:15;6,86
12.05.2025 08:30;8,92
12.05.2025 08:45;15,2
12.05.2025 09:00;9,02
12.05.2025 09:15;9,96
12.05.2025 09:30;10,84
12.05.2025 09:45;5,82
12.05.2025 10:00;5,66
12.05.2025 10:15;3,28
12.05.2025 10:30;1,74
12.05.2025 10:45;3,12
12.05.2025 11:00;0,78
12.05.2025 11:15;1,56
12.05.2025 11:30;13,44
12.05.2025 11:45;8,4
12.05.2025 12:00;0,06
12.05.2025 12:15;0,52
12.05.2025 12:30;27,54
12.05.2025 12:45;1
12.05.2025 13:00;0,02
12.05.2025 13:15;0
12.05.2025 13:30;0
12.05.2025 13:45;0,02
12.05.2025 14:00;0,02
12.05.2025 14:15;0,04
12.05.2025 14:30;0,2
12.05.2025 14:45;0,34
12.05.2025 15:00;14,2
12.05.2025 15:15;25,3
12.05.2025 15:30;1,1
12.05.2025 15:45;29,36
12.05.2025 16:00;16,18
12.05.2025 16:15;7,66
12.05.2025 16:30;14,1
12.05.2025 16:45;27,34
12.05.2025 17:00;9,9
12.05.2025 17:15;36,32
12.05.2025 17:30;29,22
12.05.2025 17:45;32,54
12.05.2025 18:00;42,52
12.05.2025 18:15;45,26
12.05.2025 18:30;50,94
12.05.2025 18:45;44,34
12.05.2025 19:00;55,72
12.05.2025 19:15;69,82
12.05.2025 19:30;70,78
12.05.2025 19:45;57,78
12.05.2025 20:00;42,04
12.05.2025 20:15;51,08
12.05.2025 20:30;66,3
12.05.2025 20:45;73,68
12.05.2025 21:00;69,06
12.05.2025 21:15;68,28
12.05.2025 21:30;68,84
12.05.2025 21:45;78,32
12.05.2025 22:00;68,76
12.05.2025 22:15;65,78
12.05.2025 22:30;55,48
12.05.2025 22:45;53,9
12.05.2025 23:00;40,32
12.05.2025 23:15;29,8
12.05.2025 23:30;25,66
12.05.2025 23:45;26,76
13.05.2025 00:00;29,16
13.05.2025 00:15;23
13.05.2025 00:30;28,36
13.05.2025 00:45;27,64
13.05.2025 01:00;21,9
13.05.2025 01:15;28,42
13.05.2025 01:30;20,54
13.05.2025 01:45;24,48
13.05.2025 02:00;23,58
13.05.2025 02:15;22,88
13.05.2025 02:30;22,56
13.05.2025 02:45;21,96
13.05.2025 03:00;25,8
13.05.2025 03:15;19,98
13.05.2025 03:30;24,36
13.05.2025 03:45;22,86
13.05.2025 04:00;19,98
13.05.2025 04:15;24,02
13.05.2025 04:30;15,46
13.05.2025 04:45;5,02
13.05.2025 05:00;12
13.05.2025 05:15;14,12
13.05.2025 05:30;23,76
13.05.2025 05:45;39,62
13.05.2025 06:00;56,74
13.05.2025 06:15;59,12
13.05.2025 06:30;57,66
13.05.2025 06:45;57,42
13.05.2025 07:00;52,48
13.05.2025 07:15;54,42
13.05.2025 07:30;53,66
13.05.2025 07:45;47,68
13.05.2025 08:00;40,92
13.05.2025 08:15;37,94
13.05.2025 08:30;25,34
13.05.2025 08:45;36,96
13.05.2025 09:00;12,5
13.05.2025 09:15;12,88
13.05.2025 09:30;23,86
13.05.2025 09:45;34,22
13.05.2025 10:00;29,38
13.05.2025 10:15;29,46
13.05.2025 10:30;17,36
13.05.2025 10:45;9,32
13.05.2025 11:00;14,9
13.05.2025 11:15;11,5
13.05.2025 11:30;21,32
13.05.2025 11:45;34,66
13.05.2025 12:00;0,76
13.05.2025 12:15;1,3
13.05.2025 12:30;0,6
13.05.2025 12:45;4,26
13.05.2025 13:00;6,96
13.05.2025 13:15;6,58
13.05.2025 13:30;9,38
13.05.2025 13:45;3,5
13.05.2025 14:00;5,12
13.05.2025 14:15;10,98
13.05.2025 14:30;18,14
13.05.2025 14:45;27,7
13.05.2025 15:00;18,86
13.05.2025 15:15;11,4
13.05.2025 15:30;8,76
13.05.2025 15:45;18,74
13.05.2025 16:00;24,68
13.05.2025 16:15;31,16
13.05.2025 16:30;41,38
13.05.2025 16:45;36,88
13.05.2025 17:00;33,46
13.05.2025 17:15;26,02
13.05.2025 17:30;39,82
13.05.2025 17:45;38,18
13.05.2025 18:00;56,02
13.05.2025 18:15;61,72
13.05.2025 18:30;63,42
13.05.2025 18:45;69,58
13.05.2025 19:00;69,52
13.05.2025 19:15;64
13.05.2025 19:30;65,86
13.05.2025 19:45;57,84
13.05.2025 20:00;53,88
13.05.2025 20:15;69,18
13.05.2025 20:30;76,1
13.05.2025 20:45;72
13.05.2025 21:00;71,54
13.05.2025 21:15;71,32
13.05.2025 21:30;62,1
13.05.2025 21:45;53,94
13.05.2025 22:00;46,56
13.05.2025 22:15;36,66
13.05.2025 22:30;32,64
13.05.2025 22:45;32,52
13.05.2025 23:00;23,46
13.05.2025 23:15;24,92
13.05.2025 23:30;27,46
13.05.2025 23:45;15,94
14.05.2025 00:00;14,66
14.05.2025 00:15;14,06
14.05.2025 00:30;15,02
14.05.2025 00:45;15,46
14.05.2025 01:00;12,48
14.05.2025 01:15;13,46
14.05.2025 01:30;11,76
14.05.2025 01:45;11,78
14.05.2025 02:00;15,26
14.05.2025 02:15;11,9
14.05.2025 02:30;11,86
14.05.2025 02:45;11,7
14.05.2025 03:00;12,22
14.05.2025 03:15;13,36
14.05.2025 03:30;11,88
14.05.2025 03:45;10,72
14.05.2025 04:00;11,18
14.05.2025 04:15;10,9
14.05.2025 04:30;11,16
14.05.2025 04:45;13,38
14.05.2025 05:00;12,46
14.05.2025 05:15;16,64
14.05.2025 05:30;25,6
14.05.2025 05:45;52,84
14.05.2025 06:00;57,78
14.05.2025 06:15;64,04
14.05.2025 06:30;53,94
14.05.2025 06:45;57,18
14.05.2025 07:00;48,86
14.05.2025 07:15;47,92
14.05.2025 07:30;51
14.05.2025 07:45;48,54
14.05.2025 08:00;46,66
14.05.2025 08:15;25,88
14.05.2025 08:30;35,88
14.05.2025 08:45;32,56
14.05.2025 09:00;12,48
14.05.2025 09:15;13,54
14.05.2025 09:30;9,02
14.05.2025 09:45;9,68
14.05.2025 10:00;7,24
14.05.2025 10:15;6,64
14.05.2025 10:30;7,18
14.05.2025 10:45;6,24
14.05.2025 11:00;7,62
14.05.2025 11:15;3,82
14.05.2025 11:30;2,94
14.05.2025 11:45;1,58
14.05.2025 12:00;1,42
14.05.2025 12:15;2,46
14.05.2025 12:30;1,18
14.05.2025 12:45;8,4
14.05.2025 13:00;10,14
14.05.2025 13:15;8,34
14.05.2025 13:30;7,86
14.05.2025 13:45;0,1
14.05.2025 14:00;0
14.05.2025 14:15;0
14.05.2025 14:30;0
14.05.2025 14:45;0
14.05.2025 15:00;0,54
14.05.2025 15:15;0,66
14.05.2025 15:30;2,8
14.05.2025 15:45;10,4
14.05.2025 16:00;7,84
14.05.2025 16:15;8,06
14.05.2025 16:30;17,34
14.05.2025 16:45;15,92
14.05.2025 17:00;6,7
14.05.2025 17:15;8,22
14.05.2025 17:30;19,88
14.05.2025 17:45;33,26
14.05.2025 18:00;30,72
14.05.2025 18:15;31,32
14.05.2025 18:30;33,02
14.05.2025 18:45;40,24
14.05.2025 19:00;41,64
14.05.2025 19:15;48,4
14.05.2025 19:30;52,08
14.05.2025 19:45;59,42
14.05.2025 20:00;48,06
14.05.2025 20:15;49,4
14.05.2025 20:30;63,12
14.05.2025 20:45;58,6
14.05.2025 21:00;69
14.05.2025 21:15;78,1
14.05.2025 21:30;74,88
14.05.2025 21:45;71,82
14.05.2025 22:00;61,14
14.05.2025 22:15;53,66
14.05.2025 22:30;34,16
14.05.2025 22:45;30,1
14.05.2025 23:00;24,2
14.05.2025 23:15;24,48
14.05.2025 23:30;26,78
14.05.2025 23:45;19,1
15.05.2025 00:00;20,84
15.05.2025 00:15;17,34
15.05.2025 00:30;12,58
15.05.2025 00:45;13,18
15.05.2025 01:00;12,02
15.05.2025 01:15;13,16
15.05.2025 01:30;16,82
15.05.2025 01:45;13,14
15.05.2025 02:00;13,56
15.05.2025 02:15;12,44
15.05.2025 02:30;13,36
15.05.2025 02:45;15,62
15.05.2025 03:00;12,86
15.05.2025 03:15;12,22
15.05.2025 03:30;11,56
15.05.2025 03:45;12,04
15.05.2025 04:00;11,82
15.05.2025 04:15;11,28
15.05.2025 04:30;11,74
15.05.2025 04:45;13,82
15.05.2025 05:00;15,36
15.05.2025 05:15;21,7
15.05.2025 05:30;41,12
15.05.2025 05:45;54,92
15.05.2025 06:00;55,82
15.05.2025 06:15;54,84
15.05.2025 06:30;53,9
15.05.2025 06:45;55,4
15.05.2025 07:00;55,22
15.05.2025 07:15;56,44
15.05.2025 07:30;51,66
15.05.2025 07:45;48,9
15.05.2025 08:00;41,04
15.05.2025 08:15;26,96
15.05.2025 08:30;21,7
15.05.2025 08:45;17,72
15.05.2025 09:00;5,18
15.05.2025 09:15;18,98
15.05.2025 09:30;31,32
15.05.2025 09:45;29,98
15.05.2025 10:00;44,94
15.05.2025 10:15;46,42
15.05.2025 10:30;41,38
15.05.2025 10:45;18,64
15.05.2025 11:00;30,66
15.05.2025 11:15;30,34
15.05.2025 11:30;17,66
15.05.2025 11:45;28,78
15.05.2025 12:00;9,72
15.05.2025 12:15;10,44
15.05.2025 12:30;22,16
15.05.2025 12:45;8,9
15.05.2025 13:00;6,44
15.05.2025 13:15;10,96
15.05.2025 13:30;15,42
15.05.2025 13:45;1,86
15.05.2025 14:00;6,46
15.05.2025 14:15;2,14
15.05.2025 14:30;6,58
15.05.2025 14:45;0,36
15.05.2025 15:00;0
15.05.2025 15:15;3,78
15.05.2025 15:30;5,98
15.05.2025 15:45;15,14
15.05.2025 16:00;28,18
15.05.2025 16:15;12,66
15.05.2025 16:30;29,72
15.05.2025 16:45;8,62
15.05.2025 17:00;14,3
15.05.2025 17:15;16,16
15.05.2025 17:30;18,64
15.05.2025 17:45;4,68
15.05.2025 18:00;8,82
15.05.2025 18:15;21,64
15.05.2025 18:30;31
15.05.2025 18:45;20,98
15.05.2025 19:00;24,92
15.05.2025 19:15;31,68
15.05.2025 19:30;32,06
15.05.2025 19:45;33,22
15.05.2025 20:00;29,52
15.05.2025 20:15;36,08
15.05.2025 20:30;37,42
15.05.2025 20:45;37,24
15.05.2025 21:00;32,8
15.05.2025 21:15;35,16
15.05.2025 21:30;37
15.05.2025 21:45;40,68
15.05.2025 22:00;42,64
15.05.2025 22:15;35,86
15.05.2025 22:30;28,7
15.05.2025 22:45;29,14
15.05.2025 23:00;24,42
15.05.2025 23:15;25,24
15.05.2025 23:30;25,56
15.05.2025 23:45;22,46
16.05.2025 00:00;28,34
16.05.2025 00:15;22,72
16.05.2025 00:30;25,24
16.05.2025 00:45;22,88
16.05.2025 01:00;21,3
16.05.2025 01:15;25,08
16.05.2025 01:30;21,36
16.05.2025 01:45;20,74
16.05.2025 02:00;22,84
16.05.2025 02:15;19,28
16.05.2025 02:30;23,16
16.05.2025 02:45;20,56
16.05.2025 03:00;19,38
16.05.2025 03:15;22,66
16.05.2025 03:30;17,16
16.05.2025 03:45;19,26
16.05.2025 04:00;20,82
16.05.2025 04:15;16,76
16.05.2025 04:30;19,36
16.05.2025 04:45;18,3
16.05.2025 05:00;21,7
16.05.2025 05:15;26,62
16.05.2025 05:30;32,36
16.05.2025 05:45;51,9
16.05.2025 06:00;56,38
16.05.2025 06:15;51,18
16.05.2025 06:30;52,2
16.05.2025 06:45;54,2
16.05.2025 07:00;64,02
16.05.2025 07:15;52,4
16.05.2025 07:30;45,36
16.05.2025 07:45;43,92
16.05.2025 08:00;31,46
16.05.2025 08:15;27,08
16.05.2025 08:30;17,44
16.05.2025 08:45;12,28
16.05.2025 09:00;1,18
16.05.2025 09:15;0,18
16.05.2025 09:30;2,24
16.05.2025 09:45;2,78
16.05.2025 10:00;0,26
16.05.2025 10:15;7,72
16.05.2025 10:30;25,02
16.05.2025 10:45;0,72
16.05.2025 11:00;15,92
16.05.2025 11:15;35,96
16.05.2025 11:30;24,56
16.05.2025 11:45;20,98
16.05.2025 12:00;19,94
16.05.2025 12:15;28,94
16.05.2025 12:30;29,72
16.05.2025 12:45;16,5
16.05.2025 13:00;31,9
16.05.2025 13:15;9,16
16.05.2025 13:30;5,6
16.05.2025 13:45;1,58
16.05.2025 14:00;1
16.05.2025 14:15;15,34
16.05.2025 14:30;21,78
16.05.2025 14:45;23,68
16.05.2025 15:00;30,74
16.05.2025 15:15;25,9
16.05.2025 15:30;46,86
16.05.2025 15:45;40,98
16.05.2025 16:00;64,24
16.05.2025 16:15;56,14
16.05.2025 16:30;54,78
16.05.2025 16:45;53,98
16.05.2025 17:00;46,2
16.05.2025 17:15;53,8
16.05.2025 17:30;54,16
16.05.2025 17:45;43,58
16.05.2025 18:00;49,96
16.05.2025 18:15;58,92
16.05.2025 18:30;59,16
16.05.2025 18:45;57,02
16.05.2025 19:00;62,44
16.05.2025 19:15;67,56
16.05.2025 19:30;64,72
16.05.2025 19:45;62,44
16.05.2025 20:00;44,64
16.05.2025 20:15;48,1
16.05.2025 20:30;63,76
16.05.2025 20:45;62,26
16.05.2025 21:00;51,84
16.05.2025 21:15;48,16
16.05.2025 21:30;39,66
16.05.2025 21:45;42,96
16.05.2025 22:00;42,62
16.05.2025 22:15;21,46
16.05.2025 22:30;11,26
16.05.2025 22:45;10,54
16.05.2025 23:00;10
16.05.2025 23:15;8,32
16.05.2025 23:30;9,94
16.05.2025 23:45;7,5
17.05.2025 00:00;6,64
17.05.2025 00:15;7,36
17.05.2025 00:30;6,66
17.05.2025 00:45;5,26
17.05.2025 01:00;4,9
17.05.2025 01:15;4,02
17.05.2025 01:30;4,68
17.05.2025 01:45;5,56
17.05.2025 02:00;5,86
17.05.2025 02:15;4,22
17.05.2025 02:30;3,44
17.05.2025 02:45;4,32
17.05.2025 03:00;3,44
17.05.2025 03:15;4,24
17.05.2025 03:30;3,42
17.05.2025 03:45;4,14
17.05.2025 04:00;3,22
17.05.2025 04:15;5,68
17.05.2025 04:30;8,12
17.05.2025 04:45;4,6
17.05.2025 05:00;4,46
17.05.2025 05:15;6,54
17.05.2025 05:30;5,8
17.05.2025 05:45;5,92
17.05.2025 06:00;5,76
17.05.2025 06:15;5,14
17.05.2025 06:30;2,16
17.05.2025 06:45;0,06
17.05.2025 07:00;0
17.05.2025 07:15;0,02
17.05.2025 07:30;0
17.05.2025 07:45;0
17.05.2025 08:00;0
17.05.2025 08:15;0
17.05.2025 08:30;0
17.05.2025 08:45;0
17.05.2025 09:00;0
17.05.2025 09:15;0
17.05.2025 09:30;0
17.05.2025 09:45;0
17.05.2025 10:00;0
17.05.2025 10:15;0
17.05.2025 10:30;0
17.05.2025 10:45;0
17.05.2025 11:00;0
17.05.2025 11:15;0
17.05.2025 11:30;0
17.05.2025 11:45;0
17.05.2025 12:00;0
17.05.2025 12:15;0
17.05.2025 12:30;0
17.05.2025 12:45;0
17.05.2025 13:00;0
17.05.2025 13:15;0
17.05.2025 13:30;0
17.05.2025 13:45;0
17.05.2025 14:00;0
17.05.2025 14:15;0
17.05.2025 14:30;0
17.05.2025 14:45;0
17.05.2025 15:00;0
17.05.2025 15:15;0
17.05.2025 15:30;0
17.05.2025 15:45;0
17.05.2025 16:00;0
17.05.2025 16:15;0
17.05.2025 16:30;0
17.05.2025 16:45;0
17.05.2025 17:00;0
17.05.2025 17:15;0
17.05.2025 17:30;0,72
17.05.2025 17:45;0
17.05.2025 18:00;0
17.05.2025 18:15;0
17.05.2025 18:30;0,3
17.05.2025 18:45;0,1
17.05.2025 19:00;0
17.05.2025 19:15;0
17.05.2025 19:30;0,42
17.05.2025 19:45;0
17.05.2025 20:00;1,9
17.05.2025 20:15;2,68
17.05.2025 20:30;5,78
17.05.2025 20:45;5,34
17.05.2025 21:00;5,34
17.05.2025 21:15;4,12
17.05.2025 21:30;4,28
17.05.2025 21:45;4,68
17.05.2025 22:00;3,54
17.05.2025 22:15;4,34
17.05.2025 22:30;3,28
17.05.2025 22:45;3,92
17.05.2025 23:00;3,08
17.05.2025 23:15;3,82
17.05.2025 23:30;3,1
17.05.2025 23:45;4,76
18.05.2025 00:00;5,18
18.05.2025 00:15;3,94
18.05.2025 00:30;3,2
18.05.2025 00:45;4,68
18.05.2025 01:00;5,02
18.05.2025 01:15;5,16
18.05.2025 01:30;3,34
18.05.2025 01:45;4,22
18.05.2025 02:00;3,4
18.05.2025 02:15;3,58
18.05.2025 02:30;3,66
18.05.2025 02:45;3,4
18.05.2025 03:00;4
18.05.2025 03:15;3,12
18.05.2025 03:30;4
18.05.2025 03:45;4,18
18.05.2025 04:00;5,76
18.05.2025 04:15;3,18
18.05.2025 04:30;3,96
18.05.2025 04:45;3,12
18.05.2025 05:00;3,82
18.05.2025 05:15;2,92
18.05.2025 05:30;3,44
18.05.2025 05:45;1,82
18.05.2025 06:00;1,64
18.05.2025 06:15;0,04
18.05.2025 06:30;0
18.05.2025 06:45;0
18.05.2025 07:00;0
18.05.2025 07:15;0
18.05.2025 07:30;0
18.05.2025 07:45;0
18.05.2025 08:00;0
18.05.2025 08:15;0
18.05.2025 08:30;0
18.05.2025 08:45;0
18.05.2025 09:00;0
18.05.2025 09:15;0
18.05.2025 09:30;0
18.05.2025 09:45;0
18.05.2025 10:00;0
18.05.2025 10:15;0
18.05.2025 10:30;0
18.05.2025 10:45;0
18.05.2025 11:00;0
18.05.2025 11:15;0
18.05.2025 11:30;0
18.05.2025 11:45;0
18.05.2025 12:00;0
18.05.2025 12:15;0
18.05.2025 12:30;0
18.05.2025 12:45;0
18.05.2025 13:00;0
18.05.2025 13:15;0
18.05.2025 13:30;0
18.05.2025 13:45;0
18.05.2025 14:00;0
18.05.2025 14:15;0
18.05.2025 14:30;0
18.05.2025 14:45;0
18.05.2025 15:00;0
18.05.2025 15:15;0
18.05.2025 15:30;0
18.05.2025 15:45;0
18.05.2025 16:00;0
18.05.2025 16:15;0
18.05.2025 16:30;0
18.05.2025 16:45;0
18.05.2025 17:00;0
18.05.2025 17:15;0
18.05.2025 17:30;0
18.05.2025 17:45;0
18.05.2025 18:00;0
18.05.2025 18:15;0
18.05.2025 18:30;0
18.05.2025 18:45;0
18.05.2025 19:00;0
18.05.2025 19:15;0
18.05.2025 19:30;0
18.05.2025 19:45;0,28
18.05.2025 20:00;0,04
18.05.2025 20:15;2,26
18.05.2025 20:30;2,14
18.05.2025 20:45;6,02
18.05.2025 21:00;4,16
18.05.2025 21:15;4,16
18.05.2025 21:30;3,68
18.05.2025 21:45;4,26
18.05.2025 22:00;3,74
18.05.2025 22:15;3,58
18.05.2025 22:30;4,02
18.05.2025 22:45;3,22
18.05.2025 23:00;3,9
18.05.2025 23:15;3,08
18.05.2025 23:30;3,92
18.05.2025 23:45;3,02
19.05.2025 00:00;3,96
19.05.2025 00:15;4,28
19.05.2025 00:30;6,3
19.05.2025 00:45;3,16
19.05.2025 01:00;4,06
19.05.2025 01:15;3,18
19.05.2025 01:30;5,62
19.05.2025 01:45;4,86
19.05.2025 02:00;4,12
19.05.2025 02:15;3,18
19.05.2025 02:30;3,88
19.05.2025 02:45;3,56
19.05.2025 03:00;3,46
19.05.2025 03:15;3,84
19.05.2025 03:30;3,76
19.05.2025 03:45;5,14
19.05.2025 04:00;6,48
19.05.2025 04:15;3,96
19.05.2025 04:30;3,22
19.05.2025 04:45;7,28
19.05.2025 05:00;8,02
19.05.2025 05:15;10,08
19.05.2025 05:30;25,68
19.05.2025 05:45;47,88
19.05.2025 06:00;48,36
19.05.2025 06:15;49,88
19.05.2025 06:30;51,58
19.05.2025 06:45;43,2
19.05.2025 07:00;38,28
19.05.2025 07:15;35,82
19.05.2025 07:30;37,28
19.05.2025 07:45;29,36
19.05.2025 08:00;14,3
19.05.2025 08:15;29,82
19.05.2025 08:30;30,12
19.05.2025 08:45;20,14
19.05.2025 09:00;0,06
19.05.2025 09:15;2,62
19.05.2025 09:30;12,98
19.05.2025 09:45;15,44
19.05.2025 10:00;13,64
19.05.2025 10:15;8,02
19.05.2025 10:30;4,64
19.05.2025 10:45;0,24
19.05.2025 11:00;2,66
19.05.2025 11:15;0,68
19.05.2025 11:30;31,06
19.05.2025 11:45;8,64
19.05.2025 12:00;9,44
19.05.2025 12:15;31,18
19.05.2025 12:30;36,6
19.05.2025 12:45;18,42
19.05.2025 13:00;5,4
19.05.2025 13:15;44,54
19.05.2025 13:30;7,2
19.05.2025 13:45;0
19.05.2025 14:00;19,48
19.05.2025 14:15;47,04
19.05.2025 14:30;44,82
19.05.2025 14:45;0
19.05.2025 15:00;24,02
19.05.2025 15:15;12,24
19.05.2025 15:30;16,58
19.05.2025 15:45;12,88
19.05.2025 16:00;16,08
19.05.2025 16:15;40,8
19.05.2025 16:30;30,74
19.05.2025 16:45;27,62
19.05.2025 17:00;34,78
19.05.2025 17:15;33,58
19.05.2025 17:30;54,96
19.05.2025 17:45;42,92
19.05.2025 18:00;24,92
19.05.2025 18:15;41,6
19.05.2025 18:30;67,04
19.05.2025 18:45;64,6
19.05.2025 19:00;46,84
19.05.2025 19:15;49,12
19.05.2025 19:30;55,74
19.05.2025 19:45;60,4
19.05.2025 20:00;52,56
19.05.2025 20:15;66,74
19.05.2025 20:30;67,68
19.05.2025 20:45;67
19.05.2025 21:00;51,42
19.05.2025 21:15;50,16
19.05.2025 21:30;54,44
19.05.2025 21:45;53,64
19.05.2025 22:00;48,08
19.05.2025 22:15;41,16
19.05.2025 22:30;21,78
19.05.2025 22:45;25,96
19.05.2025 23:00;21,78
19.05.2025 23:15;19,72
19.05.2025 23:30;24,28
19.05.2025 23:45;18,58
20.05.2025 00:00;17,78
20.05.2025 00:15;15,6
20.05.2025 00:30;13,98
20.05.2025 00:45;15,18
20.05.2025 01:00;17,04
20.05.2025 01:15;13,14
20.05.2025 01:30;15,02
20.05.2025 01:45;16,92
20.05.2025 02:00;14,76
20.05.2025 02:15;13,16
20.05.2025 02:30;17,76
20.05.2025 02:45;12,62
20.05.2025 03:00;13,66
20.05.2025 03:15;15,28
20.05.2025 03:30;14,54
20.05.2025 03:45;12,08
20.05.2025 04:00;16,16
20.05.2025 04:15;14,84
20.05.2025 04:30;13,86
20.05.2025 04:45;16,82
20.05.2025 05:00;20,26
20.05.2025 05:15;19,26
20.05.2025 05:30;34,9
20.05.2025 05:45;46,68
20.05.2025 06:00;46,2
20.05.2025 06:15;46,72
20.05.2025 06:30;36,34
20.05.2025 06:45;37,38
20.05.2025 07:00;26,52
20.05.2025 07:15;21,4
20.05.2025 07:30;34,42
20.05.2025 07:45;24,18
20.05.2025 08:00;21,48
20.05.2025 08:15;19,2
20.05.2025 08:30;8,2
20.05.2025 08:45;4,06
20.05.2025 09:00;0,08
20.05.2025 09:15;0,22
20.05.2025 09:30;5,1
20.05.2025 09:45;6,78
20.05.2025 10:00;3,76
20.05.2025 10:15;7,92
20.05.2025 10:30;1,86
20.05.2025 10:45;1,22
20.05.2025 11:00;0,02
20.05.2025 11:15;37,14
20.05.2025 11:30;47,2
20.05.2025 11:45;45,18
20.05.2025 12:00;31,26
20.05.2025 12:15;38,3
20.05.2025 12:30;49,08
20.05.2025 12:45;46,4
20.05.2025 13:00;47,82
20.05.2025 13:15;50,92
20.05.2025 13:30;49,02
20.05.2025 13:45;52,82
20.05.2025 14:00;57,02
20.05.2025 14:15;64,2
20.05.2025 14:30;64,3
20.05.2025 14:45;50,08
20.05.2025 15:00;61,6
20.05.2025 15:15;59,26
20.05.2025 15:30;61,88
20.05.2025 15:45;70,84
20.05.2025 16:00;47,72
20.05.2025 16:15;12,44
20.05.2025 16:30;33,9
20.05.2025 16:45;45,9
20.05.2025 17:00;50,1
20.05.2025 17:15;24,48
20.05.2025 17:30;52,2
20.05.2025 17:45;31,64
20.05.2025 18:00;30,9
20.05.2025 18:15;32,88
20.05.2025 18:30;41,64
20.05.2025 18:45;32,12
20.05.2025 19:00;53,74
20.05.2025 19:15;56,66
20.05.2025 19:30;49,6
20.05.2025 19:45;51,56
20.05.2025 20:00;51,38
20.05.2025 20:15;54,88
20.05.2025 20:30;62,26
20.05.2025 20:45;62
20.05.2025 21:00;61,94
20.05.2025 21:15;55,12
20.05.2025 21:30;56,18
20.05.2025 21:45;48,32
20.05.2025 22:00;37,44
20.05.2025 22:15;31,86
20.05.2025 22:30;21,52
20.05.2025 22:45;15,9
20.05.2025 23:00;12,9
20.05.2025 23:15;10,22
20.05.2025 23:30;9,8
20.05.2025 23:45;8,84
21.05.2025 00:00;9,64
21.05.2025 00:15;9,38
21.05.2025 00:30;9,42
21.05.2025 00:45;8,96
21.05.2025 01:00;8,64
21.05.2025 01:15;8,86
21.05.2025 01:30;8,58
21.05.2025 01:45;8,48
21.05.2025 02:00;8,94
21.05.2025 02:15;9,36
21.05.2025 02:30;7,9
21.05.2025 02:45;7,48
21.05.2025 03:00;7,22
21.05.2025 03:15;6,62
21.05.2025 03:30;7,5
21.05.2025 03:45;6,54
21.05.2025 04:00;5,44
21.05.2025 04:15;4,8
21.05.2025 04:30;4,94
21.05.2025 04:45;8,9
21.05.2025 05:00;13,36
21.05.2025 05:15;12,48
21.05.2025 05:30;32,28
21.05.2025 05:45;49,62
21.05.2025 06:00;45,64
21.05.2025 06:15;40,88
21.05.2025 06:30;34,3
21.05.2025 06:45;32,8
21.05.2025 07:00;30,44
21.05.2025 07:15;20,34
21.05.2025 07:30;25,56
21.05.2025 07:45;33,54
21.05.2025 08:00;23,68
21.05.2025 08:15;28,8
21.05.2025 08:30;5,42
21.05.2025 08:45;18,98
21.05.2025 09:00;1,98
21.05.2025 09:15;10,18
21.05.2025 09:30;24,66
21.05.2025 09:45;13,58
21.05.2025 10:00;7,46
21.05.2025 10:15;8,16
21.05.2025 10:30;6,88
21.05.2025 10:45;8,12
21.05.2025 11:00;14,52
21.05.2025 11:15;12,04
21.05.2025 11:30;2,54
21.05.2025 11:45;2,22
21.05.2025 12:00;3,16
21.05.2025 12:15;9,16
21.05.2025 12:30;7,38
21.05.2025 12:45;5,18
21.05.2025 13:00;0,18
21.05.2025 13:15;2,54
21.05.2025 13:30;12,5
21.05.2025 13:45;1,36
21.05.2025 14:00;9,82
21.05.2025 14:15;26,54
21.05.2025 14:30;36,56
21.05.2025 14:45;52,26
21.05.2025 15:00;42,66
21.05.2025 15:15;19,44
21.05.2025 15:30;26,52
21.05.2025 15:45;42,72
21.05.2025 16:00;-56,12
21.05.2025 16:15;73,34
21.05.2025 16:30;80,86
21.05.2025 16:45;79
21.05.2025 17:00;56,9
21.05.2025 17:15;72,1
21.05.2025 17:30;78,66
21.05.2025 17:45;84,3
21.05.2025 18:00;64,82
21.05.2025 18:15;60,04
21.05.2025 18:30;64,42
21.05.2025 18:45;62,66
21.05.2025 19:00;61,24
21.05.2025 19:15;59,56
21.05.2025 19:30;61,88
21.05.2025 19:45;63,32
21.05.2025 20:00;64,28
21.05.2025 20:15;69,48
21.05.2025 20:30;71,84
21.05.2025 20:45;56,44
21.05.2025 21:00;55,26
21.05.2025 21:15;55,12
21.05.2025 21:30;54,56
21.05.2025 21:45;54,32
21.05.2025 22:00;52,18
21.05.2025 22:15;47,1
21.05.2025 22:30;42,76
21.05.2025 22:45;40,24
21.05.2025 23:00;29,52
21.05.2025 23:15;27,04
21.05.2025 23:30;22,88
21.05.2025 23:45;23,88
22.05.2025 00:00;27,76
22.05.2025 00:15;23,2
22.05.2025 00:30;22,98
22.05.2025 00:45;26,06
22.05.2025 01:00;22,76
22.05.2025 01:15;23,12
22.05.2025 01:30;27,82
22.05.2025 01:45;22,8
22.05.2025 02:00;22,82
22.05.2025 02:15;20,64
22.05.2025 02:30;15,02
22.05.2025 02:45;15,96
22.05.2025 03:00;19,52
22.05.2025 03:15;16,92
22.05.2025 03:30;14,96
22.05.2025 03:45;18,12
22.05.2025 04:00;15,86
22.05.2025 04:15;14,78
22.05.2025 04:30;15,16
22.05.2025 04:45;20,94
22.05.2025 05:00;19,02
22.05.2025 05:15;22,6
22.05.2025 05:30;43,76
22.05.2025 05:45;55,92
22.05.2025 06:00;55,54
22.05.2025 06:15;53
22.05.2025 06:30;58,7
22.05.2025 06:45;71,64
22.05.2025 07:00;70,2
22.05.2025 07:15;74,06
22.05.2025 07:30;67,04
22.05.2025 07:45;54,82
22.05.2025 08:00;53,86
22.05.2025 08:15;49,2
22.05.2025 08:30;65,8
22.05.2025 08:45;61,62
22.05.2025 09:00;42,96
22.05.2025 09:15;46,2
22.05.2025 09:30;50,26
22.05.2025 09:45;48
22.05.2025 10:00;41,88
22.05.2025 10:15;43,26
22.05.2025 10:30;43,32
22.05.2025 10:45;32,04
22.05.2025 11:00;35,58
22.05.2025 11:15;52,08
22.05.2025 11:30;51,18
22.05.2025 11:45;60,24
22.05.2025 12:00;46,32
22.05.2025 12:15;38,78
22.05.2025 12:30;47
22.05.2025 12:45;48,78
22.05.2025 13:00;54,7
22.05.2025 13:15;56,78
22.05.2025 13:30;62,48
22.05.2025 13:45;53,02
22.05.2025 14:00;45,46
22.05.2025 14:15;51,42
22.05.2025 14:30;53,2
22.05.2025 14:45;57
22.05.2025 15:00;39,68
22.05.2025 15:15;28,04
22.05.2025 15:30;24,08
22.05.2025 15:45;28,78
22.05.2025 16:00;14,82
22.05.2025 16:15;20,72
22.05.2025 16:30;34,72
22.05.2025 16:45;33,54
22.05.2025 17:00;31,78
22.05.2025 17:15;15,22
22.05.2025 17:30;27,4
22.05.2025 17:45;36,1
22.05.2025 18:00;53,46
22.05.2025 18:15;66,14
22.05.2025 18:30;61,84
22.05.2025 18:45;73,96
22.05.2025 19:00;75
22.05.2025 19:15;69,66
22.05.2025 19:30;76,96
22.05.2025 19:45;77,86
22.05.2025 20:00;79,32
22.05.2025 20:15;69,2
22.05.2025 20:30;72,12
22.05.2025 20:45;77,26
22.05.2025 21:00;78,48
22.05.2025 21:15;78,52
22.05.2025 21:30;82,3
22.05.2025 21:45;63,06
22.05.2025 22:00;61,02
22.05.2025 22:15;52,9
22.05.2025 22:30;38,8
22.05.2025 22:45;34,88
22.05.2025 23:00;34,46
22.05.2025 23:15;32,24
22.05.2025 23:30;30,42
22.05.2025 23:45;28,76
23.05.2025 00:00;31,12
23.05.2025 00:15;33,08
23.05.2025 00:30;30,4
23.05.2025 00:45;29,38
23.05.2025 01:00;32,4
23.05.2025 01:15;31,16
23.05.2025 01:30;18,3
23.05.2025 01:45;15,08
23.05.2025 02:00;19,54
23.05.2025 02:15;15,5
23.05.2025 02:30;15,36
23.05.2025 02:45;18,84
23.05.2025 03:00;16,1
23.05.2025 03:15;15,68
23.05.2025 03:30;16,9
23.05.2025 03:45;15,92
23.05.2025 04:00;14,62
23.05.2025 04:15;16,5
23.05.2025 04:30;18,64
23.05.2025 04:45;16,94
23.05.2025 05:00;18,52
23.05.2025 05:15;25,64
23.05.2025 05:30;28,5
23.05.2025 05:45;40,72
23.05.2025 06:00;41,3
23.05.2025 06:15;40,96
23.05.2025 06:30;42,6
23.05.2025 06:45;47,74
23.05.2025 07:00;50,68
23.05.2025 07:15;43,8
23.05.2025 07:30;43,08
23.05.2025 07:45;44,62
23.05.2025 08:00;37,58
23.05.2025 08:15;35,02
23.05.2025 08:30;28
23.05.2025 08:45;20,14
23.05.2025 09:00;6,86
23.05.2025 09:15;13,14
23.05.2025 09:30;17,88
23.05.2025 09:45;20,08
23.05.2025 10:00;11,98
23.05.2025 10:15;27,48
23.05.2025 10:30;45,16
23.05.2025 10:45;34,16
23.05.2025 11:00;37,02
23.05.2025 11:15;20,74
23.05.2025 11:30;28,08
23.05.2025 11:45;14,2
23.05.2025 12:00;0,68
23.05.2025 12:15;13,38
23.05.2025 12:30;27,82
23.05.2025 12:45;21,36
23.05.2025 13:00;22,66
23.05.2025 13:15;30,32
23.05.2025 13:30;33,94
23.05.2025 13:45;24,82
23.05.2025 14:00;36
23.05.2025 14:15;40,68
23.05.2025 14:30;50,56
23.05.2025 14:45;44,16
23.05.2025 15:00;41,4
23.05.2025 15:15;24,6
23.05.2025 15:30;24,24
23.05.2025 15:45;12,3
23.05.2025 16:00;11,84
23.05.2025 16:15;21
23.05.2025 16:30;26,42
23.05.2025 16:45;21,14
23.05.2025 17:00;22,38
23.05.2025 17:15;37,52
23.05.2025 17:30;63,72
23.05.2025 17:45;60,1
23.05.2025 18:00;62,22
23.05.2025 18:15;48
23.05.2025 18:30;66,7
23.05.2025 18:45;68,24
23.05.2025 19:00;64,5
23.05.2025 19:15;56,96
23.05.2025 19:30;55,88
23.05.2025 19:45;69,46
23.05.2025 20:00;63,3
23.05.2025 20:15;67,44
23.05.2025 20:30;53,22
23.05.2025 20:45;37,98
23.05.2025 21:00;39,72
23.05.2025 21:15;40,88
23.05.2025 21:30;40,24
23.05.2025 21:45;30,04
23.05.2025 22:00;36
23.05.2025 22:15;34,1
23.05.2025 22:30;24,56
23.05.2025 22:45;27,4
23.05.2025 23:00;29,28
23.05.2025 23:15;24,88
23.05.2025 23:30;26,58
23.05.2025 23:45;27,8
24.05.2025 00:00;23,56
24.05.2025 00:15;24,8
24.05.2025 00:30;26,36
24.05.2025 00:45;21,02
24.05.2025 01:00;24,68
24.05.2025 01:15;25,62
24.05.2025 01:30;14,72
24.05.2025 01:45;8,34
24.05.2025 02:00;11,34
24.05.2025 02:15;8,32
24.05.2025 02:30;7
24.05.2025 02:45;7,7
24.05.2025 03:00;7,68
24.05.2025 03:15;6,48
24.05.2025 03:30;6,98
24.05.2025 03:45;6,22
24.05.2025 04:00;6,84
24.05.2025 04:15;7
24.05.2025 04:30;6,22
24.05.2025 04:45;5,16
24.05.2025 05:00;4,42
24.05.2025 05:15;3,3
24.05.2025 05:30;5,58
24.05.2025 05:45;2,44
24.05.2025 06:00;3,58
24.05.2025 06:15;0,84
24.05.2025 06:30;0
24.05.2025 06:45;0
24.05.2025 07:00;0
24.05.2025 07:15;0
24.05.2025 07:30;0
24.05.2025 07:45;0
24.05.2025 08:00;0
24.05.2025 08:15;0
24.05.2025 08:30;0
24.05.2025 08:45;0
24.05.2025 09:00;0
24.05.2025 09:15;0
24.05.2025 09:30;0
24.05.2025 09:45;0
24.05.2025 10:00;0
24.05.2025 10:15;0
24.05.2025 10:30;0
24.05.2025 10:45;0
24.05.2025 11:00;0
24.05.2025 11:15;0
24.05.2025 11:30;0
24.05.2025 11:45;0
24.05.2025 12:00;0
24.05.2025 12:15;0
24.05.2025 12:30;0
24.05.2025 12:45;0
24.05.2025 13:00;0
24.05.2025 13:15;0
24.05.2025 13:30;0
24.05.2025 13:45;0
24.05.2025 14:00;0
24.05.2025 14:15;0
24.05.2025 14:30;0
24.05.2025 14:45;0
24.05.2025 15:00;0
24.05.2025 15:15;0
24.05.2025 15:30;0
24.05.2025 15:45;0
24.05.2025 16:00;0
24.05.2025 16:15;0
24.05.2025 16:30;0
24.05.2025 16:45;0
24.05.2025 17:00;0
24.05.2025 17:15;0
24.05.2025 17:30;0
24.05.2025 17:45;0
24.05.2025 18:00;0
24.05.2025 18:15;0
24.05.2025 18:30;0
24.05.2025 18:45;0
24.05.2025 19:00;0,14
24.05.2025 19:15;0
24.05.2025 19:30;0,18
24.05.2025 19:45;0,04
24.05.2025 20:00;0,2
24.05.2025 20:15;1,16
24.05.2025 20:30;2,28
24.05.2025 20:45;3,92
24.05.2025 21:00;3,82
24.05.2025 21:15;3,98
24.05.2025 21:30;4,78
24.05.2025 21:45;4,26
24.05.2025 22:00;7,16
24.05.2025 22:15;5,64
24.05.2025 22:30;4,76
24.05.2025 22:45;4,7
24.05.2025 23:00;3,8
24.05.2025 23:15;4,6
24.05.2025 23:30;4,5
24.05.2025 23:45;3,74
25.05.2025 00:00;4,68
25.05.2025 00:15;4,1
25.05.2025 00:30;8,42
25.05.2025 00:45;4,9
25.05.2025 01:00;4,18
25.05.2025 01:15;4,8
25.05.2025 01:30;4,14
25.05.2025 01:45;4,2
25.05.2025 02:00;4,6
25.05.2025 02:15;3,7
25.05.2025 02:30;4,58
25.05.2025 02:45;4,64
25.05.2025 03:00;3,84
25.05.2025 03:15;4,68
25.05.2025 03:30;4,88
25.05.2025 03:45;6,98
25.05.2025 04:00;4,74
25.05.2025 04:15;3,6
25.05.2025 04:30;4,48
25.05.2025 04:45;4,52
25.05.2025 05:00;6,34
25.05.2025 05:15;5,58
25.05.2025 05:30;3,26
25.05.2025 05:45;3,72
25.05.2025 06:00;2,16
25.05.2025 06:15;6,52
25.05.2025 06:30;2,86
25.05.2025 06:45;0,78
25.05.2025 07:00;0,86
25.05.2025 07:15;0,36
25.05.2025 07:30;0,3
25.05.2025 07:45;0,02
25.05.2025 08:00;0
25.05.2025 08:15;0,22
25.05.2025 08:30;0
25.05.2025 08:45;0
25.05.2025 09:00;0
25.05.2025 09:15;0
25.05.2025 09:30;0
25.05.2025 09:45;0
25.05.2025 10:00;0
25.05.2025 10:15;0
25.05.2025 10:30;0
25.05.2025 10:45;0
25.05.2025 11:00;0
25.05.2025 11:15;0
25.05.2025 11:30;0
25.05.2025 11:45;0
25.05.2025 12:00;0
25.05.2025 12:15;0
25.05.2025 12:30;0
25.05.2025 12:45;0
25.05.2025 13:00;0
25.05.2025 13:15;0
25.05.2025 13:30;0
25.05.2025 13:45;0
25.05.2025 14:00;0
25.05.2025 14:15;0
25.05.2025 14:30;0
25.05.2025 14:45;0
25.05.2025 15:00;0
25.05.2025 15:15;0
25.05.2025 15:30;0
25.05.2025 15:45;0
25.05.2025 16:00;0,02
25.05.2025 16:15;0
25.05.2025 16:30;0
25.05.2025 16:45;0
25.05.2025 17:00;0
25.05.2025 17:15;1,08
25.05.2025 17:30;0,02
25.05.2025 17:45;0
25.05.2025 18:00;0
25.05.2025 18:15;0
25.05.2025 18:30;0,4
25.05.2025 18:45;0,32
25.05.2025 19:00;0
25.05.2025 19:15;0
25.05.2025 19:30;0
25.05.2025 19:45;0,46
25.05.2025 20:00;2,78
25.05.2025 20:15;2,46
25.05.2025 20:30;3,2
25.05.2025 20:45;3,68
25.05.2025 21:00;4,38
25.05.2025 21:15;4,64
25.05.2025 21:30;7,78
25.05.2025 21:45;5,8
25.05.2025 22:00;4,38
25.05.2025 22:15;4,08
25.05.2025 22:30;4,68
25.05.2025 22:45;3,78
25.05.2025 23:00;4,64
25.05.2025 23:15;4,46
25.05.2025 23:30;3,8
25.05.2025 23:45;4,56
26.05.2025 00:00;3,66
26.05.2025 00:15;4,6
26.05.2025 00:30;7,48
26.05.2025 00:45;3,72
26.05.2025 01:00;4,46
26.05.2025 01:15;3,96
26.05.2025 01:30;4,16
26.05.2025 01:45;4,38
26.05.2025 02:00;3,6
26.05.2025 02:15;4,46
26.05.2025 02:30;4,58
26.05.2025 02:45;5,8
26.05.2025 03:00;5,92
26.05.2025 03:15;3,74
26.05.2025 03:30;4,66
26.05.2025 03:45;4,66
26.05.2025 04:00;3,62
26.05.2025 04:15;4,46
26.05.2025 04:30;3,94
26.05.2025 04:45;4,36
26.05.2025 05:00;7,74
26.05.2025 05:15;11,32
26.05.2025 05:30;32,84
26.05.2025 05:45;45,14
26.05.2025 06:00;48,32
26.05.2025 06:15;47,5
26.05.2025 06:30;45,2
26.05.2025 06:45;49,92
26.05.2025 07:00;44,48
26.05.2025 07:15;34,28
26.05.2025 07:30;42,98
26.05.2025 07:45;41,84
26.05.2025 08:00;45,96
26.05.2025 08:15;53,48
26.05.2025 08:30;50,8
26.05.2025 08:45;42
26.05.2025 09:00;37,52
26.05.2025 09:15;31,8
26.05.2025 09:30;12,1
26.05.2025 09:45;14,56
26.05.2025 10:00;18,96
26.05.2025 10:15;15,24
26.05.2025 10:30;9,72
26.05.2025 10:45;11,06
26.05.2025 11:00;5,58
26.05.2025 11:15;5,94
26.05.2025 11:30;5,7
26.05.2025 11:45;9,68
26.05.2025 12:00;6,78
26.05.2025 12:15;20,28
26.05.2025 12:30;6,38
26.05.2025 12:45;19,54
26.05.2025 13:00;10,98
26.05.2025 13:15;17,24
26.05.2025 13:30;19,04
26.05.2025 13:45;24,58
26.05.2025 14:00;31,84
26.05.2025 14:15;29,32
26.05.2025 14:30;16,48
26.05.2025 14:45;11,14
26.05.2025 15:00;9,14
26.05.2025 15:15;9,78
26.05.2025 15:30;6,7
26.05.2025 15:45;10,1
26.05.2025 16:00;12,58
26.05.2025 16:15;9,56
26.05.2025 16:30;30,58
26.05.2025 16:45;33,82
26.05.2025 17:00;6,66
26.05.2025 17:15;11,9
26.05.2025 17:30;23,76
26.05.2025 17:45;42,5
26.05.2025 18:00;68,5
26.05.2025 18:15;68,4
26.05.2025 18:30;71,5
26.05.2025 18:45;65,86
26.05.2025 19:00;69,22
26.05.2025 19:15;75,82
26.05.2025 19:30;84,3
26.05.2025 19:45;83,34
26.05.2025 20:00;73,8
26.05.2025 20:15;80,28
26.05.2025 20:30;85,38
26.05.2025 20:45;79,82
26.05.2025 21:00;72,3
26.05.2025 21:15;78,42
26.05.2025 21:30;83,46
26.05.2025 21:45;75,26
26.05.2025 22:00;81,54
26.05.2025 22:15;70,84
26.05.2025 22:30;58,8
26.05.2025 22:45;39,48
26.05.2025 23:00;33,58
26.05.2025 23:15;31,38
26.05.2025 23:30;27,94
26.05.2025 23:45;28,5
27.05.2025 00:00;18,42
27.05.2025 00:15;10,94
27.05.2025 00:30;11,38
27.05.2025 00:45;10,38
27.05.2025 01:00;9,54
27.05.2025 01:15;9,9
27.05.2025 01:30;11,48
27.05.2025 01:45;9,32
27.05.2025 02:00;8,6
27.05.2025 02:15;9,76
27.05.2025 02:30;8,6
27.05.2025 02:45;9,3
27.05.2025 03:00;8,5
27.05.2025 03:15;9,04
27.05.2025 03:30;8,54
27.05.2025 03:45;11,04
27.05.2025 04:00;8,6
27.05.2025 04:15;8,36
27.05.2025 04:30;8,26
27.05.2025 04:45;7,44
27.05.2025 05:00;9,9
27.05.2025 05:15;11,86
27.05.2025 05:30;22,58
27.05.2025 05:45;49,66
27.05.2025 06:00;53,04
27.05.2025 06:15;53,62
27.05.2025 06:30;71,04
27.05.2025 06:45;65,9
27.05.2025 07:00;47,7
27.05.2025 07:15;42,14
27.05.2025 07:30;39,82
27.05.2025 07:45;35,02
27.05.2025 08:00;47,6
27.05.2025 08:15;44,42
27.05.2025 08:30;53,74
27.05.2025 08:45;47,34
27.05.2025 09:00;28,3
27.05.2025 09:15;34,56
27.05.2025 09:30;34
27.05.2025 09:45;44,56
27.05.2025 10:00;36,9
27.05.2025 10:15;46,66
27.05.2025 10:30;62,7
27.05.2025 10:45;72,74
27.05.2025 11:00;56,34
27.05.2025 11:15;74,38
27.05.2025 11:30;43,46
27.05.2025 11:45;57,62
27.05.2025 12:00;73,22
27.05.2025 12:15;75,06
27.05.2025 12:30;87,68
27.05.2025 12:45;58,3
27.05.2025 13:00;53,6
27.05.2025 13:15;35,26
27.05.2025 13:30;45,46
27.05.2025 13:45;63,76
27.05.2025 14:00;58,98
27.05.2025 14:15;47,32
27.05.2025 14:30;69,94
27.05.2025 14:45;63,52
27.05.2025 15:00;65,16
27.05.2025 15:15;70,44
27.05.2025 15:30;73,46
27.05.2025 15:45;74,76
27.05.2025 16:00;75,16
27.05.2025 16:15;70,16
27.05.2025 16:30;48,38
27.05.2025 16:45;50,46
27.05.2025 17:00;41,42
27.05.2025 17:15;42,12
27.05.2025 17:30;50,48
27.05.2025 17:45;42,1
27.05.2025 18:00;59,54
27.05.2025 18:15;69,88
27.05.2025 18:30;63,4
27.05.2025 18:45;64,5
27.05.2025 19:00;57,14
27.05.2025 19:15;59,38
27.05.2025 19:30;51,06
27.05.2025 19:45;57
27.05.2025 20:00;41,46
27.05.2025 20:15;60,68
27.05.2025 20:30;62,7
27.05.2025 20:45;65,56
27.05.2025 21:00;68,32
27.05.2025 21:15;67,48
27.05.2025 21:30;67,18
27.05.2025 21:45;51,04
27.05.2025 22:00;48,7
27.05.2025 22:15;34,2
27.05.2025 22:30;14,6
27.05.2025 22:45;13,16
27.05.2025 23:00;12,44
27.05.2025 23:15;12,4
27.05.2025 23:30;12,04
27.05.2025 23:45;12,94
28.05.2025 00:00;14,04
28.05.2025 00:15;11,22
28.05.2025 00:30;11,1
28.05.2025 00:45;9,76
28.05.2025 01:00;9,38
28.05.2025 01:15;9,3
28.05.2025 01:30;9,46
28.05.2025 01:45;9,36
28.05.2025 02:00;9,3
28.05.2025 02:15;11,22
28.05.2025 02:30;8,74
28.05.2025 02:45;8,72
28.05.2025 03:00;7,46
28.05.2025 03:15;6,5
28.05.2025 03:30;6,26
28.05.2025 03:45;6,04
28.05.2025 04:00;6,24
28.05.2025 04:15;5,82
28.05.2025 04:30;5,7
28.05.2025 04:45;8,68
28.05.2025 05:00;8,92
28.05.2025 05:15;11,08
28.05.2025 05:30;21,56
28.05.2025 05:45;39,58
28.05.2025 06:00;38,2
28.05.2025 06:15;34,1
28.05.2025 06:30;49,48
28.05.2025 06:45;39,72
28.05.2025 07:00;34,44
28.05.2025 07:15;32,34
28.05.2025 07:30;39,56
28.05.2025 07:45;41,64
28.05.2025 08:00;39,14
28.05.2025 08:15;43,54
28.05.2025 08:30;38,68
28.05.2025 08:45;35,12
28.05.2025 09:00;14,08
28.05.2025 09:15;26,38
28.05.2025 09:30;21,48
28.05.2025 09:45;42,98
28.05.2025 10:00;46,26
28.05.2025 10:15;51,56
28.05.2025 10:30;55,04
28.05.2025 10:45;53,98
28.05.2025 11:00;52,36
28.05.2025 11:15;40,08
28.05.2025 11:30;39,6
28.05.2025 11:45;53,02
28.05.2025 12:00;43,8
28.05.2025 12:15;44,14
28.05.2025 12:30;64,6
28.05.2025 12:45;53,14
28.05.2025 13:00;55,2
28.05.2025 13:15;70,92
28.05.2025 13:30;66,2
28.05.2025 13:45;48,3
28.05.2025 14:00;33,22
28.05.2025 14:15;39
28.05.2025 14:30;22,5
28.05.2025 14:45;35,84
28.05.2025 15:00;43,1
28.05.2025 15:15;50,46
28.05.2025 15:30;53,64
28.05.2025 15:45;53,62
28.05.2025 16:00;39,16
28.05.2025 16:15;46,88
28.05.2025 16:30;46,68
28.05.2025 16:45;56,48
28.05.2025 17:00;47,48
28.05.2025 17:15;53,74
28.05.2025 17:30;62,26
28.05.2025 17:45;67,68
28.05.2025 18:00;67,2
28.05.2025 18:15;73,16
28.05.2025 18:30;56,14
28.05.2025 18:45;38,84
28.05.2025 19:00;33,34
28.05.2025 19:15;23,44
28.05.2025 19:30;17,44
28.05.2025 19:45;11,2
28.05.2025 20:00;9,16
28.05.2025 20:15;16,54
28.05.2025 20:30;20,56
28.05.2025 20:45;19,74
28.05.2025 21:00;13,34
28.05.2025 21:15;15,1
28.05.2025 21:30;18,02
28.05.2025 21:45;16,14
28.05.2025 22:00;14,82
28.05.2025 22:15;13,62
28.05.2025 22:30;9,22
28.05.2025 22:45;8,82
28.05.2025 23:00;8,14
28.05.2025 23:15;6,9
28.05.2025 23:30;7,22
28.05.2025 23:45;9,7
29.05.2025 00:00;5,28
29.05.2025 00:15;5,72
29.05.2025 00:30;5,12
29.05.2025 00:45;5,16
29.05.2025 01:00;5,72
29.05.2025 01:15;4,76
29.05.2025 01:30;5,56
29.05.2025 01:45;5,44
29.05.2025 02:00;7,54
29.05.2025 02:15;5,36
29.05.2025 02:30;4,8
29.05.2025 02:45;4,3
29.05.2025 03:00;4,66
29.05.2025 03:15;3,94
29.05.2025 03:30;4,22
29.05.2025 03:45;4,4
29.05.2025 04:00;3,54
29.05.2025 04:15;5,52
29.05.2025 04:30;5,64
29.05.2025 04:45;4,12
29.05.2025 05:00;5,68
29.05.2025 05:15;4,5
29.05.2025 05:30;3,3
29.05.2025 05:45;2,48
29.05.2025 06:00;0,94
29.05.2025 06:15;0,64
29.05.2025 06:30;0
29.05.2025 06:45;0
29.05.2025 07:00;0,08
29.05.2025 07:15;0
29.05.2025 07:30;0
29.05.2025 07:45;0
29.05.2025 08:00;0
29.05.2025 08:15;0
29.05.2025 08:30;0
29.05.2025 08:45;0
29.05.2025 09:00;0
29.05.2025 09:15;0
29.05.2025 09:30;0
29.05.2025 09:45;0
29.05.2025 10:00;0
29.05.2025 10:15;0
29.05.2025 10:30;0
29.05.2025 10:45;0
29.05.2025 11:00;0
29.05.2025 11:15;0
29.05.2025 11:30;0
29.05.2025 11:45;0
29.05.2025 12:00;0
29.05.2025 12:15;0
29.05.2025 12:30;0
29.05.2025 12:45;0
29.05.2025 13:00;0
29.05.2025 13:15;0
29.05.2025 13:30;0
29.05.2025 13:45;0
29.05.2025 14:00;0
29.05.2025 14:15;0
29.05.2025 14:30;0
29.05.2025 14:45;0
29.05.2025 15:00;0
29.05.2025 15:15;0
29.05.2025 15:30;0
29.05.2025 15:45;0
29.05.2025 16:00;0
29.05.2025 16:15;0
29.05.2025 16:30;0
29.05.2025 16:45;0
29.05.2025 17:00;0
29.05.2025 17:15;0
29.05.2025 17:30;0
29.05.2025 17:45;0
29.05.2025 18:00;1,08
29.05.2025 18:15;0
29.05.2025 18:30;0
29.05.2025 18:45;1,16
29.05.2025 19:00;1,62
29.05.2025 19:15;3,68
29.05.2025 19:30;5,3
29.05.2025 19:45;0,8
29.05.2025 20:00;1,8
29.05.2025 20:15;2,92
29.05.2025 20:30;3,78
29.05.2025 20:45;4,64
29.05.2025 21:00;3,74
29.05.2025 21:15;5,14
29.05.2025 21:30;6,44
29.05.2025 21:45;5,46
29.05.2025 22:00;7,5
29.05.2025 22:15;4,66
29.05.2025 22:30;4,32
29.05.2025 22:45;4,62
29.05.2025 23:00;3,44
29.05.2025 23:15;4,38
29.05.2025 23:30;4,32
29.05.2025 23:45;3,48
30.05.2025 00:00;4,32
30.05.2025 00:15;3,68
30.05.2025 00:30;7,62
30.05.2025 00:45;4,46
30.05.2025 01:00;3,82
30.05.2025 01:15;4,52
30.05.2025 01:30;4,24
30.05.2025 01:45;3,28
30.05.2025 02:00;4,16
30.05.2025 02:15;3,5
30.05.2025 02:30;4,22
30.05.2025 02:45;4,32
30.05.2025 03:00;3,42
30.05.2025 03:15;4,32
30.05.2025 03:30;7,24
30.05.2025 03:45;3,52
30.05.2025 04:00;4,4
30.05.2025 04:15;3,42
30.05.2025 04:30;4,42
30.05.2025 04:45;4,14
30.05.2025 05:00;3,58
30.05.2025 05:15;4,4
30.05.2025 05:30;3,88
30.05.2025 05:45;4,34
30.05.2025 06:00;3,62
30.05.2025 06:15;0
30.05.2025 06:30;0,36
30.05.2025 06:45;0
30.05.2025 07:00;0
30.05.2025 07:15;0
30.05.2025 07:30;0
30.05.2025 07:45;0
30.05.2025 08:00;0
30.05.2025 08:15;0
30.05.2025 08:30;0
30.05.2025 08:45;0
30.05.2025 09:00;0
30.05.2025 09:15;0
30.05.2025 09:30;0
30.05.2025 09:45;0
30.05.2025 10:00;0
30.05.2025 10:15;0
30.05.2025 10:30;0
30.05.2025 10:45;0
30.05.2025 11:00;0
30.05.2025 11:15;0
30.05.2025 11:30;0
30.05.2025 11:45;0
30.05.2025 12:00;0
30.05.2025 12:15;0
30.05.2025 12:30;0
30.05.2025 12:45;0
30.05.2025 13:00;0
30.05.2025 13:15;0
30.05.2025 13:30;0
30.05.2025 13:45;0
30.05.2025 14:00;0
30.05.2025 14:15;0
30.05.2025 14:30;0
30.05.2025 14:45;0
30.05.2025 15:00;0
30.05.2025 15:15;0
30.05.2025 15:30;0
30.05.2025 15:45;0
30.05.2025 16:00;0
30.05.2025 16:15;0
30.05.2025 16:30;0
30.05.2025 16:45;0
30.05.2025 17:00;0
30.05.2025 17:15;0
30.05.2025 17:30;0,18
30.05.2025 17:45;0
30.05.2025 18:00;0
30.05.2025 18:15;0
30.05.2025 18:30;0
30.05.2025 18:45;0
30.05.2025 19:00;0
30.05.2025 19:15;0
30.05.2025 19:30;0,1
30.05.2025 19:45;2,04
30.05.2025 20:00;1,2
30.05.2025 20:15;2,72
30.05.2025 20:30;4,82
30.05.2025 20:45;4,7
30.05.2025 21:00;6,02
30.05.2025 21:15;6,16
30.05.2025 21:30;5,72
30.05.2025 21:45;6,86
30.05.2025 22:00;5,82
30.05.2025 22:15;5,78
30.05.2025 22:30;9,04
30.05.2025 22:45;5,42
30.05.2025 23:00;4,88
30.05.2025 23:15;4,68
30.05.2025 23:30;3,88
30.05.2025 23:45;4,7
31.05.2025 00:00;4,14
31.05.2025 00:15;4,58
31.05.2025 00:30;4,7
31.05.2025 00:45;6,6
31.05.2025 01:00;6,64
31.05.2025 01:15;6,5
31.05.2025 01:30;5,94
31.05.2025 01:45;6,62
31.05.2025 02:00;5,66
31.05.2025 02:15;6,64
31.05.2025 02:30;6,54
31.05.2025 02:45;5,66
31.05.2025 03:00;7,7
31.05.2025 03:15;8,14
31.05.2025 03:30;6,16
31.05.2025 03:45;6,48
31.05.2025 04:00;5,58
31.05.2025 04:15;7,2
31.05.2025 04:30;6,96
31.05.2025 04:45;5,78
31.05.2025 05:00;6,1
31.05.2025 05:15;4,76
31.05.2025 05:30;4,66
31.05.2025 05:45;6,8
31.05.2025 06:00;0
31.05.2025 06:15;0
31.05.2025 06:30;0
31.05.2025 06:45;0
31.05.2025 07:00;0
31.05.2025 07:15;0
31.05.2025 07:30;0
31.05.2025 07:45;0
31.05.2025 08:00;0
31.05.2025 08:15;0
31.05.2025 08:30;0
31.05.2025 08:45;0
31.05.2025 09:00;0
31.05.2025 09:15;0
31.05.2025 09:30;0
31.05.2025 09:45;0
31.05.2025 10:00;0
31.05.2025 10:15;0
31.05.2025 10:30;0
31.05.2025 10:45;0
31.05.2025 11:00;0
31.05.2025 11:15;0
31.05.2025 11:30;0
31.05.2025 11:45;0
31.05.2025 12:00;0
31.05.2025 12:15;0
31.05.2025 12:30;0
31.05.2025 12:45;0
31.05.2025 13:00;0
31.05.2025 13:15;0
31.05.2025 13:30;0
31.05.2025 13:45;0
31.05.2025 14:00;0
31.05.2025 14:15;0
31.05.2025 14:30;0
31.05.2025 14:45;0
31.05.2025 15:00;0
31.05.2025 15:15;0
31.05.2025 15:30;0
31.05.2025 15:45;0
31.05.2025 16:00;0
31.05.2025 16:15;0
31.05.2025 16:30;0
31.05.2025 16:45;0
31.05.2025 17:00;0
31.05.2025 17:15;0
31.05.2025 17:30;0
31.05.2025 17:45;0
31.05.2025 18:00;0
31.05.2025 18:15;0
31.05.2025 18:30;0
31.05.2025 18:45;0
31.05.2025 19:00;0
31.05.2025 19:15;0
31.05.2025 19:30;0,36
31.05.2025 19:45;0
31.05.2025 20:00;0,84
31.05.2025 20:15;1,82
31.05.2025 20:30;2,58
31.05.2025 20:45;4,98
31.05.2025 21:00;5,5
31.05.2025 21:15;4,36
31.05.2025 21:30;4,72
31.05.2025 21:45;4,1
31.05.2025 22:00;4,4
31.05.2025 22:15;3,9
31.05.2025 22:30;3,88
31.05.2025 22:45;4,16
31.05.2025 23:00;4,86
31.05.2025 23:15;5,74
31.05.2025 23:30;4,02
31.05.2025 23:45;3,22
01.06.2025 00:00;4,06
01.06.2025 00:15;3,24
01.06.2025 00:30;4,48
01.06.2025 00:45;5,54
01.06.2025 01:00;5,64
01.06.2025 01:15;6,34
01.06.2025 01:30;5,98
01.06.2025 01:45;7,12
01.06.2025 02:00;8,42
01.06.2025 02:15;5,48
01.06.2025 02:30;6,26
01.06.2025 02:45;6,26
01.06.2025 03:00;5,48
01.06.2025 03:15;6,36
01.06.2025 03:30;5,6
01.06.2025 03:45;6,06
01.06.2025 04:00;6,28
01.06.2025 04:15;5,78
01.06.2025 04:30;6,5
01.06.2025 04:45;9,86
01.06.2025 05:00;6,06
01.06.2025 05:15;6,78
01.06.2025 05:30;5,8
01.06.2025 05:45;6,2
01.06.2025 06:00;3,54
01.06.2025 06:15;2,42
01.06.2025 06:30;2,16
01.06.2025 06:45;0,02
01.06.2025 07:00;0,16
01.06.2025 07:15;0
01.06.2025 07:30;0
01.06.2025 07:45;0,14
01.06.2025 08:00;0
01.06.2025 08:15;0
01.06.2025 08:30;0
01.06.2025 08:45;0
01.06.2025 09:00;0,04
01.06.2025 09:15;0
01.06.2025 09:30;0
01.06.2025 09:45;0
01.06.2025 10:00;0
01.06.2025 10:15;0
01.06.2025 10:30;0
01.06.2025 10:45;0
01.06.2025 11:00;0,22
01.06.2025 11:15;0
01.06.2025 11:30;0
01.06.2025 11:45;0
01.06.2025 12:00;0
01.06.2025 12:15;0
01.06.2025 12:30;0
01.06.2025 12:45;0
01.06.2025 13:00;0
01.06.2025 13:15;0
01.06.2025 13:30;0
01.06.2025 13:45;0
01.06.2025 14:00;0
01.06.2025 14:15;0
01.06.2025 14:30;0
01.06.2025 14:45;0
01.06.2025 15:00;0
01.06.2025 15:15;0
01.06.2025 15:30;0
01.06.2025 15:45;0
01.06.2025 16:00;0
01.06.2025 16:15;0
01.06.2025 16:30;0
01.06.2025 16:45;0
01.06.2025 17:00;0
01.06.2025 17:15;0
01.06.2025 17:30;0
01.06.2025 17:45;0
01.06.2025 18:00;0
01.06.2025 18:15;0
01.06.2025 18:30;0
01.06.2025 18:45;0
01.06.2025 19:00;0,64
01.06.2025 19:15;0,02
01.06.2025 19:30;0,1
01.06.2025 19:45;1,24
01.06.2025 20:00;1,24
01.06.2025 20:15;0,18
01.06.2025 20:30;1,32
01.06.2025 20:45;3,32
01.06.2025 21:00;4,44
01.06.2025 21:15;4,44
01.06.2025 21:30;5,34
01.06.2025 21:45;7,6
01.06.2025 22:00;3,76
01.06.2025 22:15;4,56
01.06.2025 22:30;3,66
01.06.2025 22:45;4,48
01.06.2025 23:00;4,48
01.06.2025 23:15;3,66
01.06.2025 23:30;4,48
01.06.2025 23:45;4,24
02.06.2025 00:00;3,74
02.06.2025 00:15;4,46
02.06.2025 00:30;3,58
02.06.2025 00:45;7,8
02.06.2025 01:00;6,44
02.06.2025 01:15;5,42
02.06.2025 01:30;6,28
02.06.2025 01:45;5,7
02.06.2025 02:00;5,86
02.06.2025 02:15;6,22
02.06.2025 02:30;5,32
02.06.2025 02:45;6,36
02.06.2025 03:00;6,16
02.06.2025 03:15;5,38
02.06.2025 03:30;6,16
02.06.2025 03:45;7,88
02.06.2025 04:00;7,2
02.06.2025 04:15;6,24
02.06.2025 04:30;5,36
02.06.2025 04:45;10,92
02.06.2025 05:00;11,12
02.06.2025 05:15;11,94
02.06.2025 05:30;30,04
02.06.2025 05:45;50,12
02.06.2025 06:00;54,84
02.06.2025 06:15;47,46
02.06.2025 06:30;43,7
02.06.2025 06:45;49,16
02.06.2025 07:00;49,52
02.06.2025 07:15;41,12
02.06.2025 07:30;45,34
02.06.2025 07:45;27,24
02.06.2025 08:00;44,1
02.06.2025 08:15;34,62
02.06.2025 08:30;38,7
02.06.2025 08:45;40,12
02.06.2025 09:00;31,12
02.06.2025 09:15;37,6
02.06.2025 09:30;26,5
02.06.2025 09:45;38,04
02.06.2025 10:00;43,82
02.06.2025 10:15;41,96
02.06.2025 10:30;38,44
02.06.2025 10:45;46,96
02.06.2025 11:00;50,88
02.06.2025 11:15;50,54
02.06.2025 11:30;56,82
02.06.2025 11:45;43,24
02.06.2025 12:00;3,3
02.06.2025 12:15;11,64
02.06.2025 12:30;27,76
02.06.2025 12:45;35,58
02.06.2025 13:00;41,12
02.06.2025 13:15;38,5
02.06.2025 13:30;37,7
02.06.2025 13:45;29
02.06.2025 14:00;20,66
02.06.2025 14:15;21,08
02.06.2025 14:30;6,5
02.06.2025 14:45;16,08
02.06.2025 15:00;26
02.06.2025 15:15;39,6
02.06.2025 15:30;22,98
02.06.2025 15:45;27,78
02.06.2025 16:00;40,94
02.06.2025 16:15;41,54
02.06.2025 16:30;52,64
02.06.2025 16:45;57,4
02.06.2025 17:00;38,06
02.06.2025 17:15;42,98
02.06.2025 17:30;55,7
02.06.2025 17:45;48,46
02.06.2025 18:00;58,3
02.06.2025 18:15;73,36
02.06.2025 18:30;74,02
02.06.2025 18:45;68,24
02.06.2025 19:00;67,26
02.06.2025 19:15;53,06
02.06.2025 19:30;55,82
02.06.2025 19:45;62,4
02.06.2025 20:00;40,2
02.06.2025 20:15;51,34
02.06.2025 20:30;69,74
02.06.2025 20:45;77,74
02.06.2025 21:00;71,98
02.06.2025 21:15;67,12
02.06.2025 21:30;57,22
02.06.2025 21:45;61,88
02.06.2025 22:00;50,1
02.06.2025 22:15;50,78
02.06.2025 22:30;49,92
02.06.2025 22:45;42,72
02.06.2025 23:00;34,36
02.06.2025 23:15;32,9
02.06.2025 23:30;31,48
02.06.2025 23:45;20,5
03.06.2025 00:00;17,3
03.06.2025 00:15;17,64
03.06.2025 00:30;22,22
03.06.2025 00:45;16,98
03.06.2025 01:00;18,62
03.06.2025 01:15;21,2
03.06.2025 01:30;16,92
03.06.2025 01:45;16,62
03.06.2025 02:00;19,38
03.06.2025 02:15;16,88
03.06.2025 02:30;16,02
03.06.2025 02:45;18,36
03.06.2025 03:00;19,08
03.06.2025 03:15;15,76
03.06.2025 03:30;16,44
03.06.2025 03:45;19,66
03.06.2025 04:00;15,3
03.06.2025 04:15;15,56
03.06.2025 04:30;17,1
03.06.2025 04:45;21,54
03.06.2025 05:00;19,78
03.06.2025 05:15;23,08
03.06.2025 05:30;36,42
03.06.2025 05:45;36,88
03.06.2025 06:00;54,28
03.06.2025 06:15;53,48
03.06.2025 06:30;61,6
03.06.2025 06:45;71,94
03.06.2025 07:00;69,32
03.06.2025 07:15;65,12
03.06.2025 07:30;66,04
03.06.2025 07:45;62,96
03.06.2025 08:00;62,78
03.06.2025 08:15;70,64
03.06.2025 08:30;64,84
03.06.2025 08:45;62,14
03.06.2025 09:00;42,74
03.06.2025 09:15;50,24
03.06.2025 09:30;54,26
03.06.2025 09:45;66,96
03.06.2025 10:00;59,18
03.06.2025 10:15;45,96
03.06.2025 10:30;58,04
03.06.2025 10:45;49
03.06.2025 11:00;30,06
03.06.2025 11:15;23,36
03.06.2025 11:30;17,66
03.06.2025 11:45;10,72
03.06.2025 12:00;1,52
03.06.2025 12:15;5,8
03.06.2025 12:30;19,04
03.06.2025 12:45;20
03.06.2025 13:00;11,74
03.06.2025 13:15;28,24
03.06.2025 13:30;34,58
03.06.2025 13:45;32,94
03.06.2025 14:00;8,9
03.06.2025 14:15;30,9
03.06.2025 14:30;41,64
03.06.2025 14:45;42,4
03.06.2025 15:00;28,64
03.06.2025 15:15;17,88
03.06.2025 15:30;28,76
03.06.2025 15:45;41,28
03.06.2025 16:00;42,8
03.06.2025 16:15;40,76
03.06.2025 16:30;53,06
03.06.2025 16:45;52,42
03.06.2025 17:00;35,62
03.06.2025 17:15;20,62
03.06.2025 17:30;13,36
03.06.2025 17:45;24,54
03.06.2025 18:00;35,54
03.06.2025 18:15;44,46
03.06.2025 18:30;57,9
03.06.2025 18:45;67,42
03.06.2025 19:00;72,16
03.06.2025 19:15;67,7
03.06.2025 19:30;58,92
03.06.2025 19:45;53,26
03.06.2025 20:00;39,12
03.06.2025 20:15;53,42
03.06.2025 20:30;52,96
03.06.2025 20:45;60,44
03.06.2025 21:00;58,82
03.06.2025 21:15;71,82
03.06.2025 21:30;73,38
03.06.2025 21:45;67,76
03.06.2025 22:00;65,5
03.06.2025 22:15;61,82
03.06.2025 22:30;65,76
03.06.2025 22:45;54,52
03.06.2025 23:00;36,46
03.06.2025 23:15;22,64
03.06.2025 23:30;17,24
03.06.2025 23:45;16,42
04.06.2025 00:00;16,34
04.06.2025 00:15;15,78
04.06.2025 00:30;17,26
04.06.2025 00:45;15,08
04.06.2025 01:00;15,66
04.06.2025 01:15;15,62
04.06.2025 01:30;16,12
04.06.2025 01:45;15,32
04.06.2025 02:00;19,08
04.06.2025 02:15;15,74
04.06.2025 02:30;14,48
04.06.2025 02:45;15,38
04.06.2025 03:00;14,78
04.06.2025 03:15;14,22
04.06.2025 03:30;17,58
04.06.2025 03:45;16,56
04.06.2025 04:00;13,92
04.06.2025 04:15;14,3
04.06.2025 04:30;13,48
04.06.2025 04:45;18,56
04.06.2025 05:00;18,92
04.06.2025 05:15;19,34
04.06.2025 05:30;41,7
04.06.2025 05:45;54,04
04.06.2025 06:00;47,52
04.06.2025 06:15;46,74
04.06.2025 06:30;61,62
04.06.2025 06:45;63,96
04.06.2025 07:00;51,3
04.06.2025 07:15;52,64
04.06.2025 07:30;41,12
04.06.2025 07:45;39,08
04.06.2025 08:00;34,86
04.06.2025 08:15;18,16
04.06.2025 08:30;48,1
04.06.2025 08:45;16,18
04.06.2025 09:00;0,9
04.06.2025 09:15;0,7
04.06.2025 09:30;18,7
04.06.2025 09:45;40,04
04.06.2025 10:00;32,26
04.06.2025 10:15;43,88
04.06.2025 10:30;40,2
04.06.2025 10:45;17,46
04.06.2025 11:00;16,9
04.06.2025 11:15;9,04
04.06.2025 11:30;6,34
04.06.2025 11:45;10,88
04.06.2025 12:00;5,44
04.06.2025 12:15;16,96
04.06.2025 12:30;32,86
04.06.2025 12:45;29,56
04.06.2025 13:00;33,48
04.06.2025 13:15;32,8
04.06.2025 13:30;30,06
04.06.2025 13:45;49,34
04.06.2025 14:00;53,64
04.06.2025 14:15;32,88
04.06.2025 14:30;50,84
04.06.2025 14:45;47,9
04.06.2025 15:00;50,84
04.06.2025 15:15;35,3
04.06.2025 15:30;41,26
04.06.2025 15:45;25,94
04.06.2025 16:00;21,92
04.06.2025 16:15;15,92
04.06.2025 16:30;24,18
04.06.2025 16:45;21,14
04.06.2025 17:00;12,92
04.06.2025 17:15;27,74
04.06.2025 17:30;42,76
04.06.2025 17:45;43,98
04.06.2025 18:00;60,7
04.06.2025 18:15;67,82
04.06.2025 18:30;80,84
04.06.2025 18:45;78,68
04.06.2025 19:00;81,54
04.06.2025 19:15;72,64
04.06.2025 19:30;72,38
04.06.2025 19:45;69,7
04.06.2025 20:00;60,1
04.06.2025 20:15;61,18
04.06.2025 20:30;70,86
04.06.2025 20:45;70,06
04.06.2025 21:00;67,78
04.06.2025 21:15;50,6
04.06.2025 21:30;29,92
04.06.2025 21:45;24,72
04.06.2025 22:00;20,72
04.06.2025 22:15;19,92
04.06.2025 22:30;18,5
04.06.2025 22:45;16,22
04.06.2025 23:00;6
04.06.2025 23:15;5,42
04.06.2025 23:30;4,84
04.06.2025 23:45;5,44
05.06.2025 00:00;5,38
05.06.2025 00:15;4,5
05.06.2025 00:30;5,2
05.06.2025 00:45;7,7
05.06.2025 01:00;6,46
05.06.2025 01:15;6,9
05.06.2025 01:30;7,08
05.06.2025 01:45;6,9
05.06.2025 02:00;6,12
05.06.2025 02:15;6,92
05.06.2025 02:30;6,86
05.06.2025 02:45;5,96
05.06.2025 03:00;6,88
05.06.2025 03:15;6,64
05.06.2025 03:30;8,36
05.06.2025 03:45;6,4
05.06.2025 04:00;6,46
05.06.2025 04:15;6,36
05.06.2025 04:30;5,06
05.06.2025 04:45;9,42
05.06.2025 05:00;10,58
05.06.2025 05:15;11,04
05.06.2025 05:30;22,12
05.06.2025 05:45;58,9
05.06.2025 06:00;60,2
05.06.2025 06:15;64,1
05.06.2025 06:30;68,22
05.06.2025 06:45;65,44
05.06.2025 07:00;58,14
05.06.2025 07:15;75,46
05.06.2025 07:30;90,14
05.06.2025 07:45;78,12
05.06.2025 08:00;66,8
05.06.2025 08:15;75,7
05.06.2025 08:30;84,14
05.06.2025 08:45;58,96
05.06.2025 09:00;34,6
05.06.2025 09:15;50,86
05.06.2025 09:30;60,68
05.06.2025 09:45;70,72
05.06.2025 10:00;76,8
05.06.2025 10:15;46,38
05.06.2025 10:30;53,96
05.06.2025 10:45;67,5
05.06.2025 11:00;83,36
05.06.2025 11:15;78,82
05.06.2025 11:30;80
05.06.2025 11:45;74,34
05.06.2025 12:00;48,16
05.06.2025 12:15;57,8
05.06.2025 12:30;57,86
05.06.2025 12:45;57,62
05.06.2025 13:00;57,36
05.06.2025 13:15;65,42
05.06.2025 13:30;53,54
05.06.2025 13:45;44,54
05.06.2025 14:00;33,88
05.06.2025 14:15;40,58
05.06.2025 14:30;21,9
05.06.2025 14:45;35,48
05.06.2025 15:00;31,74
05.06.2025 15:15;28,54
05.06.2025 15:30;22
05.06.2025 15:45;42,7
05.06.2025 16:00;54,14
05.06.2025 16:15;61,7
05.06.2025 16:30;41,56
05.06.2025 16:45;45,6
05.06.2025 17:00;0,5
05.06.2025 17:15;11,68
05.06.2025 17:30;40,94
05.06.2025 17:45;59,32
05.06.2025 18:00;79
05.06.2025 18:15;85,32
05.06.2025 18:30;80,12
05.06.2025 18:45;74,4
05.06.2025 19:00;86,8
05.06.2025 19:15;79,02
05.06.2025 19:30;73,02
05.06.2025 19:45;74,24
05.06.2025 20:00;53,68
05.06.2025 20:15;65,38
05.06.2025 20:30;68,96
05.06.2025 20:45;69,54
05.06.2025 21:00;63,92
05.06.2025 21:15;52,34
05.06.2025 21:30;57
05.06.2025 21:45;53,14
05.06.2025 22:00;56,28
05.06.2025 22:15;64,84
05.06.2025 22:30;72,52
05.06.2025 22:45;71,34
05.06.2025 23:00;54,66
05.06.2025 23:15;49,34
05.06.2025 23:30;46,24
05.06.2025 23:45;46,56
06.06.2025 00:00;44,94
06.06.2025 00:15;46,44
06.06.2025 00:30;45,96
06.06.2025 00:45;44,74
06.06.2025 01:00;32,38
06.06.2025 01:15;31,08
06.06.2025 01:30;24,44
06.06.2025 01:45;29,36
06.06.2025 02:00;31,18
06.06.2025 02:15;23,86
06.06.2025 02:30;27,58
06.06.2025 02:45;31,2
06.06.2025 03:00;25,06
06.06.2025 03:15;25,48
06.06.2025 03:30;30,82
06.06.2025 03:45;26,34
06.06.2025 04:00;26,64
06.06.2025 04:15;33,18
06.06.2025 04:30;30,56
06.06.2025 04:45;31,36
06.06.2025 05:00;34,88
06.06.2025 05:15;29,44
06.06.2025 05:30;44,84
06.06.2025 05:45;54,7
06.06.2025 06:00;72,72
06.06.2025 06:15;80,82
06.06.2025 06:30;74,76
06.06.2025 06:45;80,6
06.06.2025 08:00;54,16
06.06.2025 08:15;59,28
06.06.2025 08:30;45,72
06.06.2025 08:45;34,72
06.06.2025 09:00;26,7
06.06.2025 09:15;57,06
06.06.2025 09:30;54,16
06.06.2025 09:45;46,24
06.06.2025 10:00;27,92
06.06.2025 10:15;12,46
06.06.2025 10:30;15,72
06.06.2025 10:45;27,06
06.06.2025 11:00;26,24
06.06.2025 11:15;30,36
06.06.2025 11:30;26,72
06.06.2025 11:45;21,58
06.06.2025 12:00;5,46
06.06.2025 12:15;20,38
06.06.2025 12:30;33,44
06.06.2025 12:45;59,16
06.06.2025 13:00;68,62
06.06.2025 13:15;56,32
06.06.2025 13:30;76,38
06.06.2025 13:45;59,86
06.06.2025 14:00;67,26
06.06.2025 14:15;57,7
06.06.2025 14:30;83,72
06.06.2025 14:45;84,86
06.06.2025 15:00;40,32
06.06.2025 15:15;23,82
06.06.2025 15:30;30,02
06.06.2025 15:45;54,9
06.06.2025 16:00;25,32
06.06.2025 16:15;3,56
06.06.2025 16:30;32,04
06.06.2025 16:45;66,3
06.06.2025 17:00;46,56
06.06.2025 17:15;38,98
06.06.2025 17:30;20,04
06.06.2025 17:45;7,46
06.06.2025 18:00;3,28
06.06.2025 18:15;15,36
06.06.2025 18:30;21,96
06.06.2025 18:45;26,16
06.06.2025 19:00;16,82
06.06.2025 19:15;14,78
06.06.2025 19:30;14,3
06.06.2025 19:45;10,52
06.06.2025 20:00;10,32
06.06.2025 20:15;6,6
06.06.2025 20:30;8,04
06.06.2025 20:45;9,56
06.06.2025 21:00;10,24
06.06.2025 21:15;9,66
06.06.2025 21:30;10,82
06.06.2025 21:45;10,12
06.06.2025 22:00;8,8
06.06.2025 22:15;8,44
06.06.2025 22:30;10,42
06.06.2025 22:45;8,24
06.06.2025 23:00;6,78
06.06.2025 23:15;7,56
06.06.2025 23:30;7,48
06.06.2025 23:45;6,82
07.06.2025 00:00;6,9
07.06.2025 00:15;7,12
07.06.2025 00:30;6,68
07.06.2025 00:45;5,76
07.06.2025 01:00;6,2
07.06.2025 01:15;5,76
07.06.2025 01:30;7,94
07.06.2025 01:45;4,92
07.06.2025 02:00;5,36
07.06.2025 02:15;5,38
07.06.2025 02:30;3,3
07.06.2025 02:45;3,94
07.06.2025 03:00;4,02
07.06.2025 03:15;3,72
07.06.2025 03:30;3,4
07.06.2025 03:45;3,94
07.06.2025 04:00;3,94
07.06.2025 04:15;3,1
07.06.2025 04:30;3,98
07.06.2025 04:45;3,88
07.06.2025 05:00;6,28
07.06.2025 05:15;3,18
07.06.2025 05:30;5,82
07.06.2025 05:45;5,64
07.06.2025 06:00;4,18
07.06.2025 06:15;5,28
07.06.2025 06:30;1,5
07.06.2025 06:45;2,16
07.06.2025 07:00;1,22
07.06.2025 07:15;1,74
07.06.2025 07:30;4,02
07.06.2025 07:45;0,34
07.06.2025 08:00;0,48
07.06.2025 08:15;5,7
07.06.2025 08:30;7,7
07.06.2025 08:45;6,84
07.06.2025 09:00;6,14
07.06.2025 09:15;4,9
07.06.2025 09:30;3,16
07.06.2025 09:45;4
07.06.2025 10:00;4,42
07.06.2025 10:15;0
07.06.2025 10:30;0
07.06.2025 10:45;0,6
07.06.2025 11:00;0,18
07.06.2025 11:15;0
07.06.2025 11:30;0
07.06.2025 11:45;0
07.06.2025 12:00;0,08
07.06.2025 12:15;0
07.06.2025 12:30;0
07.06.2025 12:45;0
07.06.2025 13:00;0,08
07.06.2025 13:15;0
07.06.2025 13:30;0
07.06.2025 13:45;0
07.06.2025 14:00;0
07.06.2025 14:15;0
07.06.2025 14:30;0
07.06.2025 14:45;0
07.06.2025 15:00;0
07.06.2025 15:15;0
07.06.2025 15:30;0
07.06.2025 15:45;0
07.06.2025 16:00;0
07.06.2025 16:15;0
07.06.2025 16:30;1,36
07.06.2025 16:45;0,14
07.06.2025 17:00;0
07.06.2025 17:15;1,08
07.06.2025 17:30;0
07.06.2025 17:45;0
07.06.2025 18:00;0
07.06.2025 18:15;0
07.06.2025 18:30;0
07.06.2025 18:45;0
07.06.2025 19:00;0
07.06.2025 19:15;0,04
07.06.2025 19:30;0
07.06.2025 19:45;0,06
07.06.2025 20:00;0,14
07.06.2025 20:15;3,08
07.06.2025 20:30;2,36
07.06.2025 20:45;2,96
07.06.2025 21:00;3,7
07.06.2025 21:15;3,9
07.06.2025 21:30;4,22
07.06.2025 21:45;4,42
07.06.2025 22:00;4,2
07.06.2025 22:15;3,84
07.06.2025 22:30;4,1
07.06.2025 22:45;4,42
07.06.2025 23:00;4,5
07.06.2025 23:15;7,22
07.06.2025 23:30;4,26
07.06.2025 23:45;4,68
08.06.2025 00:00;5,76
08.06.2025 00:15;5,46
08.06.2025 00:30;4,36
08.06.2025 00:45;4,38
08.06.2025 01:00;4,1
08.06.2025 01:15;4,04
08.06.2025 01:30;8,52
08.06.2025 01:45;5,06
08.06.2025 02:00;4,68
08.06.2025 02:15;4,3
08.06.2025 02:30;4,28
08.06.2025 02:45;4,22
08.06.2025 03:00;4,38
08.06.2025 03:15;4,4
08.06.2025 03:30;4,5
08.06.2025 03:45;4,38
08.06.2025 04:00;4
08.06.2025 04:15;3,98
08.06.2025 04:30;7,02
08.06.2025 04:45;4,4
08.06.2025 05:00;4,18
08.06.2025 05:15;3,94
08.06.2025 05:30;3,12
08.06.2025 05:45;2,46
08.06.2025 06:00;2,1
08.06.2025 06:15;1,2
08.06.2025 06:30;0,62
08.06.2025 06:45;0,56
08.06.2025 07:00;2,32
08.06.2025 07:15;0,5
08.06.2025 07:30;0,66
08.06.2025 07:45;0,3
08.06.2025 08:00;0
08.06.2025 08:15;0
08.06.2025 08:30;0
08.06.2025 08:45;0
08.06.2025 09:00;0
08.06.2025 09:15;0
08.06.2025 09:30;0
08.06.2025 09:45;0
08.06.2025 10:00;0
08.06.2025 10:15;0
08.06.2025 10:30;0
08.06.2025 10:45;0
08.06.2025 11:00;0
08.06.2025 11:15;0
08.06.2025 11:30;0
08.06.2025 11:45;0
08.06.2025 12:00;0
08.06.2025 12:15;0
08.06.2025 12:30;0
08.06.2025 12:45;0
08.06.2025 13:00;0
08.06.2025 13:15;0
08.06.2025 13:30;0
08.06.2025 13:45;0
08.06.2025 14:00;0
08.06.2025 14:15;0
08.06.2025 14:30;0
08.06.2025 14:45;0
08.06.2025 15:00;0
08.06.2025 15:15;0
08.06.2025 15:30;0
08.06.2025 15:45;0
08.06.2025 16:00;0
08.06.2025 16:15;0
08.06.2025 16:30;0
08.06.2025 16:45;0
08.06.2025 17:00;0
08.06.2025 17:15;0
08.06.2025 17:30;0
08.06.2025 17:45;0
08.06.2025 18:00;0
08.06.2025 18:15;0
08.06.2025 18:30;0
08.06.2025 18:45;0,16
08.06.2025 19:00;0
08.06.2025 19:15;0,1
08.06.2025 19:30;0
08.06.2025 19:45;0,22
08.06.2025 20:00;0,32
08.06.2025 20:15;0,84
08.06.2025 20:30;2,54
08.06.2025 20:45;3,96
08.06.2025 21:00;4,02
08.06.2025 21:15;4,32
08.06.2025 21:30;6,74
08.06.2025 21:45;4,8
08.06.2025 22:00;4,3
08.06.2025 22:15;4,32
08.06.2025 22:30;4,38
08.06.2025 22:45;4,18
08.06.2025 23:00;4,2
08.06.2025 23:15;4,08
08.06.2025 23:30;4,26
08.06.2025 23:45;7,08
09.06.2025 00:00;4,34
09.06.2025 00:15;4,36
09.06.2025 00:30;4,42
09.06.2025 00:45;4,32
09.06.2025 01:00;4,36
09.06.2025 01:15;4,34
09.06.2025 01:30;4,38
09.06.2025 01:45;4,4
09.06.2025 02:00;4,24
09.06.2025 02:15;5,74
09.06.2025 02:30;5,04
09.06.2025 02:45;4,08
09.06.2025 03:00;4,34
09.06.2025 03:15;4,48
09.06.2025 03:30;4,4
09.06.2025 03:45;4,44
09.06.2025 04:00;4,38
09.06.2025 04:15;4,38
09.06.2025 04:30;4,44
09.06.2025 04:45;5,24
09.06.2025 05:00;6,18
09.06.2025 05:15;3,98
09.06.2025 05:30;3,22
09.06.2025 05:45;1,3
09.06.2025 06:00;0,36
09.06.2025 06:15;0,2
09.06.2025 06:30;0
09.06.2025 06:45;0
09.06.2025 07:00;0
09.06.2025 07:15;0
09.06.2025 07:30;0
09.06.2025 07:45;0
09.06.2025 08:00;0
09.06.2025 08:15;0
09.06.2025 08:30;0
09.06.2025 08:45;0
09.06.2025 09:00;0
09.06.2025 09:15;0
09.06.2025 09:30;0
09.06.2025 09:45;0
09.06.2025 10:00;0
09.06.2025 10:15;0
09.06.2025 10:30;0
09.06.2025 10:45;0
09.06.2025 11:00;0
09.06.2025 11:15;0
09.06.2025 11:30;0
09.06.2025 11:45;0
09.06.2025 12:00;0
09.06.2025 12:15;0
09.06.2025 12:30;0
09.06.2025 12:45;0
09.06.2025 13:00;0
09.06.2025 13:15;0
09.06.2025 13:30;0
09.06.2025 13:45;0
09.06.2025 14:00;0
09.06.2025 14:15;0
09.06.2025 14:30;0
09.06.2025 14:45;0
09.06.2025 15:00;0
09.06.2025 15:15;0
09.06.2025 15:30;0
09.06.2025 15:45;0
09.06.2025 16:00;0
09.06.2025 16:15;0
09.06.2025 16:30;0
09.06.2025 16:45;0
09.06.2025 17:00;0
09.06.2025 17:15;0
09.06.2025 17:30;0
09.06.2025 17:45;0
09.06.2025 18:00;0
09.06.2025 18:15;0
09.06.2025 18:30;0
09.06.2025 18:45;0
09.06.2025 19:00;0
09.06.2025 19:15;0
09.06.2025 19:30;0
09.06.2025 19:45;0,28
09.06.2025 20:00;1,14
09.06.2025 20:15;1,92
09.06.2025 20:30;2,9
09.06.2025 20:45;4,32
09.06.2025 21:00;5,42
09.06.2025 21:15;6,42
09.06.2025 21:30;8,08
09.06.2025 21:45;6,32
09.06.2025 22:00;5,5
09.06.2025 22:15;5,08
09.06.2025 22:30;4,96
09.06.2025 22:45;4,84
09.06.2025 23:00;4,5
09.06.2025 23:15;4,46
09.06.2025 23:30;4,36
09.06.2025 23:45;4,28
10.06.2025 00:00;6,64
10.06.2025 00:15;4,14
10.06.2025 00:30;4,24
10.06.2025 00:45;4,32
10.06.2025 01:00;4,36
10.06.2025 01:15;4,4
10.06.2025 01:30;4,24
10.06.2025 01:45;4,42
10.06.2025 02:00;4,62
10.06.2025 02:15;4,3
10.06.2025 02:30;7,1
10.06.2025 02:45;4,38
10.06.2025 03:00;4,42
10.06.2025 03:15;5,54
10.06.2025 03:30;4,16
10.06.2025 03:45;4,08
10.06.2025 04:00;4,08
10.06.2025 04:15;4,34
10.06.2025 04:30;4,44
10.06.2025 04:45;4,12
10.06.2025 05:00;11
10.06.2025 05:15;11,1
10.06.2025 05:30;14,18
10.06.2025 05:45;25,64
10.06.2025 06:00;31,22
10.06.2025 06:15;57,02
10.06.2025 06:30;68,72
10.06.2025 06:45;68,48
10.06.2025 07:00;62,02
10.06.2025 07:15;64,68
10.06.2025 07:30;64,8
10.06.2025 07:45;60,38
10.06.2025 08:00;59,7
10.06.2025 08:15;49,6
10.06.2025 08:30;44,64
10.06.2025 08:45;41,46
10.06.2025 09:00;36,84
10.06.2025 09:15;31,92
10.06.2025 09:30;32,12
10.06.2025 09:45;26,7
10.06.2025 10:00;36,56
10.06.2025 10:15;32
10.06.2025 10:30;61,66
10.06.2025 10:45;65,1
10.06.2025 11:00;61,74
10.06.2025 11:15;78
10.06.2025 11:30;81,82
10.06.2025 11:45;85,52
10.06.2025 12:00;63,44
10.06.2025 12:15;64,36
10.06.2025 12:30;79,54
10.06.2025 12:45;101,04
10.06.2025 13:00;91,66
10.06.2025 13:15;85,54
10.06.2025 13:30;76,36
10.06.2025 13:45;66,98
10.06.2025 14:00;73,96
10.06.2025 14:15;74,52
10.06.2025 14:30;89,78
10.06.2025 14:45;97,9
10.06.2025 15:00;84,68
10.06.2025 15:15;74,06
10.06.2025 15:30;86,72
10.06.2025 15:45;84,28
10.06.2025 16:00;93,96
10.06.2025 16:15;105,34
10.06.2025 16:30;106,3
10.06.2025 16:45;105,74
10.06.2025 17:00;74,26
10.06.2025 17:15;76,72
10.06.2025 17:30;89,52
10.06.2025 17:45;93,12
10.06.2025 18:00;65,82
10.06.2025 18:15;76
10.06.2025 18:30;70,98
10.06.2025 18:45;80,42
10.06.2025 19:00;77,42
10.06.2025 19:15;63,64
10.06.2025 19:30;68,56
10.06.2025 19:45;77,88
10.06.2025 20:00;67,74
10.06.2025 20:15;76,62
10.06.2025 20:30;86,94
10.06.2025 20:45;83,8
10.06.2025 21:00;83,76
10.06.2025 21:15;73,1
10.06.2025 21:30;67,8
10.06.2025 21:45;74,22
10.06.2025 22:00;87,08
10.06.2025 22:15;87,12
10.06.2025 22:30;80,78
10.06.2025 22:45;54,02
10.06.2025 23:00;33,46
10.06.2025 23:15;20,54
10.06.2025 23:30;12,6
10.06.2025 23:45;11,8
11.06.2025 00:00;11,54
11.06.2025 00:15;11,92
11.06.2025 00:30;13,1
11.06.2025 00:45;12,68
11.06.2025 01:00;12,5
11.06.2025 01:15;12,24
11.06.2025 01:30;12,96
11.06.2025 01:45;12,68
11.06.2025 02:00;11,82
11.06.2025 02:15;15,58
11.06.2025 02:30;11,96
11.06.2025 02:45;12,22
11.06.2025 03:00;12,04
11.06.2025 03:15;11,56
11.06.2025 03:30;11,42
11.06.2025 03:45;11,68
11.06.2025 04:00;12,56
11.06.2025 04:15;12,48
11.06.2025 04:30;9,24
11.06.2025 04:45;10,62
11.06.2025 05:00;14,7
11.06.2025 05:15;15,32
11.06.2025 05:30;22,68
11.06.2025 05:45;37,84
11.06.2025 06:00;39,3
11.06.2025 06:15;65,86
11.06.2025 06:30;75,96
11.06.2025 06:45;60,22
11.06.2025 07:00;51,5
11.06.2025 07:15;49,5
11.06.2025 07:30;53,22
11.06.2025 07:45;35
11.06.2025 08:00;68,7
11.06.2025 08:15;51,52
11.06.2025 08:30;25,9
11.06.2025 08:45;40,12
11.06.2025 09:00;36,94
11.06.2025 09:15;47,5
11.06.2025 09:30;21,42
11.06.2025 09:45;9,9
11.06.2025 10:00;22,74
11.06.2025 10:15;13,98
11.06.2025 10:30;15,88
11.06.2025 10:45;14,48
11.06.2025 11:00;10,06
11.06.2025 11:15;11,18
11.06.2025 11:30;2,3
11.06.2025 11:45;0
11.06.2025 12:00;0
11.06.2025 12:15;0
11.06.2025 12:30;0,06
11.06.2025 12:45;0
11.06.2025 13:00;0
11.06.2025 13:15;0
11.06.2025 13:30;0
11.06.2025 13:45;0
11.06.2025 14:00;0
11.06.2025 14:15;0,5
11.06.2025 14:30;4,36
11.06.2025 14:45;13,74
11.06.2025 15:00;14,28
11.06.2025 15:15;43,64
11.06.2025 15:30;45,04
11.06.2025 15:45;37,12
11.06.2025 16:00;36,3
11.06.2025 16:15;28,64
11.06.2025 16:30;38,74
11.06.2025 16:45;36
11.06.2025 17:00;9,76
11.06.2025 17:15;77,58
11.06.2025 17:30;60,4
11.06.2025 17:45;51,18
11.06.2025 18:00;56,84
11.06.2025 18:15;51,84
11.06.2025 18:30;44,26
11.06.2025 18:45;54,36
11.06.2025 19:00;67
11.06.2025 19:15;68,48
11.06.2025 19:30;82,42
11.06.2025 19:45;74,26
11.06.2025 20:00;43,54
11.06.2025 20:15;54,42
11.06.2025 20:30;89,1
11.06.2025 20:45;104,14
11.06.2025 21:00;98,54
11.06.2025 21:15;104,9
11.06.2025 21:30;107,14
11.06.2025 21:45;83,24
11.06.2025 22:00;77,22
11.06.2025 22:15;90,4
11.06.2025 22:30;75,66
11.06.2025 22:45;41,64
11.06.2025 23:00;24,58
11.06.2025 23:15;18,16
11.06.2025 23:30;16,18
11.06.2025 23:45;14,12
12.06.2025 00:00;13,34
12.06.2025 00:15;11,16
12.06.2025 00:30;11,34
12.06.2025 00:45;10,64
12.06.2025 01:00;12,28
12.06.2025 01:15;14,3
12.06.2025 01:30;15,6
12.06.2025 01:45;12,84
12.06.2025 02:00;12,82
12.06.2025 02:15;13,12
12.06.2025 02:30;13,62
12.06.2025 02:45;11,7
12.06.2025 03:00;11,82
12.06.2025 03:15;10,14
12.06.2025 03:30;10,9
12.06.2025 03:45;9,94
12.06.2025 04:00;9,86
12.06.2025 04:15;9,86
12.06.2025 04:30;11,14
12.06.2025 04:45;11,82
12.06.2025 05:00;11,44
12.06.2025 05:15;13,68
12.06.2025 05:30;25,66
12.06.2025 05:45;51,94
12.06.2025 06:00;61,02
12.06.2025 06:15;76,58
12.06.2025 06:30;83,88
12.06.2025 06:45;83,62
12.06.2025 07:00;77,24
12.06.2025 07:15;71,42
12.06.2025 07:30;70,26
12.06.2025 07:45;64,36
12.06.2025 08:00;55,54
12.06.2025 08:15;46,14
12.06.2025 08:30;43,14
12.06.2025 08:45;26,82
12.06.2025 09:00;1,82
12.06.2025 09:15;0,84
12.06.2025 09:30;8,76
12.06.2025 09:45;12,84
12.06.2025 10:00;8,04
12.06.2025 10:15;0,02
12.06.2025 10:30;11,88
12.06.2025 10:45;15,1
12.06.2025 11:00;15,84
12.06.2025 11:15;10,76
12.06.2025 11:30;18,42
12.06.2025 11:45;14,74
12.06.2025 12:00;10,24
12.06.2025 12:15;11,84
12.06.2025 12:30;15,74
12.06.2025 12:45;17,86
12.06.2025 13:00;10,42
12.06.2025 13:15;2,5
12.06.2025 13:30;7,7
12.06.2025 13:45;15,62
12.06.2025 14:00;11,46
12.06.2025 14:15;13,48
12.06.2025 14:30;13,36
12.06.2025 14:45;20,8
12.06.2025 15:00;5,6
12.06.2025 15:15;3,2
12.06.2025 15:30;2,82
12.06.2025 15:45;1,04
12.06.2025 16:00;6,06
12.06.2025 16:15;5,54
12.06.2025 16:30;8,3
12.06.2025 16:45;10,1
12.06.2025 17:00;6,36
12.06.2025 17:15;10,86
12.06.2025 17:30;28
12.06.2025 17:45;42,54
12.06.2025 18:00;40,94
12.06.2025 18:15;39,06
12.06.2025 18:30;51,56
12.06.2025 18:45;59,22
12.06.2025 19:00;64,78
12.06.2025 19:15;65,3
12.06.2025 19:30;65,02
12.06.2025 19:45;70,04
12.06.2025 20:00;59,92
12.06.2025 20:15;79,26
12.06.2025 20:30;86,24
12.06.2025 20:45;87,22
12.06.2025 21:00;86,22
12.06.2025 21:15;76,2
12.06.2025 21:30;86,94
12.06.2025 21:45;82,68
12.06.2025 22:00;79,76
12.06.2025 22:15;73,96
12.06.2025 22:30;65,98
12.06.2025 22:45;65,62
12.06.2025 23:00;36,82
12.06.2025 23:15;23,36
12.06.2025 23:30;14,86
12.06.2025 23:45;12,48
13.06.2025 00:00;11,78
13.06.2025 00:15;11,54
13.06.2025 00:30;12,84
13.06.2025 00:45;13,36
13.06.2025 01:00;12,76
13.06.2025 01:15;12,86
13.06.2025 01:30;13,34
13.06.2025 01:45;13,02
13.06.2025 02:00;12,68
13.06.2025 02:15;14,98
13.06.2025 02:30;13,82
13.06.2025 02:45;13,14
13.06.2025 03:00;12,22
13.06.2025 03:15;12,32
13.06.2025 03:30;12,62
13.06.2025 03:45;12,28
13.06.2025 04:00;12,04
13.06.2025 04:15;14,94
13.06.2025 04:30;11,6
13.06.2025 04:45;12,88
13.06.2025 05:00;14,62
13.06.2025 05:15;14,64
13.06.2025 05:30;32,1
13.06.2025 05:45;62,34
13.06.2025 06:00;69,3
13.06.2025 06:15;67,98
13.06.2025 06:30;66,78
13.06.2025 06:45;61,06
13.06.2025 07:00;59,1
13.06.2025 07:15;47,8
13.06.2025 07:30;41,82
13.06.2025 07:45;36,14
13.06.2025 08:00;37,3
13.06.2025 08:15;25,68
13.06.2025 08:30;27,54
13.06.2025 08:45;14,94
13.06.2025 09:00;0,68
13.06.2025 09:15;2
13.06.2025 09:30;4,7
13.06.2025 09:45;3,24
13.06.2025 10:00;6,54
13.06.2025 10:15;1,26
13.06.2025 10:30;0,02
13.06.2025 10:45;0,02
13.06.2025 11:00;0,02
13.06.2025 11:15;0
13.06.2025 11:30;0
13.06.2025 11:45;0
13.06.2025 12:00;0
13.06.2025 12:15;0
13.06.2025 12:30;3,48
13.06.2025 12:45;4
13.06.2025 13:00;1,8
13.06.2025 13:15;1,3
13.06.2025 13:30;1
13.06.2025 13:45;0,54
13.06.2025 14:00;0,08
13.06.2025 14:15;0
13.06.2025 14:30;0
13.06.2025 14:45;0,12
13.06.2025 15:00;0
13.06.2025 15:15;0,22
13.06.2025 15:30;0,74
13.06.2025 15:45;0,08
13.06.2025 16:00;0,76
13.06.2025 16:15;2,88
13.06.2025 16:30;7,84
13.06.2025 16:45;11,08
13.06.2025 17:00;9,12
13.06.2025 17:15;12,72
13.06.2025 17:30;24,08
13.06.2025 17:45;23,12
13.06.2025 18:00;21,72
13.06.2025 18:15;24,46
13.06.2025 18:30;26,48
13.06.2025 18:45;30,2
13.06.2025 19:00;33,68
13.06.2025 19:15;27,98
13.06.2025 19:30;29,94
13.06.2025 19:45;28,3
13.06.2025 20:00;16,32
13.06.2025 20:15;7,14
13.06.2025 20:30;12,32
13.06.2025 20:45;10,1
13.06.2025 21:00;9,98
13.06.2025 21:15;10,06
13.06.2025 21:30;10
13.06.2025 21:45;12,44
13.06.2025 22:00;9,12
13.06.2025 22:15;9,14
13.06.2025 22:30;8,84
13.06.2025 22:45;8,68
13.06.2025 23:00;7,02
13.06.2025 23:15;10,1
13.06.2025 23:30;6,76
13.06.2025 23:45;6,54
14.06.2025 00:00;6,5
14.06.2025 00:15;6,56
14.06.2025 00:30;6,14
14.06.2025 00:45;7,42
14.06.2025 01:00;6,06
14.06.2025 01:15;5,96
14.06.2025 01:30;5,9
14.06.2025 01:45;5,9
14.06.2025 02:00;5,84
14.06.2025 02:15;7,36
14.06.2025 02:30;7,58
14.06.2025 02:45;5,84
14.06.2025 03:00;5,84
14.06.2025 03:15;5,86
14.06.2025 03:30;5,82
14.06.2025 03:45;5,76
14.06.2025 04:00;8,98
14.06.2025 04:15;5,74
14.06.2025 04:30;5,78
14.06.2025 04:45;5,56
14.06.2025 05:00;5,38
14.06.2025 05:15;5,4
14.06.2025 05:30;8,9
14.06.2025 05:45;6,8
14.06.2025 06:00;0,46
14.06.2025 06:15;0
14.06.2025 06:30;0
14.06.2025 06:45;0
14.06.2025 07:00;0
14.06.2025 07:15;0
14.06.2025 07:30;0
14.06.2025 07:45;0
14.06.2025 08:00;0
14.06.2025 08:15;0
14.06.2025 08:30;0
14.06.2025 08:45;0
14.06.2025 09:00;0
14.06.2025 09:15;0
14.06.2025 09:30;0
14.06.2025 09:45;0
14.06.2025 10:00;0
14.06.2025 10:15;0
14.06.2025 10:30;0
14.06.2025 10:45;0
14.06.2025 11:00;0
14.06.2025 11:15;0
14.06.2025 11:30;0
14.06.2025 11:45;0
14.06.2025 12:00;0
14.06.2025 12:15;0
14.06.2025 12:30;0
14.06.2025 12:45;0
14.06.2025 13:00;0
14.06.2025 13:15;0
14.06.2025 13:30;0
14.06.2025 13:45;0
14.06.2025 14:00;0
14.06.2025 14:15;0
14.06.2025 14:30;0
14.06.2025 14:45;0
14.06.2025 15:00;0
14.06.2025 15:15;0
14.06.2025 15:30;0
14.06.2025 15:45;0
14.06.2025 16:00;0
14.06.2025 16:15;0
14.06.2025 16:30;0
14.06.2025 16:45;0
14.06.2025 17:00;0
14.06.2025 17:15;0
14.06.2025 17:30;0
14.06.2025 17:45;0
14.06.2025 18:00;0
14.06.2025 18:15;0
14.06.2025 18:30;0
14.06.2025 18:45;0
14.06.2025 19:00;0
14.06.2025 19:15;0
14.06.2025 19:30;0
14.06.2025 19:45;0
14.06.2025 20:00;0
14.06.2025 20:15;0,28
14.06.2025 20:30;1,34
14.06.2025 20:45;5,18
14.06.2025 21:00;4,88
14.06.2025 21:15;3,36
14.06.2025 21:30;3,38
14.06.2025 21:45;3,88
14.06.2025 22:00;3,68
14.06.2025 22:15;3,62
14.06.2025 22:30;4,3
14.06.2025 22:45;6,46
14.06.2025 23:00;3,3
14.06.2025 23:15;3,16
14.06.2025 23:30;3,18
14.06.2025 23:45;3,16
15.06.2025 00:00;3,22
15.06.2025 00:15;4,3
15.06.2025 00:30;6,54
15.06.2025 00:45;5,06
15.06.2025 01:00;8,3
15.06.2025 01:15;7,94
15.06.2025 01:30;6,24
15.06.2025 01:45;6,22
15.06.2025 02:00;8,58
15.06.2025 02:15;5,62
15.06.2025 02:30;5,62
15.06.2025 02:45;5,58
15.06.2025 03:00;5,6
15.06.2025 03:15;5,58
15.06.2025 03:30;5,66
15.06.2025 03:45;6,88
15.06.2025 04:00;7,28
15.06.2025 04:15;5,56
15.06.2025 04:30;5,52
15.06.2025 04:45;5,44
15.06.2025 05:00;5,2
15.06.2025 05:15;4,64
15.06.2025 05:30;3,84
15.06.2025 05:45;5,36
15.06.2025 06:00;0,02
15.06.2025 06:15;0
15.06.2025 06:30;0
15.06.2025 06:45;0
15.06.2025 07:00;0
15.06.2025 07:15;0
15.06.2025 07:30;0
15.06.2025 07:45;0,06
15.06.2025 08:00;3,1
15.06.2025 08:15;3
15.06.2025 08:30;2,98
15.06.2025 08:45;2,98
15.06.2025 09:00;2,94
15.06.2025 09:15;3,9
15.06.2025 09:30;7,06
15.06.2025 09:45;3,24
15.06.2025 10:00;3,26
15.06.2025 10:15;3,24
15.06.2025 10:30;3,24
15.06.2025 10:45;3,16
15.06.2025 11:00;3,24
15.06.2025 11:15;4,1
15.06.2025 11:30;6,38
15.06.2025 11:45;3,22
15.06.2025 12:00;3,28
15.06.2025 12:15;3,34
15.06.2025 12:30;3,22
15.06.2025 12:45;6,44
15.06.2025 13:00;7,54
15.06.2025 13:15;6,86
15.06.2025 13:30;6,78
15.06.2025 13:45;6,84
15.06.2025 14:00;6,56
15.06.2025 14:15;6,64
15.06.2025 14:30;3,3
15.06.2025 14:45;3,56
15.06.2025 15:00;3,54
15.06.2025 15:15;3,56
15.06.2025 15:30;3,56
15.06.2025 15:45;3,46
15.06.2025 16:00;6,04
15.06.2025 16:15;4,4
15.06.2025 16:30;3,36
15.06.2025 16:45;1,52
15.06.2025 17:00;0
15.06.2025 17:15;0
15.06.2025 17:30;0
15.06.2025 17:45;0
15.06.2025 18:00;0
15.06.2025 18:15;0
15.06.2025 18:30;0
15.06.2025 18:45;0
15.06.2025 19:00;0,12
15.06.2025 19:15;4,66
15.06.2025 19:30;0,16
15.06.2025 19:45;0
15.06.2025 20:00;0
15.06.2025 20:15;1,04
15.06.2025 20:30;2,64
15.06.2025 20:45;3,46
15.06.2025 21:00;3,9
15.06.2025 21:15;5,84
15.06.2025 21:30;4,4
15.06.2025 21:45;4,1
15.06.2025 22:00;3,82
15.06.2025 22:15;3,74
15.06.2025 22:30;3,76
15.06.2025 22:45;3,76
15.06.2025 23:00;6,2
15.06.2025 23:15;4,5
15.06.2025 23:30;3,66
15.06.2025 23:45;3,82
16.06.2025 00:00;3,68
16.06.2025 00:15;3,7
16.06.2025 00:30;3,72
16.06.2025 00:45;3,68
16.06.2025 01:00;8,5
16.06.2025 01:15;5,68
16.06.2025 01:30;7,18
16.06.2025 01:45;7,48
16.06.2025 02:00;6,08
16.06.2025 02:15;5,6
16.06.2025 02:30;5,52
16.06.2025 02:45;8,1
16.06.2025 03:00;6,38
16.06.2025 03:15;5,54
16.06.2025 03:30;5,54
16.06.2025 03:45;5,54
16.06.2025 04:00;5,4
16.06.2025 04:15;5,44
16.06.2025 04:30;5,46
16.06.2025 04:45;11,9
16.06.2025 05:00;11,72
16.06.2025 05:15;15,72
16.06.2025 05:30;34,12
16.06.2025 05:45;57
16.06.2025 06:00;60,14
16.06.2025 06:15;60,16
16.06.2025 06:30;51,86
16.06.2025 06:45;54,66
16.06.2025 07:00;53,22
16.06.2025 07:15;51,94
16.06.2025 07:30;46,24
16.06.2025 07:45;52,14
16.06.2025 08:00;57,64
16.06.2025 08:15;48,36
16.06.2025 08:30;47,86
16.06.2025 08:45;29,18
16.06.2025 09:00;11,26
16.06.2025 09:15;18,86
16.06.2025 09:30;28,14
16.06.2025 09:45;38,52
16.06.2025 10:00;32,22
16.06.2025 10:15;15,14
16.06.2025 10:30;2,68
16.06.2025 10:45;6,72
16.06.2025 11:00;13,34
16.06.2025 11:15;10,5
16.06.2025 11:30;8,26
16.06.2025 11:45;4,08
16.06.2025 12:00;0
16.06.2025 12:15;5,02
16.06.2025 12:30;6,08
16.06.2025 12:45;3,4
16.06.2025 13:00;0
16.06.2025 13:15;0,26
16.06.2025 13:30;58,36
16.06.2025 13:45;66,96
16.06.2025 14:00;61,58
16.06.2025 14:15;68,12
16.06.2025 14:30;67,86
16.06.2025 14:45;68,86
16.06.2025 15:00;67,6
16.06.2025 15:15;68,04
16.06.2025 15:30;71,66
16.06.2025 15:45;70,86
16.06.2025 16:00;72,58
16.06.2025 16:15;71,44
16.06.2025 16:30;73,04
16.06.2025 16:45;71,66
16.06.2025 17:00;999,99
16.06.2025 17:15;83,62
16.06.2025 17:30;83,62
16.06.2025 17:45;83,72
16.06.2025 18:00;37,8
16.06.2025 18:15;30,98
16.06.2025 18:30;54,12
16.06.2025 18:45;52
16.06.2025 19:00;54,88
16.06.2025 19:15;66,8
16.06.2025 19:30;70,04
16.06.2025 19:45;61,82
16.06.2025 20:00;51,52
16.06.2025 20:15;64,38
16.06.2025 20:30;76,86
16.06.2025 20:45;73,3
16.06.2025 21:00;69,46
16.06.2025 21:15;50,46
16.06.2025 21:30;53,42
16.06.2025 21:45;52,28
16.06.2025 22:00;48,22
16.06.2025 22:15;50,26
16.06.2025 22:30;48,64
16.06.2025 22:45;43,62
16.06.2025 23:00;32,72
16.06.2025 23:15;26,78
16.06.2025 23:30;16,3
16.06.2025 23:45;14,92
17.06.2025 00:00;19,56
17.06.2025 00:15;16,2
17.06.2025 00:30;15,3
17.06.2025 00:45;17,8
17.06.2025 01:00;16,82
17.06.2025 01:15;15,74
17.06.2025 01:30;20,9
17.06.2025 01:45;15,8
17.06.2025 02:00;16,64
17.06.2025 02:15;19,78
17.06.2025 02:30;17,52
17.06.2025 02:45;16
17.06.2025 03:00;20,5
17.06.2025 03:15;15,64
17.06.2025 03:30;16,14
17.06.2025 03:45;18,76
17.06.2025 04:00;18,38
17.06.2025 04:15;15,34
17.06.2025 04:30;15,5
17.06.2025 04:45;24,42
17.06.2025 05:00;20
17.06.2025 05:15;23,52
17.06.2025 05:30;34,4
17.06.2025 05:45;38,94
17.06.2025 06:00;44,28
17.06.2025 06:15;52,88
17.06.2025 06:30;50,66
17.06.2025 06:45;50,96
17.06.2025 07:00;43,4
17.06.2025 07:15;37,3
17.06.2025 07:30;38,24
17.06.2025 07:45;29,64
17.06.2025 08:00;39,62
17.06.2025 08:15;30,68
17.06.2025 08:30;20,1
17.06.2025 08:45;15,38
17.06.2025 09:00;0,94
17.06.2025 09:15;15,88
17.06.2025 09:30;14,22
17.06.2025 09:45;28,56
17.06.2025 10:00;20,24
17.06.2025 10:15;22,3
17.06.2025 10:30;46,06
17.06.2025 10:45;34,52
17.06.2025 11:00;19,52
17.06.2025 11:15;4,32
17.06.2025 11:30;33
17.06.2025 11:45;18,82
17.06.2025 12:00;7,66
17.06.2025 12:15;0,18
17.06.2025 12:30;0,84
17.06.2025 12:45;24,38
17.06.2025 13:00;20,6
17.06.2025 13:15;14,1
17.06.2025 13:30;8,44
17.06.2025 13:45;7,42
17.06.2025 14:00;18,54
17.06.2025 14:15;7,04
17.06.2025 14:30;6,42
17.06.2025 14:45;7,48
17.06.2025 15:00;15,26
17.06.2025 15:15;23,34
17.06.2025 15:30;20,34
17.06.2025 15:45;23,88
17.06.2025 16:00;26,86
17.06.2025 16:15;33,94
17.06.2025 16:30;36,98
17.06.2025 16:45;33
17.06.2025 17:00;34,06
17.06.2025 17:15;36,68
17.06.2025 17:30;32,56
17.06.2025 17:45;25,84
17.06.2025 18:00;29,3
17.06.2025 18:15;27,78
17.06.2025 18:30;48,06
17.06.2025 18:45;40,4
17.06.2025 19:00;49,44
17.06.2025 19:15;52,96
17.06.2025 19:30;64,06
17.06.2025 19:45;70,02
17.06.2025 20:00;60,66
17.06.2025 20:15;60,5
17.06.2025 20:30;72,62
17.06.2025 20:45;69,52
17.06.2025 21:00;71,96
17.06.2025 21:15;68,34
17.06.2025 21:30;76,52
17.06.2025 21:45;71,14
17.06.2025 22:00;65,02
17.06.2025 22:15;71
17.06.2025 22:30;64,56
17.06.2025 22:45;50,42
17.06.2025 23:00;48,06
17.06.2025 23:15;47,58
17.06.2025 23:30;47,9
17.06.2025 23:45;42,36
18.06.2025 00:00;29,4
18.06.2025 00:15;19,86
18.06.2025 00:30;19,36
18.06.2025 00:45;16,3
18.06.2025 01:00;18,16
18.06.2025 01:15;18,64
18.06.2025 01:30;17,64
18.06.2025 01:45;20,36
18.06.2025 02:00;17,48
18.06.2025 02:15;16,42
18.06.2025 02:30;17,28
18.06.2025 02:45;16,88
18.06.2025 03:00;19,42
18.06.2025 03:15;17
18.06.2025 03:30;16,2
18.06.2025 03:45;15,62
18.06.2025 04:00;14,24
18.06.2025 04:15;16,26
18.06.2025 04:30;13,4
18.06.2025 04:45;17,38
18.06.2025 05:00;16,36
18.06.2025 05:15;19,76
18.06.2025 05:30;43,88
18.06.2025 05:45;62,34
18.06.2025 06:00;70,26
18.06.2025 06:15;61,96
18.06.2025 06:30;62,96
18.06.2025 06:45;61,72
18.06.2025 07:00;55,24
18.06.2025 07:15;62,64
18.06.2025 07:30;54,2
18.06.2025 07:45;55,76
18.06.2025 08:00;50,38
18.06.2025 08:15;45,38
18.06.2025 08:30;37,34
18.06.2025 08:45;33,42
18.06.2025 09:00;5,36
18.06.2025 09:15;11,82
18.06.2025 09:30;13,54
18.06.2025 09:45;21,76
18.06.2025 10:00;19,08
18.06.2025 10:15;19,26
18.06.2025 10:30;34,96
18.06.2025 10:45;70,46
18.06.2025 11:00;71,36
18.06.2025 11:15;72,06
18.06.2025 11:30;66,94
18.06.2025 11:45;75,92
18.06.2025 12:00;48,34
18.06.2025 12:15;54,12
18.06.2025 12:30;70,32
18.06.2025 12:45;77,72
18.06.2025 13:00;80,2
18.06.2025 13:15;65,26
18.06.2025 13:30;63,22
18.06.2025 13:45;58,34
18.06.2025 14:00;54,7
18.06.2025 14:15;53,24
18.06.2025 14:30;55,24
18.06.2025 14:45;42,78
18.06.2025 15:00;42,38
18.06.2025 15:15;47,62
18.06.2025 15:30;57,08
18.06.2025 15:45;54,36
18.06.2025 16:00;45,28
18.06.2025 16:15;48,96
18.06.2025 16:30;50,52
18.06.2025 16:45;57,94
18.06.2025 17:00;48,64
18.06.2025 17:15;40,98
18.06.2025 17:30;49,66
18.06.2025 17:45;51,54
18.06.2025 18:00;61,3
18.06.2025 18:15;50,02
18.06.2025 18:30;60,84
18.06.2025 18:45;71,1
18.06.2025 19:00;74,98
18.06.2025 19:15;73,14
18.06.2025 19:30;81,46
18.06.2025 19:45;72,02
18.06.2025 20:00;62,64
18.06.2025 20:15;72,62
18.06.2025 20:30;66,4
18.06.2025 20:45;64,2
18.06.2025 21:00;68,82
18.06.2025 21:15;77,5
18.06.2025 21:30;75,6
18.06.2025 21:45;74,16
18.06.2025 22:00;68,52
18.06.2025 22:15;52,76
18.06.2025 22:30;26,96
18.06.2025 22:45;16,98
18.06.2025 23:00;7,18
18.06.2025 23:15;6,64
18.06.2025 23:30;6,3
18.06.2025 23:45;6,26
19.06.2025 00:00;6,28
19.06.2025 00:15;9,38
19.06.2025 00:30;5,82
19.06.2025 00:45;5,72
19.06.2025 01:00;7,68
19.06.2025 01:15;7,72
19.06.2025 01:30;7,6
19.06.2025 01:45;7,8
19.06.2025 02:00;11,3
19.06.2025 02:15;7,58
19.06.2025 02:30;7,6
19.06.2025 02:45;7,7
19.06.2025 03:00;7,5
19.06.2025 03:15;7,38
19.06.2025 03:30;7,22
19.06.2025 03:45;11,44
19.06.2025 04:00;7,2
19.06.2025 04:15;7,28
19.06.2025 04:30;7,1
19.06.2025 04:45;7,08
19.06.2025 05:00;6,8
19.06.2025 05:15;6,16
19.06.2025 05:30;6,96
19.06.2025 05:45;4,36
19.06.2025 06:00;1,3
19.06.2025 06:15;0,6
19.06.2025 06:30;0
19.06.2025 06:45;0
19.06.2025 07:00;0
19.06.2025 07:15;0
19.06.2025 07:30;0
19.06.2025 07:45;0
19.06.2025 08:00;0
19.06.2025 08:15;0
19.06.2025 08:30;0
19.06.2025 08:45;0
19.06.2025 09:00;0
19.06.2025 09:15;0
19.06.2025 09:30;0
19.06.2025 09:45;0
19.06.2025 10:00;0
19.06.2025 10:15;0
19.06.2025 10:30;0
19.06.2025 10:45;0
19.06.2025 11:00;0
19.06.2025 11:15;0
19.06.2025 11:30;0
19.06.2025 11:45;0
19.06.2025 12:00;0
19.06.2025 12:15;0
19.06.2025 12:30;0
19.06.2025 12:45;0
19.06.2025 13:00;0
19.06.2025 13:15;0
19.06.2025 13:30;0
19.06.2025 13:45;0
19.06.2025 14:00;0
19.06.2025 14:15;0
19.06.2025 14:30;0
19.06.2025 14:45;0
19.06.2025 15:00;0
19.06.2025 15:15;0
19.06.2025 15:30;0
19.06.2025 15:45;0
19.06.2025 16:00;0
19.06.2025 16:15;0
19.06.2025 16:30;0,16
19.06.2025 16:45;0
19.06.2025 17:00;0
19.06.2025 17:15;0
19.06.2025 17:30;0
19.06.2025 17:45;0
19.06.2025 18:00;0
19.06.2025 18:15;0
19.06.2025 18:30;0
19.06.2025 18:45;0
19.06.2025 19:00;0
19.06.2025 19:15;0
19.06.2025 19:30;0
19.06.2025 19:45;1,44
19.06.2025 20:00;0,96
19.06.2025 20:15;2,68
19.06.2025 20:30;4,1
19.06.2025 20:45;5,18
19.06.2025 21:00;5,76
19.06.2025 21:15;10,44
19.06.2025 21:30;8,56
19.06.2025 21:45;7,58
19.06.2025 22:00;7,3
19.06.2025 22:15;7,12
19.06.2025 22:30;7,04
19.06.2025 22:45;6,9
19.06.2025 23:00;5,26
19.06.2025 23:15;6,42
19.06.2025 23:30;6,38
19.06.2025 23:45;4,92
20.06.2025 00:00;4,68
20.06.2025 00:15;4,58
20.06.2025 00:30;4,6
20.06.2025 00:45;4,52
20.06.2025 01:00;7,76
20.06.2025 01:15;8,26
20.06.2025 01:30;7,06
20.06.2025 01:45;6,82
20.06.2025 02:00;6,46
20.06.2025 02:15;6,42
20.06.2025 02:30;6,66
20.06.2025 02:45;6,84
20.06.2025 03:00;9,48
20.06.2025 03:15;6,78
20.06.2025 03:30;6,54
20.06.2025 03:45;6,4
20.06.2025 04:00;6,46
20.06.2025 04:15;6,32
20.06.2025 04:30;6,4
20.06.2025 04:45;9,48
20.06.2025 05:00;9,86
20.06.2025 05:15;7,62
20.06.2025 05:30;8,46
20.06.2025 05:45;8,1
20.06.2025 06:00;5,84
20.06.2025 06:15;3,42
20.06.2025 06:30;0,8
20.06.2025 06:45;0,48
20.06.2025 07:00;0
20.06.2025 07:15;0
20.06.2025 07:30;0
20.06.2025 07:45;0
20.06.2025 08:00;0
20.06.2025 08:15;0
20.06.2025 08:30;0
20.06.2025 08:45;0
20.06.2025 09:00;0
20.06.2025 09:15;0
20.06.2025 09:30;0
20.06.2025 09:45;0
20.06.2025 10:00;0
20.06.2025 10:15;0
20.06.2025 10:30;0
20.06.2025 10:45;0
20.06.2025 11:00;0
20.06.2025 11:15;0
20.06.2025 11:30;0
20.06.2025 11:45;0
20.06.2025 12:00;0
20.06.2025 12:15;0
20.06.2025 12:30;0
20.06.2025 12:45;0
20.06.2025 13:00;0
20.06.2025 13:15;0
20.06.2025 13:30;0
20.06.2025 13:45;0
20.06.2025 14:00;0
20.06.2025 14:15;0
20.06.2025 14:30;0
20.06.2025 14:45;0
20.06.2025 15:00;0
20.06.2025 15:15;0
20.06.2025 15:30;0
20.06.2025 15:45;0
20.06.2025 16:00;0
20.06.2025 16:15;0
20.06.2025 16:30;0
20.06.2025 16:45;0
20.06.2025 17:00;0
20.06.2025 17:15;0
20.06.2025 17:30;0
20.06.2025 17:45;0
20.06.2025 18:00;0
20.06.2025 18:15;0
20.06.2025 18:30;0
20.06.2025 18:45;0
20.06.2025 19:00;0
20.06.2025 19:15;0
20.06.2025 19:30;0
20.06.2025 19:45;0
20.06.2025 20:00;0,44
20.06.2025 20:15;1,64
20.06.2025 20:30;3,48
20.06.2025 20:45;5,44
20.06.2025 21:00;9,98
20.06.2025 21:15;7,1
20.06.2025 21:30;7,16
20.06.2025 21:45;7,14
20.06.2025 22:00;7,1
20.06.2025 22:15;6,98
20.06.2025 22:30;9,34
20.06.2025 22:45;6,34
20.06.2025 23:00;4,6
20.06.2025 23:15;4,56
20.06.2025 23:30;4,62
20.06.2025 23:45;4,62
21.06.2025 00:00;4,5
21.06.2025 00:15;5,74
21.06.2025 00:30;6,94
21.06.2025 00:45;4,82
21.06.2025 01:00;6,54
21.06.2025 01:15;6,46
21.06.2025 01:30;6,48
21.06.2025 01:45;6,54
21.06.2025 02:00;6,44
21.06.2025 02:15;9,48
21.06.2025 02:30;6,42
21.06.2025 02:45;6,54
21.06.2025 03:00;6,42
21.06.2025 03:15;6,38
21.06.2025 03:30;6,5
21.06.2025 03:45;6,82
21.06.2025 04:00;7,6
21.06.2025 04:15;10,1
21.06.2025 04:30;6,4
21.06.2025 04:45;6,18
21.06.2025 05:00;6,1
21.06.2025 05:15;5,3
21.06.2025 05:30;4,22
21.06.2025 05:45;2,6
21.06.2025 06:00;0,44
21.06.2025 06:15;0
21.06.2025 06:30;0
21.06.2025 06:45;0
21.06.2025 07:00;0
21.06.2025 07:15;0
21.06.2025 07:30;0
21.06.2025 07:45;0
21.06.2025 08:00;0
21.06.2025 08:15;0
21.06.2025 08:30;0
21.06.2025 08:45;0
21.06.2025 09:00;0
21.06.2025 09:15;0
21.06.2025 09:30;0
21.06.2025 09:45;0
21.06.2025 10:00;0
21.06.2025 10:15;0
21.06.2025 10:30;0
21.06.2025 10:45;0
21.06.2025 11:00;0
21.06.2025 11:15;0
21.06.2025 11:30;0
21.06.2025 11:45;0
21.06.2025 12:00;0
21.06.2025 12:15;0
21.06.2025 12:30;0
21.06.2025 12:45;0
21.06.2025 13:00;0
21.06.2025 13:15;0
21.06.2025 13:30;0
21.06.2025 13:45;0
21.06.2025 14:00;0
21.06.2025 14:15;0
21.06.2025 14:30;0
21.06.2025 14:45;0
21.06.2025 15:00;0
21.06.2025 15:15;0
21.06.2025 15:30;0
21.06.2025 15:45;0
21.06.2025 16:00;0
21.06.2025 16:15;0
21.06.2025 16:30;0
21.06.2025 16:45;0
21.06.2025 17:00;0
21.06.2025 17:15;0
21.06.2025 17:30;0
21.06.2025 17:45;0
21.06.2025 18:00;0
21.06.2025 18:15;0
21.06.2025 18:30;0
21.06.2025 18:45;0
21.06.2025 19:00;0
21.06.2025 19:15;0
21.06.2025 19:30;0
21.06.2025 19:45;0
21.06.2025 20:00;0,92
21.06.2025 20:15;0,46
21.06.2025 20:30;2,24
21.06.2025 20:45;3,66
21.06.2025 21:00;4,28
21.06.2025 21:15;5,98
21.06.2025 21:30;8,22
21.06.2025 21:45;5,8
21.06.2025 22:00;5,32
21.06.2025 22:15;5,18
21.06.2025 22:30;5,14
21.06.2025 22:45;5,5
21.06.2025 23:00;7,52
21.06.2025 23:15;5,12
21.06.2025 23:30;4,78
21.06.2025 23:45;4,84
22.06.2025 00:00;5
22.06.2025 00:15;4,72
22.06.2025 00:30;4,9
22.06.2025 00:45;7,6
22.06.2025 01:00;6,72
22.06.2025 01:15;6,74
22.06.2025 01:30;6,78
22.06.2025 01:45;6,76
22.06.2025 02:00;6,66
22.06.2025 02:15;9,1
22.06.2025 02:30;8,46
22.06.2025 02:45;6,76
22.06.2025 03:00;6,84
22.06.2025 03:15;6,72
22.06.2025 03:30;6,72
22.06.2025 03:45;6,84
22.06.2025 04:00;6,74
22.06.2025 04:15;6,62
22.06.2025 04:30;10,22
22.06.2025 04:45;6,86
22.06.2025 05:00;6,46
22.06.2025 05:15;5,72
22.06.2025 05:30;4,72
22.06.2025 05:45;3,32
22.06.2025 06:00;0,72
22.06.2025 06:15;0,42
22.06.2025 06:30;0
22.06.2025 06:45;0
22.06.2025 07:00;0
22.06.2025 07:15;0
22.06.2025 07:30;0
22.06.2025 07:45;0
22.06.2025 08:00;0
22.06.2025 08:15;0
22.06.2025 08:30;0
22.06.2025 08:45;0
22.06.2025 09:00;0
22.06.2025 09:15;0
22.06.2025 09:30;0
22.06.2025 09:45;0
22.06.2025 10:00;0
22.06.2025 10:15;0
22.06.2025 10:30;0
22.06.2025 10:45;0
22.06.2025 11:00;0
22.06.2025 11:15;0
22.06.2025 11:30;0
22.06.2025 11:45;0
22.06.2025 12:00;0
22.06.2025 12:15;0
22.06.2025 12:30;0
22.06.2025 12:45;0
22.06.2025 13:00;0
22.06.2025 13:15;0
22.06.2025 13:30;0
22.06.2025 13:45;0
22.06.2025 14:00;0
22.06.2025 14:15;0
22.06.2025 14:30;0
22.06.2025 14:45;0
22.06.2025 15:00;0
22.06.2025 15:15;0
22.06.2025 15:30;0
22.06.2025 15:45;0
22.06.2025 16:00;0
22.06.2025 16:15;0
22.06.2025 16:30;0
22.06.2025 16:45;0
22.06.2025 17:00;0
22.06.2025 17:15;0
22.06.2025 17:30;0
22.06.2025 17:45;0
22.06.2025 18:00;0
22.06.2025 18:15;0
22.06.2025 18:30;0
22.06.2025 18:45;0
22.06.2025 19:00;0
22.06.2025 19:15;0
22.06.2025 19:30;0
22.06.2025 19:45;0
22.06.2025 20:00;0,96
22.06.2025 20:15;0,52
22.06.2025 20:30;1,46
22.06.2025 20:45;3,26
22.06.2025 21:00;8,84
22.06.2025 21:15;5,42
22.06.2025 21:30;5,06
22.06.2025 21:45;5,5
22.06.2025 22:00;5,58
22.06.2025 22:15;7,52
22.06.2025 22:30;4,94
22.06.2025 22:45;5,1
22.06.2025 23:00;4,94
22.06.2025 23:15;6,38
22.06.2025 23:30;7
22.06.2025 23:45;4,88
23.06.2025 00:00;4,86
23.06.2025 00:15;4,88
23.06.2025 00:30;5,06
23.06.2025 00:45;8,82
23.06.2025 01:00;7,66
23.06.2025 01:15;8,08
23.06.2025 01:30;7,62
23.06.2025 01:45;7,6
23.06.2025 02:00;9,66
23.06.2025 02:15;6,98
23.06.2025 02:30;7,06
23.06.2025 02:45;6,88
23.06.2025 03:00;6,94
23.06.2025 03:15;6,9
23.06.2025 03:30;10,02
23.06.2025 03:45;7
23.06.2025 04:00;6,86
23.06.2025 04:15;6,88
23.06.2025 04:30;7,02
23.06.2025 04:45;6,78
23.06.2025 05:00;11,52
23.06.2025 05:15;13,16
23.06.2025 05:30;16,74
23.06.2025 05:45;47,98
23.06.2025 06:00;56,68
23.06.2025 06:15;53,46
23.06.2025 06:30;54,28
23.06.2025 06:45;57
23.06.2025 07:00;63,26
23.06.2025 07:15;79,38
23.06.2025 07:30;74,2
23.06.2025 07:45;73,34
23.06.2025 08:00;82,14
23.06.2025 08:15;86,92
23.06.2025 08:30;85,48
23.06.2025 08:45;78,7
23.06.2025 09:00;68,56
23.06.2025 09:15;43,32
23.06.2025 09:30;20,66
23.06.2025 09:45;21,02
23.06.2025 10:00;0,2
23.06.2025 10:15;14,28
23.06.2025 10:30;29,62
23.06.2025 10:45;49,02
23.06.2025 11:00;30,7
23.06.2025 11:15;38,9
23.06.2025 11:30;24,32
23.06.2025 11:45;94,18
23.06.2025 12:00;92,62
23.06.2025 12:15;94,6
23.06.2025 12:30;101,32
23.06.2025 12:45;95,04
23.06.2025 13:00;83,4
23.06.2025 13:15;63,92
23.06.2025 13:30;75,34
23.06.2025 13:45;69,46
23.06.2025 14:00;80,82
23.06.2025 14:15;80,86
23.06.2025 14:30;84,44
23.06.2025 14:45;80,06
23.06.2025 15:00;81,18
23.06.2025 15:15;91,58
23.06.2025 15:30;80,8
23.06.2025 15:45;87,24
23.06.2025 16:00;91,2
23.06.2025 16:15;84,72
23.06.2025 16:30;70,54
23.06.2025 16:45;68,92
23.06.2025 17:00;59
23.06.2025 17:15;46,6
23.06.2025 17:30;53,32
23.06.2025 17:45;62,36
23.06.2025 18:00;72,8
23.06.2025 18:15;75,14
23.06.2025 18:30;68,4
23.06.2025 18:45;65,98
23.06.2025 19:00;71,56
23.06.2025 19:15;67,84
23.06.2025 19:30;63,9
23.06.2025 19:45;59,14
23.06.2025 20:00;41,92
23.06.2025 20:15;59,5
23.06.2025 20:30;76,36
23.06.2025 20:45;72,96
23.06.2025 21:00;70,58
23.06.2025 21:15;76,38
23.06.2025 21:30;73,76
23.06.2025 21:45;65,56
23.06.2025 22:00;74,62
23.06.2025 22:15;57,86
23.06.2025 22:30;53,14
23.06.2025 22:45;42,62
23.06.2025 23:00;30,2
23.06.2025 23:15;13,2
23.06.2025 23:30;12,52
23.06.2025 23:45;12,4
24.06.2025 00:00;17,22
24.06.2025 00:15;11,44
24.06.2025 00:30;10,9
24.06.2025 00:45;11,6
24.06.2025 01:00;12,54
24.06.2025 01:15;13,66
24.06.2025 01:30;12,42
24.06.2025 01:45;14,78
24.06.2025 02:00;15,52
24.06.2025 02:15;12,74
24.06.2025 02:30;12,74
24.06.2025 02:45;11,84
24.06.2025 03:00;12,88
24.06.2025 03:15;11,66
24.06.2025 03:30;14,18
24.06.2025 03:45;11,1
24.06.2025 04:00;10,9
24.06.2025 04:15;11,2
24.06.2025 04:30;9,32
24.06.2025 04:45;9,72
24.06.2025 05:00;14,06
24.06.2025 05:15;13,46
24.06.2025 05:30;25,12
24.06.2025 05:45;41,06
24.06.2025 06:00;55,64
24.06.2025 06:15;66,54
24.06.2025 06:30;62,52
24.06.2025 06:45;58,38
24.06.2025 07:00;43,14
24.06.2025 07:15;50,16
24.06.2025 07:30;46,4
24.06.2025 07:45;42,4
24.06.2025 08:00;43,78
24.06.2025 08:15;31,78
24.06.2025 08:30;24,04
24.06.2025 08:45;33,42
24.06.2025 09:00;11,02
24.06.2025 09:15;38,08
24.06.2025 09:30;52,02
24.06.2025 09:45;36,38
24.06.2025 10:00;22,06
24.06.2025 10:15;32,74
24.06.2025 10:30;10,24
24.06.2025 10:45;23,64
24.06.2025 11:00;19,64
24.06.2025 11:15;16,08
24.06.2025 11:30;33,52
24.06.2025 11:45;16,7
24.06.2025 12:00;15,4
24.06.2025 12:15;16,06
24.06.2025 12:30;2,24
24.06.2025 12:45;2,4
24.06.2025 13:00;0,06
24.06.2025 13:15;0,38
24.06.2025 13:30;3,68
24.06.2025 13:45;9,18
24.06.2025 14:00;7,76
24.06.2025 14:15;14,6
24.06.2025 14:30;5,84
24.06.2025 14:45;13,04
24.06.2025 15:00;8,48
24.06.2025 15:15;5,14
24.06.2025 15:30;25,22
24.06.2025 15:45;17,8
24.06.2025 16:00;18,46
24.06.2025 16:15;21,5
24.06.2025 16:30;28,72
24.06.2025 16:45;24,9
24.06.2025 17:00;6,56
24.06.2025 17:15;24,3
24.06.2025 17:30;42,36
24.06.2025 17:45;63,92
24.06.2025 18:00;62,52
24.06.2025 18:15;56,38
24.06.2025 18:30;63,88
24.06.2025 18:45;72,22
24.06.2025 19:00;79,42
24.06.2025 19:15;64,54
24.06.2025 19:30;76,62
24.06.2025 19:45;79,04
24.06.2025 20:00;39,74
24.06.2025 20:15;58,62
24.06.2025 20:30;66,86
24.06.2025 20:45;72,2
24.06.2025 21:00;75,48
24.06.2025 21:15;73,08
24.06.2025 21:30;72,96
24.06.2025 21:45;67,64
24.06.2025 22:00;66,66
24.06.2025 22:15;61,96
24.06.2025 22:30;62,38
24.06.2025 22:45;50,42
24.06.2025 23:00;37,82
24.06.2025 23:15;26,42
24.06.2025 23:30;20,08
24.06.2025 23:45;18,22
25.06.2025 00:00;18,68
25.06.2025 00:15;15,32
25.06.2025 00:30;14,94
25.06.2025 00:45;17,38
25.06.2025 01:00;19,48
25.06.2025 01:15;17,44
25.06.2025 01:30;17,44
25.06.2025 01:45;20,12
25.06.2025 02:00;16,8
25.06.2025 02:15;16,16
25.06.2025 02:30;16,44
25.06.2025 02:45;15,72
25.06.2025 03:00;19,92
25.06.2025 03:15;15,38
25.06.2025 03:30;16,32
25.06.2025 03:45;17,14
25.06.2025 04:00;18,18
25.06.2025 04:15;14,94
25.06.2025 04:30;15,82
25.06.2025 04:45;17,68
25.06.2025 05:00;18,78
25.06.2025 05:15;17,62
25.06.2025 05:30;25,92
25.06.2025 05:45;43,34
25.06.2025 06:00;70,52
25.06.2025 06:15;83,48
25.06.2025 06:30;84,18
25.06.2025 06:45;82,16
25.06.2025 07:00;72
25.06.2025 07:15;68,18
25.06.2025 07:30;68,88
25.06.2025 07:45;63,44
25.06.2025 08:00;44,18
25.06.2025 08:15;48,42
25.06.2025 08:30;49,96
25.06.2025 08:45;47,86
25.06.2025 09:00;7,18
25.06.2025 09:15;10,46
25.06.2025 09:30;35,42
25.06.2025 09:45;38,86
25.06.2025 10:00;20,56
25.06.2025 10:15;21,44
25.06.2025 10:30;35,86
25.06.2025 10:45;26,9
25.06.2025 11:00;10,58
25.06.2025 11:15;0,76
25.06.2025 11:30;6,38
25.06.2025 11:45;13,34
25.06.2025 12:00;4,58
25.06.2025 12:15;5,5
25.06.2025 12:30;0,72
25.06.2025 12:45;48,84
25.06.2025 13:00;6,16
25.06.2025 13:15;0,22
25.06.2025 13:30;0,2
25.06.2025 13:45;1,24
25.06.2025 14:00;0,2
25.06.2025 14:15;1,52
25.06.2025 14:30;1,56
25.06.2025 14:45;11,24
25.06.2025 15:00;9,62
25.06.2025 15:15;11,22
25.06.2025 15:30;0,98
25.06.2025 15:45;6,8
25.06.2025 16:00;11,32
25.06.2025 16:15;15,36
25.06.2025 16:30;19,76
25.06.2025 16:45;18,64
25.06.2025 17:00;8,82
25.06.2025 17:15;23,44
25.06.2025 17:30;30,4
25.06.2025 17:45;48,64
25.06.2025 18:00;55,58
25.06.2025 18:15;58,5
25.06.2025 18:30;63,2
25.06.2025 18:45;65,8
25.06.2025 19:00;55,62
25.06.2025 19:15;49,64
25.06.2025 19:30;58,56
25.06.2025 19:45;61,4
25.06.2025 20:00;49,64
25.06.2025 20:15;64,1
25.06.2025 20:30;71,12
25.06.2025 20:45;70,22
25.06.2025 21:00;65,06
25.06.2025 21:15;70
25.06.2025 21:30;69,02
25.06.2025 21:45;72,9
25.06.2025 22:00;69,6
25.06.2025 22:15;70,32
25.06.2025 22:30;58,08
25.06.2025 22:45;48,52
25.06.2025 23:00;35,66
25.06.2025 23:15;37,86
25.06.2025 23:30;29,86
25.06.2025 23:45;26,24
26.06.2025 00:00;22,84
26.06.2025 00:15;21,94
26.06.2025 00:30;26,1
26.06.2025 00:45;20,7
26.06.2025 01:00;24,7
26.06.2025 01:15;23,82
26.06.2025 01:30;20,7
26.06.2025 01:45;24,72
26.06.2025 02:00;22,78
26.06.2025 02:15;20,32
26.06.2025 02:30;24
26.06.2025 02:45;20,72
26.06.2025 03:00;19,34
26.06.2025 03:15;23,36
26.06.2025 03:30;20,08
26.06.2025 03:45;19,24
26.06.2025 04:00;23,18
26.06.2025 04:15;18,38
26.06.2025 04:30;18,52
26.06.2025 04:45;22,68
26.06.2025 05:00;20,44
26.06.2025 05:15;24,42
26.06.2025 05:30;27,4
26.06.2025 05:45;35,82
26.06.2025 06:00;43,9
26.06.2025 06:15;50,64
26.06.2025 06:30;50,34
26.06.2025 06:45;53,8
26.06.2025 07:00;51,1
26.06.2025 07:15;39,78
26.06.2025 07:30;26,54
26.06.2025 07:45;27,48
26.06.2025 08:00;17,76
26.06.2025 08:15;9,38
26.06.2025 08:30;29,7
26.06.2025 08:45;49,46
26.06.2025 09:00;39,56
26.06.2025 09:15;23
26.06.2025 09:30;37,28
26.06.2025 09:45;60,18
26.06.2025 10:00;67,06
26.06.2025 10:15;82,16
26.06.2025 10:30;65,38
26.06.2025 10:45;53,96
26.06.2025 11:00;65,98
26.06.2025 11:15;57,96
26.06.2025 11:30;20,04
26.06.2025 11:45;39,32
26.06.2025 12:00;32,74
26.06.2025 12:15;34,24
26.06.2025 12:30;51,62
26.06.2025 12:45;66,34
26.06.2025 13:00;76,54
26.06.2025 13:15;69,6
26.06.2025 13:30;57,12
26.06.2025 13:45;53,04
26.06.2025 14:00;21,32
26.06.2025 14:15;21,44
26.06.2025 14:30;5
26.06.2025 14:45;12,78
26.06.2025 15:00;13,44
26.06.2025 15:15;28,8
26.06.2025 15:30;27,68
26.06.2025 15:45;55,74
26.06.2025 16:00;61,12
26.06.2025 16:15;72,12
26.06.2025 16:30;70,46
26.06.2025 16:45;47,94
26.06.2025 17:00;49,68
26.06.2025 17:15;67,24
26.06.2025 17:30;75,76
26.06.2025 17:45;81,16
26.06.2025 18:00;70,64
26.06.2025 18:15;76,46
26.06.2025 18:30;87,96
26.06.2025 18:45;88,26
26.06.2025 19:00;95,6
26.06.2025 19:15;88,78
26.06.2025 19:30;89,98
26.06.2025 19:45;82,32
26.06.2025 20:00;58,96
26.06.2025 20:15;75,24
26.06.2025 20:30;77,18
26.06.2025 20:45;77,88
26.06.2025 21:00;78,52
26.06.2025 21:15;79,1
26.06.2025 21:30;80,22
26.06.2025 21:45;83,08
26.06.2025 22:00;74,28
26.06.2025 22:15;60,8
26.06.2025 22:30;59,42
26.06.2025 22:45;42,5
26.06.2025 23:00;26,64
26.06.2025 23:15;15,48
26.06.2025 23:30;15,42
26.06.2025 23:45;20,74
27.06.2025 00:00;14,82
27.06.2025 00:15;15,3
27.06.2025 00:30;18,02
27.06.2025 00:45;16,62
27.06.2025 01:00;16,62
27.06.2025 01:15;19,32
27.06.2025 01:30;17,12
27.06.2025 01:45;16,32
27.06.2025 02:00;17,28
27.06.2025 02:15;18,44
27.06.2025 02:30;15,8
27.06.2025 02:45;16,1
27.06.2025 03:00;20,18
27.06.2025 03:15;15,26
27.06.2025 03:30;16,32
27.06.2025 03:45;19,02
27.06.2025 04:00;15,14
27.06.2025 04:15;13,42
27.06.2025 04:30;15,84
27.06.2025 04:45;16,28
27.06.2025 05:00;17,6
27.06.2025 05:15;20,26
27.06.2025 05:30;37,58
27.06.2025 05:45;43,88
27.06.2025 06:00;58
27.06.2025 06:15;64,1
27.06.2025 06:30;73,2
27.06.2025 06:45;72,28
27.06.2025 07:00;66,2
27.06.2025 07:15;65,76
27.06.2025 07:30;62,06
27.06.2025 07:45;56,22
27.06.2025 08:00;46,06
27.06.2025 08:15;31,78
27.06.2025 08:30;30,02
27.06.2025 08:45;45,18
27.06.2025 09:00;42,4
27.06.2025 09:15;58,44
27.06.2025 09:30;32,04
27.06.2025 09:45;12,44
27.06.2025 10:00;39,2
27.06.2025 10:15;85,3
27.06.2025 10:30;69,26
27.06.2025 10:45;29,38
27.06.2025 11:00;21,5
27.06.2025 11:15;45,6
27.06.2025 11:30;69,98
27.06.2025 11:45;47,28
27.06.2025 12:00;78,94
27.06.2025 12:15;45,92
27.06.2025 12:30;74,46
27.06.2025 12:45;67,54
27.06.2025 13:00;71,14
27.06.2025 13:15;83,14
27.06.2025 13:30;61,76
27.06.2025 13:45;64,4
27.06.2025 14:00;59,98
27.06.2025 14:15;50,22
27.06.2025 14:30;44,56
27.06.2025 14:45;26,24
27.06.2025 15:00;14,7
27.06.2025 15:15;5,38
27.06.2025 15:30;12,72
27.06.2025 15:45;34,42
27.06.2025 16:00;28,82
27.06.2025 16:15;15,14
27.06.2025 16:30;16,38
27.06.2025 16:45;11,24
27.06.2025 17:00;11,1
27.06.2025 17:15;11,66
27.06.2025 17:30;30,74
27.06.2025 17:45;34,52
27.06.2025 18:00;43,48
27.06.2025 18:15;50,12
27.06.2025 18:30;31,76
27.06.2025 18:45;38,2
27.06.2025 19:00;38,66
27.06.2025 19:15;48,34
27.06.2025 19:30;37,4
27.06.2025 19:45;24,62
27.06.2025 20:00;13,54
27.06.2025 20:15;4,62
27.06.2025 20:30;5,48
27.06.2025 20:45;7,54
27.06.2025 21:00;9,84
27.06.2025 21:15;9,28
27.06.2025 21:30;8,74
27.06.2025 21:45;8,5
27.06.2025 22:00;8,36
27.06.2025 22:15;10,14
27.06.2025 22:30;10,02
27.06.2025 22:45;8,16
27.06.2025 23:00;6,7
27.06.2025 23:15;6,34
27.06.2025 23:30;7,7
27.06.2025 23:45;9,2
28.06.2025 00:00;6,48
28.06.2025 00:15;7
28.06.2025 00:30;6,48
28.06.2025 00:45;6,36
28.06.2025 01:00;10,62
28.06.2025 01:15;7,48
28.06.2025 01:30;7,36
28.06.2025 01:45;8
28.06.2025 02:00;7,3
28.06.2025 02:15;8,24
28.06.2025 02:30;8,96
28.06.2025 02:45;6,68
28.06.2025 03:00;6,86
28.06.2025 03:15;7,44
28.06.2025 03:30;6,64
28.06.2025 03:45;9,5
28.06.2025 04:00;7,48
28.06.2025 04:15;6,68
28.06.2025 04:30;6,86
28.06.2025 04:45;7,3
28.06.2025 05:00;6,48
28.06.2025 05:15;8,98
28.06.2025 05:30;5,64
28.06.2025 05:45;3,84
28.06.2025 06:00;1,88
28.06.2025 06:15;0,84
28.06.2025 06:30;0
28.06.2025 06:45;0,36
28.06.2025 07:00;0
28.06.2025 07:15;0
28.06.2025 07:30;0
28.06.2025 07:45;0
28.06.2025 08:00;0
28.06.2025 08:15;0
28.06.2025 08:30;0
28.06.2025 08:45;0
28.06.2025 09:00;0
28.06.2025 09:15;0
28.06.2025 09:30;0
28.06.2025 09:45;0
28.06.2025 10:00;0
28.06.2025 10:15;0
28.06.2025 10:30;0
28.06.2025 10:45;0
28.06.2025 11:00;0
28.06.2025 11:15;0
28.06.2025 11:30;0
28.06.2025 11:45;0
28.06.2025 12:00;0
28.06.2025 12:15;0
28.06.2025 12:30;0
28.06.2025 12:45;0
28.06.2025 13:00;0
28.06.2025 13:15;0
28.06.2025 13:30;0
28.06.2025 13:45;0
28.06.2025 14:00;0
28.06.2025 14:15;0
28.06.2025 14:30;0
28.06.2025 14:45;0
28.06.2025 15:00;0
28.06.2025 15:15;0
28.06.2025 15:30;0
28.06.2025 15:45;0
28.06.2025 16:00;0
28.06.2025 16:15;0
28.06.2025 16:30;0
28.06.2025 16:45;0
28.06.2025 17:00;0
28.06.2025 17:15;0
28.06.2025 17:30;0
28.06.2025 17:45;0
28.06.2025 18:00;0,22
28.06.2025 18:15;0
28.06.2025 18:30;0,44
28.06.2025 18:45;0
28.06.2025 19:00;0,5
28.06.2025 19:15;0,44
28.06.2025 19:30;1,04
28.06.2025 19:45;0
28.06.2025 20:00;0,1
28.06.2025 20:15;1,14
28.06.2025 20:30;3,14
28.06.2025 20:45;6,06
28.06.2025 21:00;4,62
28.06.2025 21:15;4,28
28.06.2025 21:30;4,74
28.06.2025 21:45;7,08
28.06.2025 22:00;10,9
28.06.2025 22:15;5,16
28.06.2025 22:30;5,44
28.06.2025 22:45;4,8
28.06.2025 23:00;4,9
28.06.2025 23:15;4,98
28.06.2025 23:30;6,28
28.06.2025 23:45;9,52
29.06.2025 00:00;6,32
29.06.2025 00:15;5,56
29.06.2025 00:30;5,86
29.06.2025 00:45;5,34
29.06.2025 01:00;7,46
29.06.2025 01:15;10,22
29.06.2025 01:30;6,72
29.06.2025 01:45;6,64
29.06.2025 02:00;7,46
29.06.2025 02:15;6,54
29.06.2025 02:30;6,74
29.06.2025 02:45;7,74
29.06.2025 03:00;10,16
29.06.2025 03:15;6,58
29.06.2025 03:30;6,58
29.06.2025 03:45;7,34
29.06.2025 04:00;6,58
29.06.2025 04:15;6,62
29.06.2025 04:30;8,94
29.06.2025 04:45;7,76
29.06.2025 05:00;6,22
29.06.2025 05:15;5,66
29.06.2025 05:30;5,2
29.06.2025 05:45;3,78
29.06.2025 06:00;0,42
29.06.2025 06:15;0,8
29.06.2025 06:30;0
29.06.2025 06:45;0
29.06.2025 07:00;0
29.06.2025 07:15;0
29.06.2025 07:30;0
29.06.2025 07:45;0
29.06.2025 08:00;0
29.06.2025 08:15;0
29.06.2025 08:30;0
29.06.2025 08:45;0
29.06.2025 09:00;0
29.06.2025 09:15;0
29.06.2025 09:30;0
29.06.2025 09:45;0
29.06.2025 10:00;0
29.06.2025 10:15;0
29.06.2025 10:30;0
29.06.2025 10:45;0
29.06.2025 11:00;0
29.06.2025 11:15;0
29.06.2025 11:30;0
29.06.2025 11:45;0
29.06.2025 12:00;0
29.06.2025 12:15;0
29.06.2025 12:30;0
29.06.2025 12:45;0
29.06.2025 13:00;0
29.06.2025 13:15;0
29.06.2025 13:30;0
29.06.2025 13:45;0
29.06.2025 14:00;0
29.06.2025 14:15;0
29.06.2025 14:30;0
29.06.2025 14:45;0
29.06.2025 15:00;0
29.06.2025 15:15;0
29.06.2025 15:30;0
29.06.2025 15:45;0
29.06.2025 16:00;0
29.06.2025 16:15;0
29.06.2025 16:30;0
29.06.2025 16:45;0
29.06.2025 17:00;0
29.06.2025 17:15;0
29.06.2025 17:30;0
29.06.2025 17:45;0
29.06.2025 18:00;0
29.06.2025 18:15;0
29.06.2025 18:30;0
29.06.2025 18:45;0
29.06.2025 19:00;0
29.06.2025 19:15;0
29.06.2025 19:30;0
29.06.2025 19:45;0
29.06.2025 20:00;0,22
29.06.2025 20:15;3,6
29.06.2025 20:30;3,34
29.06.2025 20:45;3,22
29.06.2025 21:00;4,58
29.06.2025 21:15;4,16
29.06.2025 21:30;9,22
29.06.2025 21:45;10,26
29.06.2025 22:00;8,48
29.06.2025 22:15;7,5
29.06.2025 22:30;8,38
29.06.2025 22:45;7,68
29.06.2025 23:00;7,68
29.06.2025 23:15;8,56
29.06.2025 23:30;4,66
29.06.2025 23:45;4,88
30.06.2025 00:00;4,66
30.06.2025 00:15;4,94
30.06.2025 00:30;4,48
30.06.2025 00:45;9,1
30.06.2025 01:00;7,08
30.06.2025 01:15;7,94
30.06.2025 01:30;7,06
30.06.2025 01:45;7,72
30.06.2025 02:00;7,48
30.06.2025 02:15;13,18
30.06.2025 02:30;8
30.06.2025 02:45;8,44
30.06.2025 03:00;7,58
30.06.2025 03:15;8,22
30.06.2025 03:30;7,48
30.06.2025 03:45;8
30.06.2025 04:00;8,86
30.06.2025 04:15;8,66
30.06.2025 04:30;7
30.06.2025 04:45;11,22
30.06.2025 05:00;11,62
30.06.2025 05:15;14,2
30.06.2025 05:30;31,18
30.06.2025 05:45;47,3
30.06.2025 06:00;66,42
30.06.2025 06:15;75,12
30.06.2025 06:30;88,54
30.06.2025 06:45;91,1
30.06.2025 07:00;89,36
30.06.2025 07:15;85,84
30.06.2025 07:30;85,4
30.06.2025 07:45;79,66
30.06.2025 08:00;76,94
30.06.2025 08:15;64,5
30.06.2025 08:30;54,98
30.06.2025 08:45;58,64
30.06.2025 09:00;43,16
30.06.2025 09:15;42,4
30.06.2025 09:30;54,28
30.06.2025 09:45;36,28
30.06.2025 10:00;40,38
30.06.2025 10:15;44,18
30.06.2025 10:30;23,82
30.06.2025 10:45;23,46
30.06.2025 11:00;42,82
30.06.2025 11:15;41,28
30.06.2025 11:30;39,04
30.06.2025 11:45;29,84
30.06.2025 12:00;7,22
30.06.2025 12:15;19,84
30.06.2025 12:30;23,32
30.06.2025 12:45;13,26
30.06.2025 13:00;21,72
30.06.2025 13:15;22,32
30.06.2025 13:30;18,18
30.06.2025 13:45;30,86
30.06.2025 14:00;25,94
30.06.2025 14:15;21,26
30.06.2025 14:30;39,24
30.06.2025 14:45;42,7
30.06.2025 15:00;30,56
30.06.2025 15:15;39,34
30.06.2025 15:30;37,7
30.06.2025 15:45;37,94
30.06.2025 16:00;36,3
30.06.2025 16:15;35,96
30.06.2025 16:30;42,6
30.06.2025 16:45;37,86
30.06.2025 17:00;22,22
30.06.2025 17:15;18,22
30.06.2025 17:30;39,8
30.06.2025 17:45;46,78
30.06.2025 18:00;53,46
30.06.2025 18:15;50,34
30.06.2025 18:30;59,86
30.06.2025 18:45;61,02
30.06.2025 19:00;63,52
30.06.2025 19:15;76,58
30.06.2025 19:30;67,32
30.06.2025 19:45;71,02
30.06.2025 20:00;63,6
30.06.2025 20:15;57,68
30.06.2025 20:30;70,56
30.06.2025 20:45;74,66
30.06.2025 21:00;79,84
30.06.2025 21:15;78,96
30.06.2025 21:30;68,46
30.06.2025 21:45;69,72
30.06.2025 22:00;71,3
30.06.2025 22:15;63,86
30.06.2025 22:30;60,84
30.06.2025 22:45;61,66
30.06.2025 23:00;50,14
30.06.2025 23:15;35,62
30.06.2025 23:30;23,36
30.06.2025 23:45;16,24
01.07.2025 00:00;12,88
01.07.2025 00:15;17
01.07.2025 00:30;16,68
01.07.2025 00:45;13,14
01.07.2025 01:00;16,18
01.07.2025 01:15;19,72
01.07.2025 01:30;15,6
01.07.2025 01:45;15,8
01.07.2025 02:00;18,54
01.07.2025 02:15;14,92
01.07.2025 02:30;14,64
01.07.2025 02:45;18,58
01.07.2025 03:00;14,84
01.07.2025 03:15;15,02
01.07.2025 03:30;19,06
01.07.2025 03:45;15,76
01.07.2025 04:00;15
01.07.2025 04:15;16
01.07.2025 04:30;16,26
01.07.2025 04:45;17,86
01.07.2025 05:00;19,48
01.07.2025 05:15;23,36
01.07.2025 05:30;30,28
01.07.2025 05:45;40,54
01.07.2025 06:00;43,14
01.07.2025 06:15;48,26
01.07.2025 06:30;45,68
01.07.2025 06:45;53,1
01.07.2025 07:00;58,58
01.07.2025 07:15;54,02
01.07.2025 07:30;61,62
01.07.2025 07:45;55,62
01.07.2025 08:00;50,56
01.07.2025 08:15;44,5
01.07.2025 08:30;38,88
01.07.2025 08:45;36,14
01.07.2025 09:00;17,14
01.07.2025 09:15;15,48
01.07.2025 09:30;23,68
01.07.2025 09:45;29,74
01.07.2025 10:00;30,76
01.07.2025 10:15;25,54
01.07.2025 10:30;7,46
01.07.2025 10:45;3,5
01.07.2025 11:00;10,38
01.07.2025 11:15;16,08
01.07.2025 11:30;23,4
01.07.2025 11:45;17,98
01.07.2025 12:00;7,7
01.07.2025 12:15;18,18
01.07.2025 12:30;12
01.07.2025 12:45;17,44
01.07.2025 13:00;28,76
01.07.2025 13:15;33,24
01.07.2025 13:30;32,42
01.07.2025 13:45;22,68
01.07.2025 14:00;31,14
01.07.2025 14:15;40,86
01.07.2025 14:30;37,32
01.07.2025 14:45;43
01.07.2025 15:00;23,74
01.07.2025 15:15;28,32
01.07.2025 15:30;28,58
01.07.2025 15:45;43,36
01.07.2025 16:00;19,72
01.07.2025 16:15;24,36
01.07.2025 16:30;35,14
01.07.2025 16:45;40,38
01.07.2025 17:00;29,4
01.07.2025 17:15;38,24
01.07.2025 17:30;46,28
01.07.2025 17:45;55,74
01.07.2025 18:00;52,2
01.07.2025 18:15;58,5
01.07.2025 18:30;67,36
01.07.2025 18:45;69,7
01.07.2025 19:00;70,04
01.07.2025 19:15;80,58
01.07.2025 19:30;78,9
01.07.2025 19:45;72,06
01.07.2025 20:00;62,88
01.07.2025 20:15;55,06
01.07.2025 20:30;67,9
01.07.2025 20:45;68,5
01.07.2025 21:00;66,66
01.07.2025 21:15;64,72
01.07.2025 21:30;60,74
01.07.2025 21:45;58,22
01.07.2025 22:00;70,7
01.07.2025 22:15;73,88
01.07.2025 22:30;72,3
01.07.2025 22:45;60,66
01.07.2025 23:00;45,24
01.07.2025 23:15;35,1
01.07.2025 23:30;24,32
01.07.2025 23:45;17,04
02.07.2025 00:00;18,86
02.07.2025 00:15;15,46
02.07.2025 00:30;15,84
02.07.2025 00:45;15,88
02.07.2025 01:00;22,22
02.07.2025 01:15;18,92
02.07.2025 01:30;18,9
02.07.2025 01:45;17,96
02.07.2025 02:00;17,42
02.07.2025 02:15;20,42
02.07.2025 02:30;17,48
02.07.2025 02:45;16,3
02.07.2025 03:00;16,36
02.07.2025 03:15;16,62
02.07.2025 03:30;17,9
02.07.2025 03:45;18,5
02.07.2025 04:00;15,6
02.07.2025 04:15;15,36
02.07.2025 04:30;15,02
02.07.2025 04:45;18,78
02.07.2025 05:00;19,6
02.07.2025 05:15;29,28
02.07.2025 05:30;59,28
02.07.2025 05:45;73,4
02.07.2025 06:00;71,84
02.07.2025 06:15;69,54
02.07.2025 06:30;56,38
02.07.2025 06:45;64,52
02.07.2025 07:00;70,18
02.07.2025 07:15;66,7
02.07.2025 07:30;61,08
02.07.2025 07:45;53,34
02.07.2025 08:00;52,9
02.07.2025 08:15;56,88
02.07.2025 08:30;51,66
02.07.2025 08:45;43,24
02.07.2025 09:00;17,98
02.07.2025 09:15;22,04
02.07.2025 09:30;40,86
02.07.2025 09:45;32,58
02.07.2025 10:00;16,48
02.07.2025 10:15;20,04
02.07.2025 10:30;24,68
02.07.2025 10:45;15,64
02.07.2025 11:00;16,92
02.07.2025 11:15;11,7
02.07.2025 11:30;14,32
02.07.2025 11:45;17,62
02.07.2025 12:00;0,64
02.07.2025 12:15;0,34
02.07.2025 12:30;9,26
02.07.2025 12:45;3,42
02.07.2025 13:00;2,8
02.07.2025 13:15;0,02
02.07.2025 13:30;0,84
02.07.2025 13:45;2,04
02.07.2025 14:00;17,36
02.07.2025 14:15;12,22
02.07.2025 14:30;7,24
02.07.2025 14:45;3,4
02.07.2025 15:00;26,62
02.07.2025 15:15;27,48
02.07.2025 15:30;21,34
02.07.2025 15:45;26,42
02.07.2025 16:00;16,7
02.07.2025 16:15;31,12
02.07.2025 16:30;19,02
02.07.2025 16:45;6,44
02.07.2025 17:00;3,54
02.07.2025 17:15;16,62
02.07.2025 17:30;29,4
02.07.2025 17:45;36,2
02.07.2025 18:00;37,14
02.07.2025 18:15;42,94
02.07.2025 18:30;59,02
02.07.2025 18:45;65,02
02.07.2025 19:00;72,4
02.07.2025 19:15;65,94
02.07.2025 19:30;72,58
02.07.2025 19:45;71,8
02.07.2025 20:00;68,48
02.07.2025 20:15;64,12
02.07.2025 20:30;79,76
02.07.2025 20:45;81,82
02.07.2025 21:00;90,72
02.07.2025 21:15;85,22
02.07.2025 21:30;73,16
02.07.2025 21:45;68,7
02.07.2025 22:00;75,24
02.07.2025 22:15;71,4
02.07.2025 22:30;63,34
02.07.2025 22:45;50,26
02.07.2025 23:00;36,7
02.07.2025 23:15;35,36
02.07.2025 23:30;34,26
02.07.2025 23:45;35,5
03.07.2025 00:00;34,08
03.07.2025 00:15;30,78
03.07.2025 00:30;29,5
03.07.2025 00:45;33,86
03.07.2025 01:00;33,44
03.07.2025 01:15;31,28
03.07.2025 01:30;27,38
03.07.2025 01:45;34,26
03.07.2025 02:00;31,5
03.07.2025 02:15;29,38
03.07.2025 02:30;24,62
03.07.2025 02:45;27,38
03.07.2025 03:00;20,68
03.07.2025 03:15;24,5
03.07.2025 03:30;24,34
03.07.2025 03:45;20,56
03.07.2025 04:00;25,58
03.07.2025 04:15;22,02
03.07.2025 04:30;20,38
03.07.2025 04:45;31,16
03.07.2025 05:00;24,7
03.07.2025 05:15;28,7
03.07.2025 05:30;42,5
03.07.2025 05:45;54,12
03.07.2025 06:00;83,58
03.07.2025 06:15;71,84
03.07.2025 06:30;58,34
03.07.2025 06:45;47,26
03.07.2025 07:00;52,88
03.07.2025 07:15;64,1
03.07.2025 07:30;68,58
03.07.2025 07:45;73,06
03.07.2025 08:00;73,36
03.07.2025 08:15;66,24
03.07.2025 08:30;72,06
03.07.2025 08:45;66,86
03.07.2025 09:00;55,02
03.07.2025 09:15;25,06
03.07.2025 09:30;23,62
03.07.2025 09:45;52,48
03.07.2025 10:00;85,2
03.07.2025 10:15;93,32
03.07.2025 10:30;99,44
03.07.2025 10:45;99,66
03.07.2025 11:00;105,68
03.07.2025 11:15;96,3
03.07.2025 11:30;90,88
03.07.2025 11:45;88,32
03.07.2025 12:00;70,5
03.07.2025 12:15;52,26
03.07.2025 12:30;75,74
03.07.2025 12:45;84,62
03.07.2025 13:00;70,7
03.07.2025 13:15;82,28
03.07.2025 13:30;89,52
03.07.2025 13:45;79,52
03.07.2025 14:00;78,2
03.07.2025 14:15;85,46
03.07.2025 14:30;76,78
03.07.2025 14:45;71,28
03.07.2025 15:00;69,24
03.07.2025 15:15;96,92
03.07.2025 15:30;87,18
03.07.2025 15:45;71,96
03.07.2025 16:00;59,04
03.07.2025 16:15;79,98
03.07.2025 16:30;77,62
03.07.2025 16:45;78,32
03.07.2025 17:00;62,6
03.07.2025 17:15;70,66
03.07.2025 17:30;68,84
03.07.2025 17:45;21,4
03.07.2025 18:00;36,32
03.07.2025 18:15;52,42
03.07.2025 18:30;65,9
03.07.2025 18:45;83,64
03.07.2025 19:00;74,32
03.07.2025 19:15;70,2
03.07.2025 19:30;73
03.07.2025 19:45;80,24
03.07.2025 20:00;61,98
03.07.2025 20:15;63,88
03.07.2025 20:30;77,3
03.07.2025 20:45;88,3
03.07.2025 21:00;91,32
03.07.2025 21:15;93,58
03.07.2025 21:30;91,84
03.07.2025 21:45;85,54
03.07.2025 22:00;94,62
03.07.2025 22:15;95,78
03.07.2025 22:30;91,2
03.07.2025 22:45;87,94
03.07.2025 23:00;78,1
03.07.2025 23:15;68,78
03.07.2025 23:30;65,3
03.07.2025 23:45;34,6
04.07.2025 00:00;16,48
04.07.2025 00:15;13,48
04.07.2025 00:30;9,96
04.07.2025 00:45;10,36
04.07.2025 01:00;12,12
04.07.2025 01:15;12
04.07.2025 01:30;12,66
04.07.2025 01:45;15,04
04.07.2025 02:00;11,96
04.07.2025 02:15;11,96
04.07.2025 02:30;11,76
04.07.2025 02:45;12,2
04.07.2025 03:00;14,2
04.07.2025 03:15;13,08
04.07.2025 03:30;11,62
04.07.2025 03:45;11,74
04.07.2025 04:00;11,46
04.07.2025 04:15;11,28
04.07.2025 04:30;16,12
04.07.2025 04:45;14,82
04.07.2025 05:00;16
04.07.2025 05:15;22,38
04.07.2025 05:30;56,3
04.07.2025 05:45;70,96
04.07.2025 06:00;70,64
04.07.2025 06:15;76,6
04.07.2025 06:30;70,38
04.07.2025 06:45;75,14
04.07.2025 07:00;81
04.07.2025 07:15;78,14
04.07.2025 07:30;74,28
04.07.2025 07:45;73,64
04.07.2025 08:00;68,54
04.07.2025 08:15;48,72
04.07.2025 08:30;37,28
04.07.2025 08:45;33,12
04.07.2025 09:00;17,28
04.07.2025 09:15;45,32
04.07.2025 09:30;31,74
04.07.2025 09:45;19,44
04.07.2025 10:00;19,78
04.07.2025 10:15;21,44
04.07.2025 10:30;23,68
04.07.2025 10:45;15,82
04.07.2025 11:00;11,66
04.07.2025 11:15;21,04
04.07.2025 11:30;22,28
04.07.2025 11:45;5,4
04.07.2025 12:00;25,68
04.07.2025 12:15;17,42
04.07.2025 12:30;22,28
04.07.2025 12:45;21,3
04.07.2025 13:00;39,04
04.07.2025 13:15;3,38
04.07.2025 13:30;1,22
04.07.2025 13:45;4,12
04.07.2025 14:00;14,08
04.07.2025 14:15;59,14
04.07.2025 14:30;41,04
04.07.2025 14:45;13,46
04.07.2025 15:00;19,8
04.07.2025 15:15;53,22
04.07.2025 15:30;4,88
04.07.2025 15:45;35,46
04.07.2025 16:00;15,48
04.07.2025 16:15;32,92
04.07.2025 16:30;42,44
04.07.2025 16:45;31,68
04.07.2025 17:00;36,12
04.07.2025 17:15;47,8
04.07.2025 17:30;45,38
04.07.2025 17:45;37,84
04.07.2025 18:00;56,54
04.07.2025 18:15;57,68
04.07.2025 18:30;49,98
04.07.2025 18:45;42,72
04.07.2025 19:00;38,82
04.07.2025 19:15;42,62
04.07.2025 19:30;42,72
04.07.2025 19:45;23,48
04.07.2025 20:00;13,74
04.07.2025 20:15;6,48
04.07.2025 20:30;8,7
04.07.2025 20:45;9,14
04.07.2025 21:00;13,68
04.07.2025 21:15;11,1
04.07.2025 21:30;9,96
04.07.2025 21:45;11,04
04.07.2025 22:00;10,62
04.07.2025 22:15;12,58
04.07.2025 22:30;10,7
04.07.2025 22:45;9,9
04.07.2025 23:00;8,04
04.07.2025 23:15;8,28
04.07.2025 23:30;10,46
04.07.2025 23:45;9,28
05.07.2025 00:00;8,24
05.07.2025 00:15;7,1
05.07.2025 00:30;8,08
05.07.2025 00:45;8,04
05.07.2025 01:00;10,26
05.07.2025 01:15;9,08
05.07.2025 01:30;8,58
05.07.2025 01:45;8,42
05.07.2025 02:00;8,86
05.07.2025 02:15;7,9
05.07.2025 02:30;9,56
05.07.2025 02:45;6,68
05.07.2025 03:00;5,9
05.07.2025 03:15;6,66
05.07.2025 03:30;6,66
05.07.2025 03:45;5,9
05.07.2025 04:00;9,82
05.07.2025 04:15;5,98
05.07.2025 04:30;6,42
05.07.2025 04:45;6,58
05.07.2025 05:00;5,66
05.07.2025 05:15;8,2
05.07.2025 05:30;9,94
05.07.2025 05:45;8,74
05.07.2025 06:00;5,1
05.07.2025 06:15;2,64
05.07.2025 06:30;0,04
05.07.2025 06:45;0,1
05.07.2025 07:00;0
05.07.2025 07:15;0
05.07.2025 07:30;0
05.07.2025 07:45;0
05.07.2025 08:00;0
05.07.2025 08:15;0
05.07.2025 08:30;0
05.07.2025 08:45;0
05.07.2025 09:00;0
05.07.2025 09:15;0
05.07.2025 09:30;0
05.07.2025 09:45;0
05.07.2025 10:00;0
05.07.2025 10:15;0
05.07.2025 10:30;0
05.07.2025 10:45;0
05.07.2025 11:00;0
05.07.2025 11:15;0
05.07.2025 11:30;0
05.07.2025 11:45;0
05.07.2025 12:00;0
05.07.2025 12:15;0
05.07.2025 12:30;0
05.07.2025 12:45;0
05.07.2025 13:00;0
05.07.2025 13:15;0
05.07.2025 13:30;0
05.07.2025 13:45;0
05.07.2025 14:00;0
05.07.2025 14:15;0
05.07.2025 14:30;0,08
05.07.2025 14:45;0
05.07.2025 15:00;0
05.07.2025 15:15;0
05.07.2025 15:30;0
05.07.2025 15:45;0
05.07.2025 16:00;0
05.07.2025 16:15;0
05.07.2025 16:30;0
05.07.2025 16:45;0
05.07.2025 17:00;0
05.07.2025 17:15;0
05.07.2025 17:30;0
05.07.2025 17:45;0
05.07.2025 18:00;0
05.07.2025 18:15;0
05.07.2025 18:30;0
05.07.2025 18:45;0
05.07.2025 19:00;0
05.07.2025 19:15;0
05.07.2025 19:30;0
05.07.2025 19:45;0
05.07.2025 20:00;0
05.07.2025 20:15;0,66
05.07.2025 20:30;1,46
05.07.2025 20:45;5,5
05.07.2025 21:00;5,22
05.07.2025 21:15;3,98
05.07.2025 21:30;4,72
05.07.2025 21:45;4,46
05.07.2025 22:00;7,96
05.07.2025 22:15;5,04
05.07.2025 22:30;3,98
05.07.2025 22:45;4,98
05.07.2025 23:00;5,04
05.07.2025 23:15;9,06
05.07.2025 23:30;6,12
05.07.2025 23:45;5,4
06.07.2025 00:00;5,14
06.07.2025 00:15;5,66
06.07.2025 00:30;6,62
06.07.2025 00:45;5,1
06.07.2025 01:00;7
06.07.2025 01:15;6,34
06.07.2025 01:30;7,86
06.07.2025 01:45;8,92
06.07.2025 02:00;6,24
06.07.2025 02:15;7,14
06.07.2025 02:30;8,08
06.07.2025 02:45;10,22
06.07.2025 03:00;9,12
06.07.2025 03:15;6,12
06.07.2025 03:30;7,08
06.07.2025 03:45;7,04
06.07.2025 04:00;7,58
06.07.2025 04:15;8,66
06.07.2025 04:30;6,8
06.07.2025 04:45;6,3
06.07.2025 05:00;6,88
06.07.2025 05:15;5,82
06.07.2025 05:30;8,96
06.07.2025 05:45;5,24
06.07.2025 06:00;1,22
06.07.2025 06:15;1,18
06.07.2025 06:30;0,16
06.07.2025 06:45;0
06.07.2025 07:00;0,08
06.07.2025 07:15;0
06.07.2025 07:30;0
06.07.2025 07:45;0
06.07.2025 08:00;0
06.07.2025 08:15;0
06.07.2025 08:30;0
06.07.2025 08:45;0
06.07.2025 09:00;0
06.07.2025 09:15;0
06.07.2025 09:30;0
06.07.2025 09:45;0
06.07.2025 10:00;0
06.07.2025 10:15;0
06.07.2025 10:30;0
06.07.2025 10:45;0
06.07.2025 11:00;0
06.07.2025 11:15;0
06.07.2025 11:30;0
06.07.2025 11:45;0
06.07.2025 12:00;0
06.07.2025 12:15;0
06.07.2025 12:30;0
06.07.2025 12:45;0
06.07.2025 13:00;0
06.07.2025 13:15;0
06.07.2025 13:30;0
06.07.2025 13:45;0
06.07.2025 14:00;0
06.07.2025 14:15;0
06.07.2025 14:30;0
06.07.2025 14:45;0
06.07.2025 15:00;0
06.07.2025 15:15;0,16
06.07.2025 15:30;0
06.07.2025 15:45;0
06.07.2025 16:00;0
06.07.2025 16:15;0,16
06.07.2025 16:30;5,54
06.07.2025 16:45;4,52
06.07.2025 17:00;5,68
06.07.2025 17:15;5,12
06.07.2025 17:30;1,04
06.07.2025 17:45;2,36
06.07.2025 18:00;1,66
06.07.2025 18:15;1,16
06.07.2025 18:30;1,32
06.07.2025 18:45;0
06.07.2025 19:00;0
06.07.2025 19:15;0
06.07.2025 19:30;0
06.07.2025 19:45;0
06.07.2025 20:00;1,44
06.07.2025 20:15;3,9
06.07.2025 20:30;4,14
06.07.2025 20:45;4,8
06.07.2025 21:00;4,1
06.07.2025 21:15;7,3
06.07.2025 21:30;5,7
06.07.2025 21:45;5,26
06.07.2025 22:00;5,12
06.07.2025 22:15;4,2
06.07.2025 22:30;6,64
06.07.2025 22:45;6,82
06.07.2025 23:00;4,2
06.07.2025 23:15;4,94
06.07.2025 23:30;4,4
06.07.2025 23:45;7,02
07.07.2025 00:00;6,96
07.07.2025 00:15;4,68
07.07.2025 00:30;5,54
07.07.2025 00:45;5,48
07.07.2025 01:00;7,04
07.07.2025 01:15;9,08
07.07.2025 01:30;6,82
07.07.2025 01:45;6,2
07.07.2025 02:00;6,94
07.07.2025 02:15;6,08
07.07.2025 02:30;7,9
07.07.2025 02:45;8,82
07.07.2025 03:00;6,72
07.07.2025 03:15;8,92
07.07.2025 03:30;8,24
07.07.2025 03:45;6,06
07.07.2025 04:00;8,08
07.07.2025 04:15;8,5
07.07.2025 04:30;6,34
07.07.2025 04:45;6,96
07.07.2025 05:00;10,12
07.07.2025 05:15;12,04
07.07.2025 05:30;19,38
07.07.2025 05:45;53,3
07.07.2025 06:00;46,58
07.07.2025 06:15;48,88
07.07.2025 06:30;49,56
07.07.2025 06:45;52,22
07.07.2025 07:00;61,1
07.07.2025 07:15;68,04
07.07.2025 07:30;69,52
07.07.2025 07:45;67,68
07.07.2025 08:00;72,16
07.07.2025 08:15;83,62
07.07.2025 08:30;82,74
07.07.2025 08:45;73,62
07.07.2025 09:00;68,58
07.07.2025 09:15;71,62
07.07.2025 09:30;77,8
07.07.2025 09:45;74,58
07.07.2025 10:00;76,48
07.07.2025 10:15;39,18
07.07.2025 10:30;47,54
07.07.2025 10:45;52,42
07.07.2025 11:00;56,48
07.07.2025 11:15;54,08
07.07.2025 11:30;40,86
07.07.2025 11:45;73,52
07.07.2025 12:00;63,46
07.07.2025 12:15;47
07.07.2025 12:30;9,4
07.07.2025 12:45;42,28
07.07.2025 13:00;
07.07.2025 13:15;55,62
07.07.2025 13:30;41,36
07.07.2025 13:45;16,66
07.07.2025 14:00;46,5
07.07.2025 14:15;20,9
07.07.2025 14:30;23,44
07.07.2025 14:45;30,06
07.07.2025 15:00;103,84
07.07.2025 15:15;122,52
07.07.2025 15:30;108,16
07.07.2025 15:45;106,24
07.07.2025 16:00;112
07.07.2025 16:15;114,28
07.07.2025 16:30;109,7
07.07.2025 16:45;103,4
07.07.2025 17:00;75,2
07.07.2025 17:15;93,76
07.07.2025 17:30;106,06
07.07.2025 17:45;110,3
07.07.2025 18:00;114,46
07.07.2025 18:15;112,6
07.07.2025 18:30;96,98
07.07.2025 18:45;113
07.07.2025 19:00;108,08
07.07.2025 19:15;107,8
07.07.2025 19:30;99,84
07.07.2025 19:45;91,58
07.07.2025 20:00;73,4
07.07.2025 20:15;76,54
07.07.2025 20:30;92,56
07.07.2025 20:45;111,5
07.07.2025 21:00;107,92
07.07.2025 21:15;105,66
07.07.2025 21:30;105,32
07.07.2025 21:45;102,12
07.07.2025 22:00;91,42
07.07.2025 22:15;86,68
07.07.2025 22:30;84,76
07.07.2025 22:45;87,18
07.07.2025 23:00;72,06
07.07.2025 23:15;52,38
07.07.2025 23:30;39,44
07.07.2025 23:45;32,78
08.07.2025 00:00;35,1
08.07.2025 00:15;31,7
08.07.2025 00:30;23,32
08.07.2025 00:45;21,16
08.07.2025 01:00;17,16
08.07.2025 01:15;13,2
08.07.2025 01:30;14
08.07.2025 01:45;14,3
08.07.2025 02:00;11,86
08.07.2025 02:15;11,92
08.07.2025 02:30;10,72
08.07.2025 02:45;10,24
08.07.2025 03:00;10,2
08.07.2025 03:15;13,22
08.07.2025 03:30;9,72
08.07.2025 03:45;10,06
08.07.2025 04:00;9,52
08.07.2025 04:15;9,42
08.07.2025 04:30;9,16
08.07.2025 04:45;15,3
08.07.2025 05:00;15,08
08.07.2025 05:15;15,34
08.07.2025 05:30;25,96
08.07.2025 05:45;53,24
08.07.2025 06:00;68,72
08.07.2025 06:15;67,5
08.07.2025 06:30;55,62
08.07.2025 06:45;53,96
08.07.2025 07:00;69,64
08.07.2025 07:15;75,02
08.07.2025 07:30;84,7
08.07.2025 07:45;80,06
08.07.2025 08:00;80,34
08.07.2025 08:15;83,1
08.07.2025 08:30;81,06
08.07.2025 08:45;98,36
08.07.2025 09:00;81,96
08.07.2025 09:15;73,42
08.07.2025 09:30;84,58
08.07.2025 09:45;91,88
08.07.2025 10:00;94,76
08.07.2025 10:15;94,48
08.07.2025 10:30;95,42
08.07.2025 10:45;50,26
08.07.2025 11:00;48,86
08.07.2025 11:15;23,2
08.07.2025 11:30;49,58
08.07.2025 11:45;48,62
08.07.2025 12:00;51,72
08.07.2025 12:15;65,18
08.07.2025 12:30;75,46
08.07.2025 12:45;69,76
08.07.2025 13:00;84,68
08.07.2025 13:15;66,8
08.07.2025 13:30;65
08.07.2025 13:45;55,22
08.07.2025 14:00;51,22
08.07.2025 14:15;54,54
08.07.2025 14:30;50,46
08.07.2025 14:45;50,56
08.07.2025 15:00;20,68
08.07.2025 15:15;30,46
08.07.2025 15:30;43,14
08.07.2025 15:45;25,66
08.07.2025 16:00;57,92
08.07.2025 16:15;50,68
08.07.2025 16:30;52,18
08.07.2025 16:45;46,76
08.07.2025 17:00;37,72
08.07.2025 17:15;45,74
08.07.2025 17:30;41,68
08.07.2025 17:45;49,72
08.07.2025 18:00;63,72
08.07.2025 18:15;49,5
08.07.2025 18:30;55,58
08.07.2025 18:45;49,34
08.07.2025 19:00;64,62
08.07.2025 19:15;66,74
08.07.2025 19:30;82,04
08.07.2025 19:45;81,44
08.07.2025 20:00;65,02
08.07.2025 20:15;76,02
08.07.2025 20:30;76,18
08.07.2025 20:45;85,82
08.07.2025 21:00;81,68
08.07.2025 21:15;82,64
08.07.2025 21:30;82,48
08.07.2025 21:45;80,94
08.07.2025 22:00;78,7
08.07.2025 22:15;78,84
08.07.2025 22:30;74
08.07.2025 22:45;54,38
08.07.2025 23:00;31,16
08.07.2025 23:15;23,92
08.07.2025 23:30;11,96
08.07.2025 23:45;8,26
09.07.2025 00:00;7,96
09.07.2025 00:15;10,34
09.07.2025 00:30;9,22
09.07.2025 00:45;7,82
09.07.2025 01:00;8,2
09.07.2025 01:15;7,78
09.07.2025 01:30;7,7
09.07.2025 01:45;8,8
09.07.2025 02:00;10,32
09.07.2025 02:15;7,72
09.07.2025 02:30;8,1
09.07.2025 02:45;7,5
09.07.2025 03:00;7,52
09.07.2025 03:15;7,46
09.07.2025 03:30;10,86
09.07.2025 03:45;8,02
09.07.2025 04:00;7,36
09.07.2025 04:15;7,38
09.07.2025 04:30;7,62
09.07.2025 04:45;9,32
09.07.2025 05:00;14,48
09.07.2025 05:15;13
09.07.2025 05:30;24,54
09.07.2025 05:45;35,54
09.07.2025 06:00;50,1
09.07.2025 06:15;41,16
09.07.2025 06:30;48,38
09.07.2025 06:45;43,74
09.07.2025 07:00;36,58
09.07.2025 07:15;40,54
09.07.2025 07:30;44,66
09.07.2025 07:45;53,4
09.07.2025 08:00;67,64
09.07.2025 08:15;44
09.07.2025 08:30;43,96
09.07.2025 08:45;35,84
09.07.2025 09:00;28,7
09.07.2025 09:15;6,74
09.07.2025 09:30;28,1
09.07.2025 09:45;20,92
09.07.2025 10:00;36,86
09.07.2025 10:15;50
09.07.2025 10:30;32,44
09.07.2025 10:45;25,6
09.07.2025 11:00;42,58
09.07.2025 11:15;33,02
09.07.2025 11:30;33,42
09.07.2025 11:45;16,38
09.07.2025 12:00;31,42
09.07.2025 12:15;29,4
09.07.2025 12:30;18,22
09.07.2025 12:45;38,78
09.07.2025 13:00;50,9
09.07.2025 13:15;35,76
09.07.2025 13:30;31,42
09.07.2025 13:45;31,34
09.07.2025 14:00;26,42
09.07.2025 14:15;36,8
09.07.2025 14:30;54,64
09.07.2025 14:45;32,28
09.07.2025 15:00;17,68
09.07.2025 15:15;41,36
09.07.2025 15:30;45,68
09.07.2025 15:45;52,38
09.07.2025 16:00;53,54
09.07.2025 16:15;60,16
09.07.2025 16:30;50,9
09.07.2025 16:45;47,22
09.07.2025 17:00;28,22
09.07.2025 17:15;31,24
09.07.2025 17:30;37,68
09.07.2025 17:45;42,54
09.07.2025 18:00;47,18
09.07.2025 18:15;50,46
09.07.2025 18:30;49,24
09.07.2025 18:45;56,98
09.07.2025 19:00;49,48
09.07.2025 19:15;67,2
09.07.2025 19:30;65,4
09.07.2025 19:45;68,92
09.07.2025 20:00;50,02
09.07.2025 20:15;59,72
09.07.2025 20:30;70,78
09.07.2025 20:45;62,46
09.07.2025 21:00;63,7
09.07.2025 21:15;75,78
09.07.2025 21:30;68,72
09.07.2025 21:45;76,88
09.07.2025 22:00;74,62
09.07.2025 22:15;67,2
09.07.2025 22:30;60,3
09.07.2025 22:45;49,58
09.07.2025 23:00;31,8
09.07.2025 23:15;25,22
09.07.2025 23:30;22,64
09.07.2025 23:45;22,18
10.07.2025 00:00;18,06
10.07.2025 00:15;17,84
10.07.2025 00:30;21,96
10.07.2025 00:45;11,8
10.07.2025 01:00;13,08
10.07.2025 01:15;13,06
10.07.2025 01:30;12,82
10.07.2025 01:45;13,96
10.07.2025 02:00;13,66
10.07.2025 02:15;11,98
10.07.2025 02:30;12,22
10.07.2025 02:45;11,82
10.07.2025 03:00;11,88
10.07.2025 03:15;12,02
10.07.2025 03:30;14,42
10.07.2025 03:45;11,32
10.07.2025 04:00;11,4
10.07.2025 04:15;10,68
10.07.2025 04:30;10,52
10.07.2025 04:45;10,88
10.07.2025 05:00;14,72
10.07.2025 05:15;17,92
10.07.2025 05:30;22,52
10.07.2025 05:45;39
10.07.2025 06:00;54,92
10.07.2025 06:15;56,42
10.07.2025 06:30;59,54
10.07.2025 06:45;61,68
10.07.2025 07:00;63,6
10.07.2025 07:15;60,98
10.07.2025 07:30;40,1
10.07.2025 07:45;30,02
10.07.2025 08:00;39,46
10.07.2025 08:15;46,92
10.07.2025 08:30;35,92
10.07.2025 08:45;38,16
10.07.2025 09:00;8,92
10.07.2025 09:15;5,42
10.07.2025 09:30;18,8
10.07.2025 09:45;16,84
10.07.2025 10:00;16,52
10.07.2025 10:15;3,42
10.07.2025 10:30;20
10.07.2025 10:45;33,04
10.07.2025 11:00;17,76
10.07.2025 11:15;40,94
10.07.2025 11:30;34,34
10.07.2025 11:45;43,9
10.07.2025 12:00;12,28
10.07.2025 12:15;24,82
10.07.2025 12:30;16,32
10.07.2025 12:45;43,06
10.07.2025 13:00;31,88
10.07.2025 13:15;36,08
10.07.2025 13:30;30,38
10.07.2025 13:45;28,38
10.07.2025 14:00;30,14
10.07.2025 14:15;45,78
10.07.2025 14:30;57,06
10.07.2025 14:45;48,8
10.07.2025 15:00;50,5
10.07.2025 15:15;55,1
10.07.2025 15:30;49,94
10.07.2025 15:45;29,88
10.07.2025 16:00;40,42
10.07.2025 16:15;70,38
10.07.2025 16:30;57,46
10.07.2025 16:45;42,58
10.07.2025 17:00;27,96
10.07.2025 17:15;38,9
10.07.2025 17:30;40,76
10.07.2025 17:45;53,82
10.07.2025 18:00;62,78
10.07.2025 18:15;75,52
10.07.2025 18:30;64,66
10.07.2025 18:45;75,3
10.07.2025 19:00;81,04
10.07.2025 19:15;80,04
10.07.2025 19:30;80,7
10.07.2025 19:45;79,1
10.07.2025 20:00;67,08
10.07.2025 20:15;83,82
10.07.2025 20:30;87,3
10.07.2025 20:45;89,18
10.07.2025 21:00;88,46
10.07.2025 21:15;90,44
10.07.2025 21:30;86,28
10.07.2025 21:45;82,84
10.07.2025 22:00;78,72
10.07.2025 22:15;68,82
10.07.2025 22:30;56,66
10.07.2025 22:45;48,56
10.07.2025 23:00;29,6
10.07.2025 23:15;18,6
10.07.2025 23:30;14,42
10.07.2025 23:45;14,24
11.07.2025 00:00;17,32
11.07.2025 00:15;14,42
11.07.2025 00:30;13,52
11.07.2025 00:45;13,94
11.07.2025 01:00;20,4
11.07.2025 01:15;15,84
11.07.2025 01:30;15,7
11.07.2025 01:45;15,52
11.07.2025 02:00;18,18
11.07.2025 02:15;14,84
11.07.2025 02:30;14,8
11.07.2025 02:45;14,84
11.07.2025 03:00;18,2
11.07.2025 03:15;14,58
11.07.2025 03:30;14,1
11.07.2025 03:45;14,12
11.07.2025 04:00;17,08
11.07.2025 04:15;11,82
11.07.2025 04:30;11,12
11.07.2025 04:45;13,4
11.07.2025 05:00;13,74
11.07.2025 05:15;16,74
11.07.2025 05:30;39,54
11.07.2025 05:45;70,5
11.07.2025 06:00;73,76
11.07.2025 06:15;71,7
11.07.2025 06:30;64,38
11.07.2025 06:45;63,48
11.07.2025 07:00;53,14
11.07.2025 07:15;57,32
11.07.2025 07:30;58,78
11.07.2025 07:45;66,5
11.07.2025 08:00;71,34
11.07.2025 08:15;67,7
11.07.2025 08:30;71,56
11.07.2025 08:45;73
11.07.2025 09:00;51,6
11.07.2025 09:15;56,68
11.07.2025 09:30;27,12
11.07.2025 09:45;33,64
11.07.2025 10:00;58,82
11.07.2025 10:15;54,64
11.07.2025 10:30;53,62
11.07.2025 10:45;66,22
11.07.2025 11:00;39,3
11.07.2025 11:15;33,28
11.07.2025 11:30;39,8
11.07.2025 11:45;24,66
11.07.2025 12:00;49,02
11.07.2025 12:15;62,12
11.07.2025 12:30;65,88
11.07.2025 12:45;61,36
11.07.2025 13:00;73,42
11.07.2025 13:15;71,14
11.07.2025 13:30;69,16
11.07.2025 13:45;65,96
11.07.2025 14:00;56,28
11.07.2025 14:15;71,64
11.07.2025 14:30;81,12
11.07.2025 14:45;74,62
11.07.2025 15:00;65,16
11.07.2025 15:15;74,66
11.07.2025 15:30;76,94
11.07.2025 15:45;72,2
11.07.2025 16:00;60,88
11.07.2025 16:15;59
11.07.2025 16:30;53,78
11.07.2025 16:45;54,7
11.07.2025 17:00;23,08
11.07.2025 17:15;25,5
11.07.2025 17:30;43,38
11.07.2025 17:45;41,34
11.07.2025 18:00;47,3
11.07.2025 18:15;40,06
11.07.2025 18:30;33,56
11.07.2025 18:45;32,14
11.07.2025 19:00;36,08
11.07.2025 19:15;31,82
11.07.2025 19:30;22,42
11.07.2025 19:45;19,44
11.07.2025 20:00;15,68
11.07.2025 20:15;8,22
11.07.2025 20:30;6,9
11.07.2025 20:45;4,68
11.07.2025 21:00;5,3
11.07.2025 21:15;5,28
11.07.2025 21:30;4,8
11.07.2025 21:45;5,88
11.07.2025 22:00;4,58
11.07.2025 22:15;5,38
11.07.2025 22:30;4,36
11.07.2025 22:45;5,12
11.07.2025 23:00;5,12
11.07.2025 23:15;3,82
11.07.2025 23:30;4,42
11.07.2025 23:45;3,56
12.07.2025 00:00;4,44
12.07.2025 00:15;3,54
12.07.2025 00:30;4,2
12.07.2025 00:45;3,98
12.07.2025 01:00;3,22
12.07.2025 01:15;4,02
12.07.2025 01:30;3,06
12.07.2025 01:45;4
12.07.2025 02:00;3,28
12.07.2025 02:15;3,84
12.07.2025 02:30;3,86
12.07.2025 02:45;3,2
12.07.2025 03:00;3,86
12.07.2025 03:15;3,02
12.07.2025 03:30;4,02
12.07.2025 03:45;3,32
12.07.2025 04:00;3,62
12.07.2025 04:15;4,26
12.07.2025 04:30;3,62
12.07.2025 04:45;4,38
12.07.2025 05:00;7,28
12.07.2025 05:15;10,3
12.07.2025 05:30;11,5
12.07.2025 05:45;10,92
12.07.2025 06:00;12,52
12.07.2025 06:15;11,52
12.07.2025 06:30;12,4
12.07.2025 06:45;12,54
12.07.2025 07:00;11,3
12.07.2025 07:15;11,74
12.07.2025 07:30;11,42
12.07.2025 07:45;12,56
12.07.2025 08:00;11,72
12.07.2025 08:15;11,9
12.07.2025 08:30;12,74
12.07.2025 08:45;11,24
12.07.2025 09:00;7,46
12.07.2025 09:15;12,62
12.07.2025 09:30;12,28
12.07.2025 09:45;13,2
12.07.2025 10:00;12,64
12.07.2025 10:15;12,56
12.07.2025 10:30;12,26
12.07.2025 10:45;10,9
12.07.2025 11:00;12,68
12.07.2025 11:15;12,32
12.07.2025 11:30;13,46
12.07.2025 11:45;13,44
12.07.2025 12:00;6,8
12.07.2025 12:15;11,86
12.07.2025 12:30;12,3
12.07.2025 12:45;14,14
12.07.2025 13:00;13,08
12.07.2025 13:15;12,08
12.07.2025 13:30;12,78
12.07.2025 13:45;12,02
12.07.2025 14:00;11,82
12.07.2025 14:15;11,68
12.07.2025 14:30;11,58
12.07.2025 14:45;8,6
12.07.2025 15:00;7,62
12.07.2025 15:15;8,04
12.07.2025 15:30;7,92
12.07.2025 15:45;4,64
12.07.2025 16:00;4,24
12.07.2025 16:15;3,34
12.07.2025 16:30;4,26
12.07.2025 16:45;4,02
12.07.2025 17:00;3,58
12.07.2025 17:15;4,2
12.07.2025 17:30;3,34
12.07.2025 17:45;4,26
12.07.2025 18:00;3,4
12.07.2025 18:15;4,48
12.07.2025 18:30;4,52
12.07.2025 18:45;3,54
12.07.2025 19:00;4,46
12.07.2025 19:15;3,54
12.07.2025 19:30;4,42
12.07.2025 19:45;3,46
12.07.2025 20:00;4,5
12.07.2025 20:15;4,36
12.07.2025 20:30;3,64
12.07.2025 20:45;4,74
12.07.2025 21:00;3,82
12.07.2025 21:15;4,5
12.07.2025 21:30;3,88
12.07.2025 21:45;4,86
12.07.2025 22:00;4,6
12.07.2025 22:15;3,66
12.07.2025 22:30;4,66
12.07.2025 22:45;3,64
12.07.2025 23:00;4,52
12.07.2025 23:15;3,58
12.07.2025 23:30;4,26
12.07.2025 23:45;4,46
13.07.2025 00:00;3,54
13.07.2025 00:15;4,44
13.07.2025 00:30;3,6
13.07.2025 00:45;4,5
13.07.2025 01:00;5,62
13.07.2025 01:15;5,82
13.07.2025 01:30;6,24
13.07.2025 01:45;5,32
13.07.2025 02:00;6,44
13.07.2025 02:15;5,86
13.07.2025 02:30;6,4
13.07.2025 02:45;6,04
13.07.2025 03:00;5,42
13.07.2025 03:15;6,18
13.07.2025 03:30;5,3
13.07.2025 03:45;6,18
13.07.2025 04:00;5,3
13.07.2025 04:15;6,2
13.07.2025 04:30;6,12
13.07.2025 04:45;5,34
13.07.2025 05:00;6,06
13.07.2025 05:15;5,2
13.07.2025 05:30;5,94
13.07.2025 05:45;5,56
13.07.2025 06:00;3,54
13.07.2025 06:15;3,8
13.07.2025 06:30;2,94
13.07.2025 06:45;3,72
13.07.2025 07:00;2,98
13.07.2025 07:15;3,84
13.07.2025 07:30;3,82
13.07.2025 07:45;3,56
13.07.2025 08:00;4,06
13.07.2025 08:15;3,18
13.07.2025 08:30;4,36
13.07.2025 08:45;3,36
13.07.2025 09:00;4,22
13.07.2025 09:15;4,34
13.07.2025 09:30;3,42
13.07.2025 09:45;4,26
13.07.2025 10:00;3,4
13.07.2025 10:15;3,9
13.07.2025 10:30;3,16
13.07.2025 10:45;3,7
13.07.2025 11:00;3,98
13.07.2025 11:15;2,98
13.07.2025 11:30;3,92
13.07.2025 11:45;3,04
13.07.2025 12:00;3,86
13.07.2025 12:15;3,34
13.07.2025 12:30;3,84
13.07.2025 12:45;3,86
13.07.2025 13:00;3,12
13.07.2025 13:15;4,2
13.07.2025 13:30;3,32
13.07.2025 13:45;4,06
13.07.2025 14:00;3,52
13.07.2025 14:15;3,9
13.07.2025 14:30;4,22
13.07.2025 14:45;3,32
13.07.2025 15:00;4,14
13.07.2025 15:15;3,22
13.07.2025 15:30;4,24
13.07.2025 15:45;3,82
13.07.2025 16:00;3,78
13.07.2025 16:15;4,18
13.07.2025 16:30;3,46
13.07.2025 16:45;4,14
13.07.2025 17:00;3,26
13.07.2025 17:15;4,2
13.07.2025 17:30;3,92
13.07.2025 17:45;3,74
13.07.2025 18:00;4,5
13.07.2025 18:15;3,52
13.07.2025 18:30;4,32
13.07.2025 18:45;3,3
13.07.2025 19:00;4,18
13.07.2025 19:15;3,78
13.07.2025 19:30;3,82
13.07.2025 19:45;4,26
13.07.2025 20:00;3,3
13.07.2025 20:15;4,14
13.07.2025 20:30;3,38
13.07.2025 20:45;4,16
13.07.2025 21:00;3,86
13.07.2025 21:15;3,7
13.07.2025 21:30;4,4
13.07.2025 21:45;3,76
13.07.2025 22:00;4,26
13.07.2025 22:15;3,5
13.07.2025 22:30;4,34
13.07.2025 22:45;4,34
13.07.2025 23:00;3,66
13.07.2025 23:15;4,28
13.07.2025 23:30;3,38
13.07.2025 23:45;4,24
14.07.2025 00:00;3,78
14.07.2025 00:15;4,76
14.07.2025 00:30;4,66
14.07.2025 00:45;3,86
14.07.2025 01:00;6,54
14.07.2025 01:15;5,76
14.07.2025 01:30;6,62
14.07.2025 01:45;5,8
14.07.2025 02:00;6,56
14.07.2025 02:15;6,42
14.07.2025 02:30;5,66
14.07.2025 02:45;6,52
14.07.2025 03:00;5,62
14.07.2025 03:15;6,54
14.07.2025 03:30;5,76
14.07.2025 03:45;6,42
14.07.2025 04:00;6,44
14.07.2025 04:15;5,9
14.07.2025 04:30;6,48
14.07.2025 04:45;9,74
14.07.2025 05:00;11,08
14.07.2025 05:15;12,54
14.07.2025 05:30;27,62
14.07.2025 05:45;44,82
14.07.2025 06:00;59,04
14.07.2025 06:15;50,18
14.07.2025 06:30;39,28
14.07.2025 06:45;30,52
14.07.2025 07:00;31,26
14.07.2025 07:15;31,9
14.07.2025 07:30;45,02
14.07.2025 07:45;45,44
14.07.2025 08:00;35,68
14.07.2025 08:15;41,46
14.07.2025 08:30;46,86
14.07.2025 08:45;28,1
14.07.2025 09:00;14,94
14.07.2025 09:15;16,62
14.07.2025 09:30;26,9
14.07.2025 09:45;27,16
14.07.2025 10:00;73,1
14.07.2025 10:15;80,7
14.07.2025 10:30;88,62
14.07.2025 10:45;88,68
14.07.2025 11:00;85,48
14.07.2025 11:15;81,08
14.07.2025 11:30;81,92
14.07.2025 11:45;81,26
14.07.2025 12:00;72,02
14.07.2025 12:15;68,82
14.07.2025 12:30;88,62
14.07.2025 12:45;89,26
14.07.2025 13:00;91,48
14.07.2025 13:15;98,36
14.07.2025 13:30;99,86
14.07.2025 13:45;98,8
14.07.2025 14:00;94,48
14.07.2025 14:15;88,98
14.07.2025 14:30;82,62
14.07.2025 14:45;90,94
14.07.2025 15:00;92,24
14.07.2025 15:15;92,16
14.07.2025 15:30;100,58
14.07.2025 15:45;101,64
14.07.2025 16:00;102,64
14.07.2025 16:15;100,94
14.07.2025 16:30;102,22
14.07.2025 16:45;102,2
14.07.2025 17:00;99,86
14.07.2025 17:15;93,38
14.07.2025 17:30;90,24
14.07.2025 17:45;99,96
14.07.2025 18:00;88,38
14.07.2025 18:15;84,52
14.07.2025 18:30;78,82
14.07.2025 18:45;65,5
14.07.2025 19:00;65,24
14.07.2025 19:15;85,24
14.07.2025 19:30;86,48
14.07.2025 19:45;74,92
14.07.2025 20:00;81,16
14.07.2025 20:15;92,84
14.07.2025 20:30;94,3
14.07.2025 20:45;91,86
14.07.2025 21:00;95,18
14.07.2025 21:15;99,58
14.07.2025 21:30;99,46
14.07.2025 21:45;100,3
14.07.2025 22:00;98,56
14.07.2025 22:15;100,46
14.07.2025 22:30;93,62
14.07.2025 22:45;100,18
14.07.2025 23:00;81,24
14.07.2025 23:15;60,46
14.07.2025 23:30;45,94
14.07.2025 23:45;32,76
15.07.2025 00:00;26,64
15.07.2025 00:15;19,1
15.07.2025 00:30;12,32
15.07.2025 00:45;11,42
15.07.2025 01:00;13,1
15.07.2025 01:15;13,98
15.07.2025 01:30;12,7
15.07.2025 01:45;12,54
15.07.2025 02:00;13,52
15.07.2025 02:15;12,46
15.07.2025 02:30;12,34
15.07.2025 02:45;12,54
15.07.2025 03:00;12,02
15.07.2025 03:15;11,3
15.07.2025 03:30;11,62
15.07.2025 03:45;10,32
15.07.2025 04:00;9,46
15.07.2025 04:15;9,78
15.07.2025 04:30;10,24
15.07.2025 04:45;13,32
15.07.2025 05:00;14,04
15.07.2025 05:15;17,94
15.07.2025 05:30;63,92
15.07.2025 05:45;98,74
15.07.2025 06:00;102,22
15.07.2025 06:15;91,32
15.07.2025 06:30;78,48
15.07.2025 06:45;71,44
15.07.2025 07:00;72
15.07.2025 07:15;71,24
15.07.2025 07:30;69,46
15.07.2025 07:45;53,92
15.07.2025 08:00;55,06
15.07.2025 08:15;54,08
15.07.2025 08:30;52,68
15.07.2025 08:45;40,2
15.07.2025 09:00;15,36
15.07.2025 09:15;26,76
15.07.2025 09:30;71,78
15.07.2025 09:45;89,62
15.07.2025 10:00;87,46
15.07.2025 10:15;88,94
15.07.2025 10:30;94,9
15.07.2025 10:45;94,74
15.07.2025 11:00;74,22
15.07.2025 11:15;75,7
15.07.2025 11:30;85,22
15.07.2025 11:45;72,22
15.07.2025 12:00;50,8
15.07.2025 12:15;59,92
15.07.2025 12:30;81,48
15.07.2025 12:45;83,64
15.07.2025 13:00;87,82
15.07.2025 13:15;88,46
15.07.2025 13:30;86,92
15.07.2025 13:45;88,96
15.07.2025 14:00;89,32
15.07.2025 14:15;86,82
15.07.2025 14:30;85,42
15.07.2025 14:45;86,5
15.07.2025 15:00;93,42
15.07.2025 15:15;88,44
15.07.2025 15:30;87,78
15.07.2025 15:45;81,72
15.07.2025 16:00;78,46
15.07.2025 16:15;82,36
15.07.2025 16:30;90,2
15.07.2025 16:45;89,9
15.07.2025 17:00;76,08
15.07.2025 17:15;85,08
15.07.2025 17:30;87,6
15.07.2025 17:45;69,86
15.07.2025 18:00;59,4
15.07.2025 18:15;54,64
15.07.2025 18:30;61,96
15.07.2025 18:45;66,76
15.07.2025 19:00;64
15.07.2025 19:15;60,08
15.07.2025 19:30;53,8
15.07.2025 19:45;50,52
15.07.2025 20:00;43,14
15.07.2025 20:15;62,24
15.07.2025 20:30;73,02
15.07.2025 20:45;73,88
15.07.2025 21:00;83,2
15.07.2025 21:15;81,54
15.07.2025 21:30;71,68
15.07.2025 21:45;76,78
15.07.2025 22:00;72,34
15.07.2025 22:15;79,84
15.07.2025 22:30;77,1
15.07.2025 22:45;65,78
15.07.2025 23:00;47,46
15.07.2025 23:15;38,88
15.07.2025 23:30;31,78
15.07.2025 23:45;27,06
16.07.2025 00:00;15,76
16.07.2025 00:15;14,92
16.07.2025 00:30;14,06
16.07.2025 00:45;14,18
16.07.2025 01:00;15,98
16.07.2025 01:15;16,28
16.07.2025 01:30;15,76
16.07.2025 01:45;15,94
16.07.2025 02:00;16,16
16.07.2025 02:15;15,6
16.07.2025 02:30;15,58
16.07.2025 02:45;15,34
16.07.2025 03:00;15,42
16.07.2025 03:15;15,06
16.07.2025 03:30;15,58
16.07.2025 03:45;14,52
16.07.2025 04:00;14,74
16.07.2025 04:15;14,4
16.07.2025 04:30;14,86
16.07.2025 04:45;19,06
16.07.2025 05:00;18,96
16.07.2025 05:15;21,78
16.07.2025 05:30;46,62
16.07.2025 05:45;75,6
16.07.2025 06:00;70,26
16.07.2025 06:15;68,42
16.07.2025 06:30;76,98
16.07.2025 06:45;73,64
16.07.2025 07:00;68,68
16.07.2025 07:15;54,58
16.07.2025 07:30;52,96
16.07.2025 07:45;56,78
16.07.2025 08:00;56,82
16.07.2025 08:15;59,84
16.07.2025 08:30;59,82
16.07.2025 08:45;52,08
16.07.2025 09:00;24,94
16.07.2025 09:15;43,08
16.07.2025 09:30;45,5
16.07.2025 09:45;46,1
16.07.2025 10:00;34,56
16.07.2025 10:15;41,9
16.07.2025 10:30;21,12
16.07.2025 10:45;37,94
16.07.2025 11:00;57,78
16.07.2025 11:15;67,4
16.07.2025 11:30;56,94
16.07.2025 11:45;24,4
16.07.2025 12:00;28,56
16.07.2025 12:15;29
16.07.2025 12:30;37,84
16.07.2025 12:45;39,92
16.07.2025 13:00;54,66
16.07.2025 13:15;40,96
16.07.2025 13:30;49
16.07.2025 13:45;35,04
16.07.2025 14:00;44,02
16.07.2025 14:15;72,76
16.07.2025 14:30;74,9
16.07.2025 14:45;63,2
16.07.2025 15:00;17,42
16.07.2025 15:15;20,64
16.07.2025 15:30;22,74
16.07.2025 15:45;30,26
16.07.2025 16:00;10,8
16.07.2025 16:15;21,5
16.07.2025 16:30;34,62
16.07.2025 16:45;41,18
16.07.2025 17:00;26,22
16.07.2025 17:15;44,82
16.07.2025 17:30;52,56
16.07.2025 17:45;51,46
16.07.2025 18:00;50,8
16.07.2025 18:15;31,08
16.07.2025 18:30;23,78
16.07.2025 18:45;40,06
16.07.2025 19:00;53,26
16.07.2025 19:15;56,96
16.07.2025 19:30;60,68
16.07.2025 19:45;59,22
16.07.2025 20:00;41,3
16.07.2025 20:15;48,8
16.07.2025 20:30;64,02
16.07.2025 20:45;64,92
16.07.2025 21:00;62,82
16.07.2025 21:15;66,52
16.07.2025 21:30;65,94
16.07.2025 21:45;66,42
16.07.2025 22:00;65
16.07.2025 22:15;66,72
16.07.2025 22:30;68,42
16.07.2025 22:45;61,32
16.07.2025 23:00;47,8
16.07.2025 23:15;35,46
16.07.2025 23:30;14,32
16.07.2025 23:45;8,88
17.07.2025 00:00;8,42
17.07.2025 00:15;8,5
17.07.2025 00:30;8,34
17.07.2025 00:45;8,48
17.07.2025 01:00;8,54
17.07.2025 01:15;8
17.07.2025 01:30;8,82
17.07.2025 01:45;7,68
17.07.2025 02:00;8,66
17.07.2025 02:15;7,56
17.07.2025 02:30;8,64
17.07.2025 02:45;7,18
17.07.2025 03:00;8,58
17.07.2025 03:15;7,06
17.07.2025 03:30;8,06
17.07.2025 03:45;7,22
17.07.2025 04:00;7,28
17.07.2025 04:15;7,1
17.07.2025 04:30;7,26
17.07.2025 04:45;11,8
17.07.2025 05:00;12,58
17.07.2025 05:15;16,58
17.07.2025 05:30;44,7
17.07.2025 05:45;61,94
17.07.2025 06:00;68,52
17.07.2025 06:15;72,06
17.07.2025 06:30;76,28
17.07.2025 06:45;74,26
17.07.2025 07:00;71,6
17.07.2025 07:15;77,32
17.07.2025 07:30;72,68
17.07.2025 07:45;75,98
17.07.2025 08:00;68,72
17.07.2025 08:15;69,3
17.07.2025 08:30;62,62
17.07.2025 08:45;45,32
17.07.2025 09:00;35,54
17.07.2025 09:15;32,12
17.07.2025 09:30;55,4
17.07.2025 09:45;31,8
17.07.2025 10:00;30,46
17.07.2025 10:15;37,16
17.07.2025 10:30;38,6
17.07.2025 10:45;67,86
17.07.2025 11:00;58,1
17.07.2025 11:15;58,88
17.07.2025 11:30;56,06
17.07.2025 11:45;47,04
17.07.2025 12:00;46,9
17.07.2025 12:15;54,18
17.07.2025 12:30;57,44
17.07.2025 12:45;59,48
17.07.2025 13:00;51,26
17.07.2025 13:15;35,74
17.07.2025 13:30;35,54
17.07.2025 13:45;19,36
17.07.2025 14:00;3,82
17.07.2025 14:15;14,04
17.07.2025 14:30;3,94
17.07.2025 14:45;17,98
17.07.2025 15:00;8,94
17.07.2025 15:15;5,72
17.07.2025 15:30;10,76
17.07.2025 15:45;22,46
17.07.2025 16:00;16,04
17.07.2025 16:15;23,86
17.07.2025 16:30;21,7
17.07.2025 16:45;16,26
17.07.2025 17:00;31,14
17.07.2025 17:15;9,88
17.07.2025 17:30;26,78
17.07.2025 17:45;47,24
17.07.2025 18:00;48,9
17.07.2025 18:15;53,36
17.07.2025 18:30;56,58
17.07.2025 18:45;63,68
17.07.2025 19:00;61,06
17.07.2025 19:15;62,4
17.07.2025 19:30;53,64
17.07.2025 19:45;49,46
17.07.2025 20:00;48,78
17.07.2025 20:15;48,2
17.07.2025 20:30;63,02
17.07.2025 20:45;67,68
17.07.2025 21:00;70,94
17.07.2025 21:15;68,2
17.07.2025 21:30;68,48
17.07.2025 21:45;69,64
17.07.2025 22:00;62,02
17.07.2025 22:15;65,48
17.07.2025 22:30;67,24
17.07.2025 22:45;64,94
17.07.2025 23:00;546,8
17.07.2025 23:15;51,02
17.07.2025 23:30;38,74
17.07.2025 23:45;27,5
18.07.2025 00:00;15,18
18.07.2025 00:15;13,02
18.07.2025 00:30;12
18.07.2025 00:45;12,04
18.07.2025 01:00;14,6
18.07.2025 01:15;13,9
18.07.2025 01:30;13,28
18.07.2025 01:45;13,88
18.07.2025 02:00;13,32
18.07.2025 02:15;12,64
18.07.2025 02:30;12,92
18.07.2025 02:45;13,16
18.07.2025 03:00;12,06
18.07.2025 03:15;11,76
18.07.2025 03:30;12,2
18.07.2025 03:45;11,44
18.07.2025 04:00;10,44
18.07.2025 04:15;10,58
18.07.2025 04:30;10,02
18.07.2025 04:45;11,74
18.07.2025 05:00;12,02
18.07.2025 05:15;15,4
18.07.2025 05:30;34,32
18.07.2025 05:45;43,64
18.07.2025 06:00;45,18
18.07.2025 06:15;57,3
18.07.2025 06:30;62,46
18.07.2025 06:45;60,12
18.07.2025 07:00;57,24
18.07.2025 07:15;48,68
18.07.2025 07:30;36
18.07.2025 07:45;39,36
18.07.2025 08:00;32,16
18.07.2025 08:15;45,38
18.07.2025 08:30;23,86
18.07.2025 08:45;22,56
18.07.2025 09:00;24,94
18.07.2025 09:15;30,98
18.07.2025 09:30;42,72
18.07.2025 09:45;40,54
18.07.2025 10:00;31,76
18.07.2025 10:15;31,98
18.07.2025 10:30;15,82
18.07.2025 10:45;20,68
18.07.2025 11:00;5,9
18.07.2025 11:15;12,74
18.07.2025 11:30;3,9
18.07.2025 11:45;3,66
18.07.2025 12:00;0
18.07.2025 12:15;17,3
18.07.2025 12:30;37,64
18.07.2025 12:45;5,68
18.07.2025 13:00;11,46
18.07.2025 13:15;36,1
18.07.2025 13:30;26,22
18.07.2025 13:45;1,56
18.07.2025 14:00;26,12
18.07.2025 14:15;16,16
18.07.2025 14:30;13,66
18.07.2025 14:45;28,74
18.07.2025 15:00;41,86
18.07.2025 15:15;33,98
18.07.2025 15:30;42,04
18.07.2025 15:45;19,14
18.07.2025 16:00;4,72
18.07.2025 16:15;27,48
18.07.2025 16:30;60,16
18.07.2025 16:45;52,86
18.07.2025 17:00;6,1
18.07.2025 17:15;9,3
18.07.2025 17:30;19,84
18.07.2025 17:45;24,22
18.07.2025 18:00;33,46
18.07.2025 18:15;34,34
18.07.2025 18:30;39,96
18.07.2025 18:45;45,32
18.07.2025 19:00;53,36
18.07.2025 19:15;50,14
18.07.2025 19:30;51,7
18.07.2025 19:45;26
18.07.2025 20:00;12,46
18.07.2025 20:15;5,08
18.07.2025 20:30;5,14
18.07.2025 20:45;6,06
18.07.2025 21:00;7,06
18.07.2025 21:15;6,2
18.07.2025 21:30;7,38
18.07.2025 21:45;7,66
18.07.2025 22:00;6,2
18.07.2025 22:15;7
18.07.2025 22:30;6,7
18.07.2025 22:45;6,26
18.07.2025 23:00;5,42
18.07.2025 23:15;4,42
18.07.2025 23:30;5,16
18.07.2025 23:45;5,36
19.07.2025 00:00;5,9
19.07.2025 00:15;5,44
19.07.2025 00:30;4,92
19.07.2025 00:45;5,08
19.07.2025 01:00;7,14
19.07.2025 01:15;6,82
19.07.2025 01:30;6,32
19.07.2025 01:45;6,48
19.07.2025 02:00;7,12
19.07.2025 02:15;6,7
19.07.2025 02:30;6,42
19.07.2025 02:45;6,36
19.07.2025 03:00;7,16
19.07.2025 03:15;6,48
19.07.2025 03:30;6,4
19.07.2025 03:45;6,44
19.07.2025 04:00;7,12
19.07.2025 04:15;6,38
19.07.2025 04:30;6,22
19.07.2025 04:45;6,54
19.07.2025 05:00;9,98
19.07.2025 05:15;10,92
19.07.2025 05:30;10,44
19.07.2025 05:45;9,68
19.07.2025 06:00;7,52
19.07.2025 06:15;5,1
19.07.2025 06:30;1,76
19.07.2025 06:45;0,3
19.07.2025 07:00;0
19.07.2025 07:15;0
19.07.2025 07:30;0
19.07.2025 07:45;0
19.07.2025 08:00;0
19.07.2025 08:15;0
19.07.2025 08:30;0
19.07.2025 08:45;0
19.07.2025 09:00;0
19.07.2025 09:15;0
19.07.2025 09:30;0
19.07.2025 09:45;0
19.07.2025 10:00;0
19.07.2025 10:15;0
19.07.2025 10:30;0
19.07.2025 10:45;0
19.07.2025 11:00;0
19.07.2025 11:15;0
19.07.2025 11:30;0
19.07.2025 11:45;0
19.07.2025 12:00;0
19.07.2025 12:15;0
19.07.2025 12:30;0
19.07.2025 12:45;0
19.07.2025 13:00;0
19.07.2025 13:15;0
19.07.2025 13:30;0
19.07.2025 13:45;0
19.07.2025 14:00;0
19.07.2025 14:15;0
19.07.2025 14:30;0
19.07.2025 14:45;0
19.07.2025 15:00;0
19.07.2025 15:15;0
19.07.2025 15:30;0
19.07.2025 15:45;0
19.07.2025 16:00;0
19.07.2025 16:15;0
19.07.2025 16:30;0
19.07.2025 16:45;0
19.07.2025 17:00;0
19.07.2025 17:15;0
19.07.2025 17:30;0
19.07.2025 17:45;0
19.07.2025 18:00;0
19.07.2025 18:15;0
19.07.2025 18:30;0
19.07.2025 18:45;0
19.07.2025 19:00;0
19.07.2025 19:15;0,92
19.07.2025 19:30;0,02
19.07.2025 19:45;1,04
19.07.2025 20:00;3,18
19.07.2025 20:15;5,12
19.07.2025 20:30;6
19.07.2025 20:45;7,28
19.07.2025 21:00;7,46
19.07.2025 21:15;7,08
19.07.2025 21:30;7,66
19.07.2025 21:45;7,96
19.07.2025 22:00;8,04
19.07.2025 22:15;7,26
19.07.2025 22:30;5,86
19.07.2025 22:45;4,78
19.07.2025 23:00;4,86
19.07.2025 23:15;4,3
19.07.2025 23:30;4,02
19.07.2025 23:45;4,16
20.07.2025 00:00;5,2
20.07.2025 00:15;4,82
20.07.2025 00:30;4,54
20.07.2025 00:45;4,5
20.07.2025 01:00;6,92
20.07.2025 01:15;7,24
20.07.2025 01:30;6,52
20.07.2025 01:45;6,52
20.07.2025 02:00;6,84
20.07.2025 02:15;7,24
20.07.2025 02:30;6,58
20.07.2025 02:45;6,46
20.07.2025 03:00;6,62
20.07.2025 03:15;7,24
20.07.2025 03:30;6,72
20.07.2025 03:45;6,54
20.07.2025 04:00;6,44
20.07.2025 04:15;7,14
20.07.2025 04:30;6,9
20.07.2025 04:45;6,44
20.07.2025 05:00;6,52
20.07.2025 05:15;6,66
20.07.2025 05:30;6,72
20.07.2025 05:45;5,58
20.07.2025 06:00;2,98
20.07.2025 06:15;1,6
20.07.2025 06:30;0,24
20.07.2025 06:45;0
20.07.2025 07:00;0
20.07.2025 07:15;0
20.07.2025 07:30;0
20.07.2025 07:45;0
20.07.2025 08:00;0
20.07.2025 08:15;0
20.07.2025 08:30;0
20.07.2025 08:45;0
20.07.2025 09:00;0
20.07.2025 09:15;0
20.07.2025 09:30;0
20.07.2025 09:45;0
20.07.2025 10:00;0
20.07.2025 10:15;0
20.07.2025 10:30;0
20.07.2025 10:45;0
20.07.2025 11:00;0
20.07.2025 11:15;0
20.07.2025 11:30;0
20.07.2025 11:45;0
20.07.2025 12:00;0
20.07.2025 12:15;0
20.07.2025 12:30;0
20.07.2025 12:45;0
20.07.2025 13:00;0
20.07.2025 13:15;0
20.07.2025 13:30;0
20.07.2025 13:45;0
20.07.2025 14:00;0
20.07.2025 14:15;0
20.07.2025 14:30;0
20.07.2025 14:45;0
20.07.2025 15:00;0
20.07.2025 15:15;0
20.07.2025 15:30;0
20.07.2025 15:45;0
20.07.2025 16:00;0
20.07.2025 16:15;0
20.07.2025 16:30;0
20.07.2025 16:45;0
20.07.2025 17:00;0
20.07.2025 17:15;0
20.07.2025 17:30;0
20.07.2025 17:45;0
20.07.2025 18:00;0
20.07.2025 18:15;0
20.07.2025 18:30;0
20.07.2025 18:45;0
20.07.2025 19:00;0
20.07.2025 19:15;0,22
20.07.2025 19:30;0,72
20.07.2025 19:45;1,42
20.07.2025 20:00;3,64
20.07.2025 20:15;5,12
20.07.2025 20:30;5,76
20.07.2025 20:45;6,6
20.07.2025 21:00;7,6
20.07.2025 21:15;7,58
20.07.2025 21:30;7,5
20.07.2025 21:45;7,66
20.07.2025 22:00;7,86
20.07.2025 22:15;7,68
20.07.2025 22:30;7,32
20.07.2025 22:45;7,18
20.07.2025 23:00;7,76
20.07.2025 23:15;7,76
20.07.2025 23:30;7,48
20.07.2025 23:45;7,48
21.07.2025 00:00;5,16
21.07.2025 00:15;5,4
21.07.2025 00:30;4,52
21.07.2025 00:45;4,54
21.07.2025 01:00;6,88
21.07.2025 01:15;7,28
21.07.2025 01:30;6,48
21.07.2025 01:45;6,58
21.07.2025 02:00;6,78
21.07.2025 02:15;7,4
21.07.2025 02:30;6,52
21.07.2025 02:45;6,58
21.07.2025 03:00;6,78
21.07.2025 03:15;7,28
21.07.2025 03:30;6,64
21.07.2025 03:45;6,58
21.07.2025 04:00;6,5
21.07.2025 04:15;7,42
21.07.2025 04:30;6,6
21.07.2025 04:45;7,44
21.07.2025 05:00;9,06
21.07.2025 05:15;10,54
21.07.2025 05:30;17,48
21.07.2025 05:45;48,56
21.07.2025 06:00;62,98
21.07.2025 06:15;64,76
21.07.2025 06:30;65,54
21.07.2025 06:45;57,54
21.07.2025 07:00;62,96
21.07.2025 07:15;71,4
21.07.2025 07:30;64,66
21.07.2025 07:45;76,4
21.07.2025 08:00;72,86
21.07.2025 08:15;68,82
21.07.2025 08:30;72,9
21.07.2025 08:45;76
21.07.2025 09:00;59,76
21.07.2025 09:15;41,88
21.07.2025 09:30;49,22
21.07.2025 09:45;72,38
21.07.2025 10:00;67,74
21.07.2025 10:15;61,16
21.07.2025 10:30;52,02
21.07.2025 10:45;63,08
21.07.2025 11:00;63,78
21.07.2025 11:15;64,96
21.07.2025 11:30;61
21.07.2025 11:45;65,42
21.07.2025 12:00;53,14
21.07.2025 12:15;45,82
21.07.2025 12:30;50,78
21.07.2025 12:45;53,48
21.07.2025 13:00;67,22
21.07.2025 13:15;73,84
21.07.2025 13:30;83,88
21.07.2025 13:45;73,62
21.07.2025 14:00;55,22
21.07.2025 14:15;55,88
21.07.2025 14:30;55,34
21.07.2025 14:45;43,74
21.07.2025 15:00;56,26
21.07.2025 15:15;54,32
21.07.2025 15:30;55,92
21.07.2025 15:45;56,76
21.07.2025 16:00;59,22
21.07.2025 16:15;52
21.07.2025 16:30;45,42
21.07.2025 16:45;44,68
21.07.2025 17:00;6,24
21.07.2025 17:15;26,68
21.07.2025 17:30;32,34
21.07.2025 17:45;33,54
21.07.2025 18:00;40,58
21.07.2025 18:15;41,12
21.07.2025 18:30;49,34
21.07.2025 18:45;48,2
21.07.2025 19:00;55,56
21.07.2025 19:15;69,34
21.07.2025 19:30;70,56
21.07.2025 19:45;70,44
21.07.2025 20:00;63,96
21.07.2025 20:15;66,42
21.07.2025 20:30;81,5
21.07.2025 20:45;68,52
21.07.2025 21:00;72,54
21.07.2025 21:15;65,46
21.07.2025 21:30;65,56
21.07.2025 21:45;65,62
21.07.2025 22:00;67,74
21.07.2025 22:15;67,7
21.07.2025 22:30;60,24
21.07.2025 22:45;51,68
21.07.2025 23:00;37,92
21.07.2025 23:15;30,56
21.07.2025 23:30;22,32
21.07.2025 23:45;17,32
22.07.2025 00:00;15,56
22.07.2025 00:15;15,82
22.07.2025 00:30;15,36
22.07.2025 00:45;15,22
22.07.2025 01:00;17,7
22.07.2025 01:15;17,2
22.07.2025 01:30;17,24
22.07.2025 01:45;17,62
22.07.2025 02:00;17,08
22.07.2025 02:15;16,88
22.07.2025 02:30;16,96
22.07.2025 02:45;16,58
22.07.2025 03:00;16,52
22.07.2025 03:15;15,58
22.07.2025 03:30;14,26
22.07.2025 03:45;14,4
22.07.2025 04:00;14,48
22.07.2025 04:15;13,98
22.07.2025 04:30;14,18
22.07.2025 04:45;14,44
22.07.2025 05:00;18,42
22.07.2025 05:15;19,06
22.07.2025 05:30;36,54
22.07.2025 05:45;54,84
22.07.2025 06:00;51,46
22.07.2025 06:15;59,14
22.07.2025 06:30;59,74
22.07.2025 06:45;65,04
22.07.2025 07:00;74,46
22.07.2025 07:15;60,9
22.07.2025 07:30;60,16
22.07.2025 07:45;61,88
22.07.2025 08:00;51,46
22.07.2025 08:15;41,74
22.07.2025 08:30;38,7
22.07.2025 08:45;44,42
22.07.2025 09:00;48,86
22.07.2025 09:15;55,12
22.07.2025 09:30;60,94
22.07.2025 09:45;53,48
22.07.2025 10:00;50,76
22.07.2025 10:15;60,88
22.07.2025 10:30;70,7
22.07.2025 10:45;56,64
22.07.2025 11:00;53,4
22.07.2025 11:15;35
22.07.2025 11:30;48,82
22.07.2025 11:45;44,32
22.07.2025 12:00;49
22.07.2025 12:15;42,58
22.07.2025 12:30;67,38
22.07.2025 12:45;61,04
22.07.2025 13:00;34,68
22.07.2025 13:15;52,88
22.07.2025 13:30;34,36
22.07.2025 13:45;38,88
22.07.2025 14:00;5,58
22.07.2025 14:15;35,04
22.07.2025 14:30;19,2
22.07.2025 14:45;40,06
22.07.2025 15:00;41,62
22.07.2025 15:15;47,18
22.07.2025 15:30;20,5
22.07.2025 15:45;54,86
22.07.2025 16:00;45,2
22.07.2025 16:15;55,1
22.07.2025 16:30;73,14
22.07.2025 16:45;48,26
22.07.2025 17:00;36,86
22.07.2025 17:15;40,54
22.07.2025 17:30;53,04
22.07.2025 17:45;50,94
22.07.2025 18:00;61,02
22.07.2025 18:15;61,9
22.07.2025 18:30;62,32
22.07.2025 18:45;68,66
22.07.2025 19:00;79,92
22.07.2025 19:15;89,38
22.07.2025 19:30;87,54
22.07.2025 19:45;90,58
22.07.2025 20:00;76,8
22.07.2025 20:15;73,32
22.07.2025 20:30;85,02
22.07.2025 20:45;87,48
22.07.2025 21:00;89,58
22.07.2025 21:15;93,88
22.07.2025 21:30;99,24
22.07.2025 21:45;95,36
22.07.2025 22:00;80,08
22.07.2025 22:15;76,42
22.07.2025 22:30;72,6
22.07.2025 22:45;68,74
22.07.2025 23:00;43,32
22.07.2025 23:15;38,68
22.07.2025 23:30;27,9
22.07.2025 23:45;16,36
23.07.2025 00:00;10,8
23.07.2025 00:15;10,86
23.07.2025 00:30;10,78
23.07.2025 00:45;10,68
23.07.2025 01:00;12,28
23.07.2025 01:15;12,44
23.07.2025 01:30;12,2
23.07.2025 01:45;12,08
23.07.2025 02:00;11,82
23.07.2025 02:15;12,12
23.07.2025 02:30;11,66
23.07.2025 02:45;11,52
23.07.2025 03:00;11,42
23.07.2025 03:15;11,08
23.07.2025 03:30;10,66
23.07.2025 03:45;10,6
23.07.2025 04:00;10,14
23.07.2025 04:15;9,34
23.07.2025 04:30;9,06
23.07.2025 04:45;9,92
23.07.2025 05:00;13,76
23.07.2025 05:15;14,06
23.07.2025 05:30;19,82
23.07.2025 05:45;31,7
23.07.2025 06:00;49,4
23.07.2025 06:15;52,6
23.07.2025 06:30;60,72
23.07.2025 06:45;54,96
23.07.2025 07:00;54,52
23.07.2025 07:15;66,8
23.07.2025 07:30;61,84
23.07.2025 07:45;42,26
23.07.2025 08:00;48,94
23.07.2025 08:15;37,36
23.07.2025 08:30;37,78
23.07.2025 08:45;36,36
23.07.2025 09:00;33,14
23.07.2025 09:15;37,96
23.07.2025 09:30;14,34
23.07.2025 09:45;15,08
23.07.2025 10:00;20,02
23.07.2025 10:15;49,78
23.07.2025 10:30;41,94
23.07.2025 10:45;18,7
23.07.2025 11:00;13,22
23.07.2025 11:15;34,96
23.07.2025 11:30;26,78
23.07.2025 11:45;39,7
23.07.2025 12:00;23,66
23.07.2025 12:15;13,58
23.07.2025 12:30;8,18
23.07.2025 12:45;17,84
23.07.2025 13:00;7,88
23.07.2025 13:15;32,76
23.07.2025 13:30;2,26
23.07.2025 13:45;2,96
23.07.2025 14:00;32,48
23.07.2025 14:15;23,92
23.07.2025 14:30;8,48
23.07.2025 14:45;25,56
23.07.2025 15:00;7,72
23.07.2025 15:15;26,14
23.07.2025 15:30;30,16
23.07.2025 15:45;29,14
23.07.2025 16:00;17,8
23.07.2025 16:15;35,5
23.07.2025 16:30;19,22
23.07.2025 16:45;29,32
23.07.2025 17:00;5,88
23.07.2025 17:15;9,98
23.07.2025 17:30;24,5
23.07.2025 17:45;40,76
23.07.2025 18:00;59,46
23.07.2025 18:15;45,64
23.07.2025 18:30;54,06
23.07.2025 18:45;53,86
23.07.2025 19:00;49,54
23.07.2025 19:15;67,26
23.07.2025 19:30;71,4
23.07.2025 19:45;69,54
23.07.2025 20:00;57,82
23.07.2025 20:15;56,7
23.07.2025 20:30;64,78
23.07.2025 20:45;65,94
23.07.2025 21:00;62,84
23.07.2025 21:15;58,32
23.07.2025 21:30;62,34
23.07.2025 21:45;66,5
23.07.2025 22:00;65,66
23.07.2025 22:15;67,28
23.07.2025 22:30;55,7
23.07.2025 22:45;46,72
23.07.2025 23:00;35,94
23.07.2025 23:15;19,56
23.07.2025 23:30;10,88
23.07.2025 23:45;10,5
24.07.2025 00:00;10,64
24.07.2025 00:15;10,14
24.07.2025 00:30;9,92
24.07.2025 00:45;10,06
24.07.2025 01:00;11,88
24.07.2025 01:15;11,76
24.07.2025 01:30;12,04
24.07.2025 01:45;11,8
24.07.2025 02:00;12,18
24.07.2025 02:15;11,74
24.07.2025 02:30;11,22
24.07.2025 02:45;9,88
24.07.2025 03:00;9,74
24.07.2025 03:15;9,54
24.07.2025 03:30;9,88
24.07.2025 03:45;9,48
24.07.2025 04:00;9,5
24.07.2025 04:15;9,58
24.07.2025 04:30;9,26
24.07.2025 04:45;9,1
24.07.2025 05:00;14,06
24.07.2025 05:15;15,62
24.07.2025 05:30;27,02
24.07.2025 05:45;33,08
24.07.2025 06:00;47,66
24.07.2025 06:15;46,62
24.07.2025 06:30;52,54
24.07.2025 06:45;56,3
24.07.2025 07:00;61,88
24.07.2025 07:15;77,6
24.07.2025 07:30;74,28
24.07.2025 07:45;69,8
24.07.2025 08:00;71,62
24.07.2025 08:15;71,58
24.07.2025 08:30;71,5
24.07.2025 08:45;77,1
24.07.2025 09:00;52,48
24.07.2025 09:15;53,6
24.07.2025 09:30;66,1
24.07.2025 09:45;76,8
24.07.2025 10:00;81,94
24.07.2025 10:15;90,4
24.07.2025 10:30;79,5
24.07.2025 10:45;56,18
24.07.2025 11:00;16,74
24.07.2025 11:15;37,3
24.07.2025 11:30;50,66
24.07.2025 11:45;58,28
24.07.2025 12:00;31,46
24.07.2025 12:15;29,04
24.07.2025 12:30;30,98
24.07.2025 12:45;48,54
24.07.2025 13:00;63,42
24.07.2025 13:15;62,28
24.07.2025 13:30;64
24.07.2025 13:45;72,44
24.07.2025 14:00;66,08
24.07.2025 14:15;57,9
24.07.2025 14:30;52,46
24.07.2025 14:45;56,54
24.07.2025 15:00;67,76
24.07.2025 15:15;76,62
24.07.2025 15:30;81,6
24.07.2025 15:45;74,76
24.07.2025 16:00;72,76
24.07.2025 16:15;75,4
24.07.2025 16:30;79
24.07.2025 16:45;78,36
24.07.2025 17:00;50,5
24.07.2025 17:15;44,86
24.07.2025 17:30;60,4
24.07.2025 17:45;73,8
24.07.2025 18:00;56,36
24.07.2025 18:15;63,64
24.07.2025 18:30;84,96
24.07.2025 18:45;84,8
24.07.2025 19:00;75,82
24.07.2025 19:15;73,38
24.07.2025 19:30;74,22
24.07.2025 19:45;70,26
24.07.2025 20:00;57,74
24.07.2025 20:15;63,8
24.07.2025 20:30;71,86
24.07.2025 20:45;66,94
24.07.2025 21:00;70,86
24.07.2025 21:15;82,6
24.07.2025 21:30;84,96
24.07.2025 21:45;83,08
24.07.2025 22:00;83,32
24.07.2025 22:15;79,86
24.07.2025 22:30;77,58
24.07.2025 22:45;72,92
24.07.2025 23:00;41,3
24.07.2025 23:15;22,96
24.07.2025 23:30;22,78
24.07.2025 23:45;23,68
25.07.2025 00:00;21,88
25.07.2025 00:15;23,5
25.07.2025 00:30;23,58
25.07.2025 00:45;21,22
25.07.2025 01:00;26,18
25.07.2025 01:15;24,26
25.07.2025 01:30;24,48
25.07.2025 01:45;25,26
25.07.2025 02:00;24,44
25.07.2025 02:15;24,66
25.07.2025 02:30;24,68
25.07.2025 02:45;24,56
25.07.2025 03:00;23,06
25.07.2025 03:15;12,36
25.07.2025 03:30;9,8
25.07.2025 03:45;10,16
25.07.2025 04:00;9,8
25.07.2025 04:15;9,88
25.07.2025 04:30;9,82
25.07.2025 04:45;10,24
25.07.2025 05:00;12,86
25.07.2025 05:15;16,16
25.07.2025 05:30;29,76
25.07.2025 05:45;45,82
25.07.2025 06:00;55,76
25.07.2025 06:15;59,36
25.07.2025 06:30;59,58
25.07.2025 06:45;55,16
25.07.2025 07:00;52,64
25.07.2025 07:15;55,94
25.07.2025 07:30;68,34
25.07.2025 07:45;64,8
25.07.2025 08:00;68,48
25.07.2025 08:15;63,04
25.07.2025 08:30;70,48
25.07.2025 08:45;56,18
25.07.2025 09:00;22,36
25.07.2025 09:15;31,62
25.07.2025 09:30;39,18
25.07.2025 09:45;30
25.07.2025 10:00;26,66
25.07.2025 10:15;3,7
25.07.2025 10:30;12,64
25.07.2025 10:45;28,72
25.07.2025 11:00;34,1
25.07.2025 11:15;41,16
25.07.2025 11:30;37,36
25.07.2025 11:45;35,8
25.07.2025 12:00;32,4
25.07.2025 12:15;28,08
25.07.2025 12:30;42,16
25.07.2025 12:45;36,7
25.07.2025 13:00;20,38
25.07.2025 13:15;32,54
25.07.2025 13:30;6,92
25.07.2025 13:45;28,06
25.07.2025 14:00;37,58
25.07.2025 14:15;39,92
25.07.2025 14:30;37,72
25.07.2025 14:45;67,86
25.07.2025 15:00;66,16
25.07.2025 15:15;64,78
25.07.2025 15:30;61,74
25.07.2025 15:45;56,96
25.07.2025 16:00;56,02
25.07.2025 16:15;47,2
25.07.2025 16:30;40,38
25.07.2025 16:45;51,22
25.07.2025 17:00;36,68
25.07.2025 17:15;35,56
25.07.2025 17:30;60,96
25.07.2025 17:45;59,74
25.07.2025 18:00;66,68
25.07.2025 18:15;72,46
25.07.2025 18:30;73,86
25.07.2025 18:45;69,72
25.07.2025 19:00;66,38
25.07.2025 19:15;59,98
25.07.2025 19:30;53,24
25.07.2025 19:45;42,76
25.07.2025 20:00;15,76
25.07.2025 20:15;10,6
25.07.2025 20:30;12,46
25.07.2025 20:45;12,32
25.07.2025 21:00;12,8
25.07.2025 21:15;12,7
25.07.2025 21:30;12,68
25.07.2025 21:45;12,88
25.07.2025 22:00;11,78
25.07.2025 22:15;12,46
25.07.2025 22:30;12,2
25.07.2025 22:45;10,84
25.07.2025 23:00;9,88
25.07.2025 23:15;9,62
25.07.2025 23:30;8,7
25.07.2025 23:45;9,58
26.07.2025 00:00;9,06
26.07.2025 00:15;8,36
26.07.2025 00:30;8,84
26.07.2025 00:45;7,7
26.07.2025 01:00;10,22
26.07.2025 01:15;8,78
26.07.2025 01:30;7,08
26.07.2025 01:45;7,92
26.07.2025 02:00;7,58
26.07.2025 02:15;5,6
26.07.2025 02:30;6,06
26.07.2025 02:45;5,88
26.07.2025 03:00;5,56
26.07.2025 03:15;6,04
26.07.2025 03:30;5,4
26.07.2025 03:45;5,82
26.07.2025 04:00;6,08
26.07.2025 04:15;5,18
26.07.2025 04:30;6,16
26.07.2025 04:45;8,18
26.07.2025 05:00;8,46
26.07.2025 05:15;9,28
26.07.2025 05:30;9,98
26.07.2025 05:45;8,18
26.07.2025 06:00;6,04
26.07.2025 06:15;5,18
26.07.2025 06:30;3,88
26.07.2025 06:45;4,82
26.07.2025 07:00;2,02
26.07.2025 07:15;2,88
26.07.2025 07:30;1,96
26.07.2025 07:45;0,06
26.07.2025 08:00;0,02
26.07.2025 08:15;0
26.07.2025 08:30;0
26.07.2025 08:45;0
26.07.2025 09:00;0
26.07.2025 09:15;0
26.07.2025 09:30;0
26.07.2025 09:45;0
26.07.2025 10:00;0
26.07.2025 10:15;0
26.07.2025 10:30;0
26.07.2025 10:45;0
26.07.2025 11:00;0
26.07.2025 11:15;0
26.07.2025 11:30;0
26.07.2025 11:45;0
26.07.2025 12:00;0
26.07.2025 12:15;0
26.07.2025 12:30;0
26.07.2025 12:45;0
26.07.2025 13:00;0
26.07.2025 13:15;0
26.07.2025 13:30;0
26.07.2025 13:45;0
26.07.2025 14:00;0
26.07.2025 14:15;0
26.07.2025 14:30;0
26.07.2025 14:45;0
26.07.2025 15:00;0
26.07.2025 15:15;0
26.07.2025 15:30;0
26.07.2025 15:45;0
26.07.2025 16:00;0
26.07.2025 16:15;0
26.07.2025 16:30;0
26.07.2025 16:45;0
26.07.2025 17:00;0
26.07.2025 17:15;0
26.07.2025 17:30;0
26.07.2025 17:45;0
26.07.2025 18:00;0
26.07.2025 18:15;0
26.07.2025 18:30;0,02
26.07.2025 18:45;0,2
26.07.2025 19:00;0,76
26.07.2025 19:15;3
26.07.2025 19:30;2,68
26.07.2025 19:45;3,58
26.07.2025 20:00;3,86
26.07.2025 20:15;3,24
26.07.2025 20:30;4,28
26.07.2025 20:45;4,26
26.07.2025 21:00;3,4
26.07.2025 21:15;4,58
26.07.2025 21:30;4,34
26.07.2025 21:45;4,32
26.07.2025 22:00;4,38
26.07.2025 22:15;3,5
26.07.2025 22:30;4,36
26.07.2025 22:45;4,46
26.07.2025 23:00;3,84
26.07.2025 23:15;4,7
26.07.2025 23:30;4,38
26.07.2025 23:45;4,58
27.07.2025 00:00;5,34
27.07.2025 00:15;4,06
27.07.2025 00:30;3,64
27.07.2025 00:45;4,24
27.07.2025 01:00;5,56
27.07.2025 01:15;6,56
27.07.2025 01:30;8,26
27.07.2025 01:45;6,86
27.07.2025 02:00;6,22
27.07.2025 02:15;6,2
27.07.2025 02:30;5,34
27.07.2025 02:45;6,2
27.07.2025 03:00;6,2
27.07.2025 03:15;5,3
27.07.2025 03:30;6,22
27.07.2025 03:45;5,86
27.07.2025 04:00;5,72
27.07.2025 04:15;6,2
27.07.2025 04:30;5,78
27.07.2025 04:45;6,5
27.07.2025 05:00;6,22
27.07.2025 05:15;5,24
27.07.2025 05:30;6
27.07.2025 05:45;5,98
27.07.2025 06:00;2,38
27.07.2025 06:15;2,64
27.07.2025 06:30;1,78
27.07.2025 06:45;0,22
27.07.2025 07:00;0,66
27.07.2025 07:15;0,12
27.07.2025 07:30;0,5
27.07.2025 07:45;0,22
27.07.2025 08:00;0
27.07.2025 08:15;0
27.07.2025 08:30;0
27.07.2025 08:45;0
27.07.2025 09:00;0
27.07.2025 09:15;0
27.07.2025 09:30;0
27.07.2025 09:45;0
27.07.2025 10:00;0
27.07.2025 10:15;0
27.07.2025 10:30;0
27.07.2025 10:45;0
27.07.2025 11:00;0
27.07.2025 11:15;0
27.07.2025 11:30;0
27.07.2025 11:45;0
27.07.2025 12:00;0
27.07.2025 12:15;0
27.07.2025 12:30;0
27.07.2025 12:45;0
27.07.2025 13:00;0
27.07.2025 13:15;0
27.07.2025 13:30;0
27.07.2025 13:45;0
27.07.2025 14:00;0
27.07.2025 14:15;0
27.07.2025 14:30;0
27.07.2025 14:45;0
27.07.2025 15:00;0
27.07.2025 15:15;0
27.07.2025 15:30;0
27.07.2025 15:45;0
27.07.2025 16:00;0
27.07.2025 16:15;0
27.07.2025 16:30;0
27.07.2025 16:45;0
27.07.2025 17:00;0
27.07.2025 17:15;0
27.07.2025 17:30;0
27.07.2025 17:45;0
27.07.2025 18:00;0
27.07.2025 18:15;0
27.07.2025 18:30;0
27.07.2025 18:45;0
27.07.2025 19:00;0,4
27.07.2025 19:15;0,16
27.07.2025 19:30;0,52
27.07.2025 19:45;0,02
27.07.2025 20:00;1,44
27.07.2025 20:15;2,48
27.07.2025 20:30;3,98
27.07.2025 20:45;3,08
27.07.2025 21:00;4,2
27.07.2025 21:15;3,62
27.07.2025 21:30;4,7
27.07.2025 21:45;3,8
27.07.2025 22:00;4,08
27.07.2025 22:15;3,08
27.07.2025 22:30;4
27.07.2025 22:45;3,08
27.07.2025 23:00;3,92
27.07.2025 23:15;3,02
27.07.2025 23:30;3,78
27.07.2025 23:45;2,92
28.07.2025 00:00;3,92
28.07.2025 00:15;2,98
28.07.2025 00:30;3,74
28.07.2025 00:45;3,2
28.07.2025 01:00;5,76
28.07.2025 01:15;5,64
28.07.2025 01:30;5,58
28.07.2025 01:45;5,84
28.07.2025 02:00;6,92
28.07.2025 02:15;7,8
28.07.2025 02:30;5,72
28.07.2025 02:45;5,94
28.07.2025 03:00;5,16
28.07.2025 03:15;5,96
28.07.2025 03:30;5,18
28.07.2025 03:45;5,96
28.07.2025 04:00;5,24
28.07.2025 04:15;5,88
28.07.2025 04:30;5,1
28.07.2025 04:45;10,22
28.07.2025 05:00;10,16
28.07.2025 05:15;13,96
28.07.2025 05:30;51,04
28.07.2025 05:45;78,98
28.07.2025 06:00;74,94
28.07.2025 06:15;69,34
28.07.2025 06:30;68,92
28.07.2025 06:45;69,3
28.07.2025 07:00;61,08
28.07.2025 07:15;63,32
28.07.2025 07:30;49,96
28.07.2025 07:45;40,46
28.07.2025 08:00;57,04
28.07.2025 08:15;52,76
28.07.2025 08:30;58,04
28.07.2025 08:45;51,68
28.07.2025 15:00;58,72
28.07.2025 15:15;62,68
28.07.2025 15:30;59,2
28.07.2025 15:45;62,16
28.07.2025 16:00;52
28.07.2025 16:15;50,06
28.07.2025 16:30;51,94
28.07.2025 16:45;61,98
28.07.2025 17:00;49,32
28.07.2025 17:15;63,44
28.07.2025 17:30;68,98
28.07.2025 17:45;74,28
28.07.2025 18:00;76,72
28.07.2025 18:15;78,68
28.07.2025 18:30;72,94
28.07.2025 18:45;66,52
28.07.2025 19:00;59,94
28.07.2025 19:15;53,26
28.07.2025 19:30;51,98
28.07.2025 19:45;67,64
28.07.2025 20:00;67,92
28.07.2025 20:15;81,22
28.07.2025 20:30;78,34
28.07.2025 20:45;82,86
28.07.2025 21:00;79,28
28.07.2025 21:15;87,52
28.07.2025 21:30;71,2
28.07.2025 21:45;79,52
28.07.2025 22:00;79
28.07.2025 22:15;71,04
28.07.2025 22:30;65,76
28.07.2025 22:45;55,28
28.07.2025 23:00;38,4
28.07.2025 23:15;21,6
28.07.2025 23:30;18,88
28.07.2025 23:45;9,6
29.07.2025 00:00;7,78
29.07.2025 00:15;7,4
29.07.2025 00:30;7,48
29.07.2025 00:45;7,1
29.07.2025 01:00;7,3
29.07.2025 01:15;7,1
29.07.2025 01:30;7,26
29.07.2025 01:45;6,92
29.07.2025 02:00;7,22
29.07.2025 02:15;6,98
29.07.2025 02:30;6,98
29.07.2025 02:45;6,8
29.07.2025 03:00;6,72
29.07.2025 03:15;7
29.07.2025 03:30;6,82
29.07.2025 03:45;6,84
29.07.2025 04:00;6,74
29.07.2025 04:15;6,52
29.07.2025 04:30;6,28
29.07.2025 04:45;11,16
29.07.2025 05:00;13,04
29.07.2025 05:15;20,04
29.07.2025 05:30;44,98
29.07.2025 05:45;61,8
29.07.2025 06:00;69,9
29.07.2025 06:15;79,66
29.07.2025 06:30;66,86
29.07.2025 06:45;75,66
29.07.2025 07:00;83,14
29.07.2025 07:15;97,88
29.07.2025 07:30;90,26
29.07.2025 07:45;90
29.07.2025 08:00;84,44
29.07.2025 08:15;75,32
29.07.2025 08:30;68,68
29.07.2025 08:45;64,08
29.07.2025 09:00;47,12
29.07.2025 09:15;65,66
29.07.2025 09:30;66,92
29.07.2025 09:45;69,42
29.07.2025 10:00;77,54
29.07.2025 10:15;70,24
29.07.2025 10:30;76,14
29.07.2025 10:45;43,84
29.07.2025 11:00;53,88
29.07.2025 11:15;33,04
29.07.2025 11:30;16,44
29.07.2025 11:45;29
29.07.2025 12:00;18,3
29.07.2025 12:15;44,36
29.07.2025 12:30;17,1
29.07.2025 12:45;44
29.07.2025 13:00;18,08
29.07.2025 13:15;17,3
29.07.2025 13:30;13,84
29.07.2025 13:45;26,2
29.07.2025 14:00;16,44
29.07.2025 14:15;31,2
29.07.2025 14:30;37,14
29.07.2025 14:45;14,86
29.07.2025 15:00;9,44
29.07.2025 15:15;13,8
29.07.2025 15:30;3,14
29.07.2025 15:45;5,74
29.07.2025 16:00;3,1
29.07.2025 16:15;8,74
29.07.2025 16:30;16,14
29.07.2025 16:45;29,52
29.07.2025 17:00;11,8
29.07.2025 17:15;43,8
29.07.2025 17:30;31,68
29.07.2025 17:45;26,98
29.07.2025 18:00;42,56
29.07.2025 18:15;41,92
29.07.2025 18:30;68,56
29.07.2025 18:45;66,12
29.07.2025 19:00;67,18
29.07.2025 19:15;50,96
29.07.2025 19:30;57,92
29.07.2025 19:45;62,68
29.07.2025 20:00;66,78
29.07.2025 20:15;63,22
29.07.2025 20:30;78,56
29.07.2025 20:45;72,38
29.07.2025 21:00;78,38
29.07.2025 21:15;81,88
29.07.2025 21:30;70,24
29.07.2025 21:45;76
29.07.2025 22:00;73,5
29.07.2025 22:15;50,78
29.07.2025 22:30;40,28
29.07.2025 22:45;39,5
29.07.2025 23:00;23,48
29.07.2025 23:15;17,96
29.07.2025 23:30;13,86
29.07.2025 23:45;12,2
30.07.2025 00:00;11,78
30.07.2025 00:15;11,94
30.07.2025 00:30;11,82
30.07.2025 00:45;11,22
30.07.2025 01:00;11,48
30.07.2025 01:15;11,22
30.07.2025 01:30;11,34
30.07.2025 01:45;10,84
30.07.2025 02:00;11,04
30.07.2025 02:15;11,1
30.07.2025 02:30;11,38
30.07.2025 02:45;11,12
30.07.2025 03:00;11,52
30.07.2025 03:15;11,06
30.07.2025 03:30;10,8
30.07.2025 03:45;11,32
30.07.2025 04:00;11,32
30.07.2025 04:15;11,18
30.07.2025 04:30;11,66
30.07.2025 04:45;16,2
30.07.2025 05:00;17,04
30.07.2025 05:15;18,82
30.07.2025 05:30;36,8
30.07.2025 05:45;48,06
30.07.2025 06:00;44,02
30.07.2025 06:15;45,74
30.07.2025 06:30;54,32
30.07.2025 06:45;60,8
30.07.2025 07:00;62,62
30.07.2025 07:15;68,34
30.07.2025 07:30;63,52
30.07.2025 07:45;66,8
30.07.2025 08:00;52,06
30.07.2025 08:15;53,44
30.07.2025 08:30;54,64
30.07.2025 08:45;54,12
30.07.2025 09:00;34,36
30.07.2025 09:15;58,14
30.07.2025 09:30;46,6
30.07.2025 09:45;41,48
30.07.2025 10:00;44,08
30.07.2025 10:15;41,5
30.07.2025 10:30;48,88
30.07.2025 10:45;60,98
30.07.2025 11:00;55,32
30.07.2025 11:15;47,26
30.07.2025 11:30;36,72
30.07.2025 11:45;30,38
30.07.2025 12:00;37,66
30.07.2025 12:15;51,78
30.07.2025 12:30;62,4
30.07.2025 12:45;65,98
30.07.2025 13:00;51,58
30.07.2025 13:15;62,16
30.07.2025 13:30;63,26
30.07.2025 13:45;55,88
30.07.2025 14:00;44,54
30.07.2025 14:15;16,32
30.07.2025 14:30;6,66
30.07.2025 14:45;6,88
30.07.2025 15:00;28,86
30.07.2025 15:15;46,8
30.07.2025 15:30;57,9
30.07.2025 15:45;51,3
30.07.2025 16:00;59,9
30.07.2025 16:15;56,84
30.07.2025 16:30;44,66
30.07.2025 16:45;30,96
30.07.2025 17:00;16,66
30.07.2025 17:15;10,1
30.07.2025 17:30;20,72
30.07.2025 17:45;17,8
30.07.2025 18:00;23,3
30.07.2025 18:15;16,44
30.07.2025 18:30;19,92
30.07.2025 18:45;32,88
30.07.2025 19:00;35,84
30.07.2025 19:15;36,82
30.07.2025 19:30;38,4
30.07.2025 19:45;37,82
30.07.2025 20:00;30,62
30.07.2025 20:15;41,62
30.07.2025 20:30;48,92
30.07.2025 20:45;50,26
30.07.2025 21:00;46,64
30.07.2025 21:15;45,12
30.07.2025 21:30;45,36
30.07.2025 21:45;50,5
30.07.2025 22:00;45,14
30.07.2025 22:15;44,34
30.07.2025 22:30;45,36
30.07.2025 22:45;38,14
30.07.2025 23:00;23,62
30.07.2025 23:15;18,5
30.07.2025 23:30;18,34
30.07.2025 23:45;18,7
31.07.2025 00:00;15,52
31.07.2025 00:15;14,08
31.07.2025 00:30;12,94
31.07.2025 00:45;12,6
31.07.2025 01:00;13
31.07.2025 01:15;11,88
31.07.2025 01:30;12,52
31.07.2025 01:45;11,86
31.07.2025 02:00;11,54
31.07.2025 02:15;11,72
31.07.2025 02:30;10,98
31.07.2025 02:45;10,72
31.07.2025 03:00;9,92
31.07.2025 03:15;9,14
31.07.2025 03:30;10,48
31.07.2025 03:45;8,84
31.07.2025 04:00;9,52
31.07.2025 04:15;9,64
31.07.2025 04:30;8,46
31.07.2025 04:45;12,52
31.07.2025 05:00;12,04
31.07.2025 05:15;13,68
31.07.2025 05:30;29,96
31.07.2025 05:45;50,6
31.07.2025 06:00;53,06
31.07.2025 06:15;48,3
31.07.2025 06:30;53,7
31.07.2025 06:45;54,4
31.07.2025 07:00;44,32
31.07.2025 07:15;43,7
31.07.2025 07:30;53,48
31.07.2025 07:45;46,02
31.07.2025 08:00;37,22
31.07.2025 08:15;39,76
31.07.2025 08:30;43,9
31.07.2025 08:45;34,66
31.07.2025 09:00;15,6
31.07.2025 09:15;31,04
31.07.2025 09:30;47,58
31.07.2025 09:45;13,22
31.07.2025 10:00;36,5
31.07.2025 10:15;24,26
31.07.2025 10:30;51,94
31.07.2025 10:45;61,9
31.07.2025 11:00;76,08
31.07.2025 11:15;66,04
31.07.2025 11:30;48,98
31.07.2025 11:45;47,86
31.07.2025 12:00;57,96
31.07.2025 12:15;58,46
31.07.2025 12:30;48,22
31.07.2025 12:45;27,82
31.07.2025 13:00;33,6
31.07.2025 13:15;25,24
31.07.2025 13:30;15,32
31.07.2025 13:45;22
31.07.2025 14:00;49,9
31.07.2025 14:15;11,94
31.07.2025 14:30;20,48
31.07.2025 14:45;56,66
31.07.2025 15:00;45,98
31.07.2025 15:15;61,78
31.07.2025 15:30;58,3
31.07.2025 15:45;62,48
31.07.2025 16:00;58,86
31.07.2025 16:15;85,48
31.07.2025 16:30;68,6
31.07.2025 16:45;41,22
31.07.2025 17:00;44,12
31.07.2025 17:15;55,64
31.07.2025 17:30;58,36
31.07.2025 17:45;52,82
31.07.2025 18:00;55,74
31.07.2025 18:15;31,22
31.07.2025 18:30;41,16
31.07.2025 18:45;50,4
31.07.2025 19:00;53,18
31.07.2025 19:15;55,36
31.07.2025 19:30;62,04
31.07.2025 19:45;66,1
31.07.2025 20:00;65,24
31.07.2025 20:15;68,32
31.07.2025 20:30;68,4
31.07.2025 20:45;66,1
31.07.2025 21:00;63,54
31.07.2025 21:15;65,68
31.07.2025 21:30;74,42
31.07.2025 21:45;72,4
31.07.2025 22:00;72,18
31.07.2025 22:15;67,22
31.07.2025 22:30;65,38
31.07.2025 22:45;47,7
31.07.2025 23:00;35,26
31.07.2025 23:15;18,98
31.07.2025 23:30;10,24
31.07.2025 23:45;8,06
01.08.2025 00:00;7,7
01.08.2025 00:15;7,46
01.08.2025 00:30;8,12
01.08.2025 00:45;7,52
01.08.2025 01:00;9,66
01.08.2025 01:15;9,42
01.08.2025 01:30;9,76
01.08.2025 01:45;9,76
01.08.2025 02:00;9
01.08.2025 02:15;8,54
01.08.2025 02:30;8,82
01.08.2025 02:45;9,4
01.08.2025 03:00;8,98
01.08.2025 03:15;8,44
01.08.2025 03:30;9
01.08.2025 03:45;9
01.08.2025 04:00;9,26
01.08.2025 04:15;8,6
01.08.2025 04:30;8,68
01.08.2025 04:45;9,78
01.08.2025 05:00;14,4
01.08.2025 05:15;16,2
01.08.2025 05:30;30,06
01.08.2025 05:45;62,38
01.08.2025 06:00;61,28
01.08.2025 06:15;56,76
01.08.2025 06:30;59,32
01.08.2025 06:45;52,06
01.08.2025 07:00;53,96
01.08.2025 07:15;43,1
01.08.2025 07:30;51,16
01.08.2025 07:45;48,4
01.08.2025 08:00;59,56
01.08.2025 08:15;56,88
01.08.2025 08:30;62,3
01.08.2025 08:45;74,2
01.08.2025 09:00;66,18
01.08.2025 09:15;69,68
01.08.2025 09:30;86,58
01.08.2025 09:45;69,06
01.08.2025 10:00;57,92
01.08.2025 10:15;23,8
01.08.2025 10:30;50,22
01.08.2025 10:45;57,86
01.08.2025 11:00;71,1
01.08.2025 11:15;66,04
01.08.2025 11:30;46,18
01.08.2025 11:45;50,02
01.08.2025 12:00;28,68
01.08.2025 12:15;60,54
01.08.2025 12:30;68,3
01.08.2025 12:45;68,28
01.08.2025 13:00;66,98
01.08.2025 13:15;42,18
01.08.2025 13:30;35,68
01.08.2025 13:45;46,54
01.08.2025 14:00;48,44
01.08.2025 14:15;37,32
01.08.2025 14:30;65,62
01.08.2025 14:45;59,86
01.08.2025 15:00;32,34
01.08.2025 15:15;51,98
01.08.2025 15:30;47,24
01.08.2025 15:45;58,66
01.08.2025 16:00;69,38
01.08.2025 16:15;80,34
01.08.2025 16:30;83,66
01.08.2025 16:45;78,3
01.08.2025 17:00;66,6
01.08.2025 17:15;51,1
01.08.2025 17:30;67,56
01.08.2025 17:45;66,18
01.08.2025 18:00;66,76
01.08.2025 18:15;62,96
01.08.2025 18:30;66,62
01.08.2025 18:45;58,64
01.08.2025 19:00;38,74
01.08.2025 19:15;29,64
01.08.2025 19:30;29
01.08.2025 19:45;30,24
01.08.2025 20:00;11,68
01.08.2025 20:15;7,26
01.08.2025 20:30;5,8
01.08.2025 20:45;6,84
01.08.2025 21:00;6,8
01.08.2025 21:15;5,8
01.08.2025 21:30;6,8
01.08.2025 21:45;6,52
01.08.2025 22:00;5,34
01.08.2025 22:15;6,4
01.08.2025 22:30;6,02
01.08.2025 22:45;5,48
01.08.2025 23:00;5,64
01.08.2025 23:15;5,04
01.08.2025 23:30;4,92
01.08.2025 23:45;5,26
02.08.2025 00:00;4,42
02.08.2025 00:15;4,88
02.08.2025 00:30;4,46
02.08.2025 00:45;3,92
02.08.2025 01:00;4,52
02.08.2025 01:15;4,48
02.08.2025 01:30;3,82
02.08.2025 01:45;4,5
02.08.2025 02:00;3,98
02.08.2025 02:15;3,84
02.08.2025 02:30;4,44
02.08.2025 02:45;3,34
02.08.2025 03:00;4,4
02.08.2025 03:15;4,14
02.08.2025 03:30;3,64
02.08.2025 03:45;4,18
02.08.2025 04:00;4,22
02.08.2025 04:15;3,46
02.08.2025 04:30;4,14
02.08.2025 04:45;3,72
02.08.2025 05:00;4,04
02.08.2025 05:15;9,42
02.08.2025 05:30;9
02.08.2025 05:45;15,08
02.08.2025 06:00;15,04
02.08.2025 06:15;14
02.08.2025 06:30;12,48
02.08.2025 06:45;11,32
02.08.2025 07:00;12,66
02.08.2025 07:15;13,28
02.08.2025 07:30;12,92
02.08.2025 07:45;9,86
02.08.2025 08:00;9,98
02.08.2025 08:15;9,08
02.08.2025 08:30;8,58
02.08.2025 08:45;8,6
02.08.2025 09:00;7,34
02.08.2025 09:15;0
02.08.2025 09:30;1,1
02.08.2025 09:45;5,06
02.08.2025 10:00;0,68
02.08.2025 10:15;0,16
02.08.2025 10:30;0,38
02.08.2025 10:45;0
02.08.2025 11:00;0
02.08.2025 11:15;0
02.08.2025 11:30;0
02.08.2025 11:45;0
02.08.2025 12:00;0
02.08.2025 12:15;0
02.08.2025 12:30;0
02.08.2025 12:45;0
02.08.2025 13:00;0
02.08.2025 13:15;0
02.08.2025 13:30;0
02.08.2025 13:45;0
02.08.2025 14:00;0
02.08.2025 14:15;0
02.08.2025 14:30;0
02.08.2025 14:45;0
02.08.2025 15:00;0
02.08.2025 15:15;0
02.08.2025 15:30;0
02.08.2025 15:45;0
02.08.2025 16:00;0
02.08.2025 16:15;0
02.08.2025 16:30;0
02.08.2025 16:45;0
02.08.2025 17:00;0
02.08.2025 17:15;0
02.08.2025 17:30;0
02.08.2025 17:45;0
02.08.2025 18:00;0
02.08.2025 18:15;0
02.08.2025 18:30;0
02.08.2025 18:45;0
02.08.2025 19:00;0,08
02.08.2025 19:15;0
02.08.2025 19:30;0,26
02.08.2025 19:45;0,46
02.08.2025 20:00;0,44
02.08.2025 20:15;3,08
02.08.2025 20:30;3,9
02.08.2025 20:45;4,08
02.08.2025 21:00;4,88
02.08.2025 21:15;4,74
02.08.2025 21:30;5,04
02.08.2025 21:45;4,98
02.08.2025 22:00;3,72
02.08.2025 22:15;4,44
02.08.2025 22:30;4,68
02.08.2025 22:45;3,58
02.08.2025 23:00;4,86
02.08.2025 23:15;4,66
02.08.2025 23:30;4,02
02.08.2025 23:45;4,22
03.08.2025 00:00;3,84
03.08.2025 00:15;4,04
03.08.2025 00:30;4,54
03.08.2025 00:45;3,5
03.08.2025 01:00;6,48
03.08.2025 01:15;6,8
03.08.2025 01:30;5,64
03.08.2025 01:45;6,82
03.08.2025 02:00;6,52
03.08.2025 02:15;6,2
03.08.2025 02:30;6,54
03.08.2025 02:45;6,02
03.08.2025 03:00;6,42
03.08.2025 03:15;6,82
03.08.2025 03:30;5,7
03.08.2025 03:45;6,8
03.08.2025 04:00;6,56
03.08.2025 04:15;5,64
03.08.2025 04:30;7
03.08.2025 04:45;6,74
03.08.2025 05:00;6,2
03.08.2025 05:15;6,52
03.08.2025 05:30;6,02
03.08.2025 05:45;6,26
03.08.2025 06:00;4,14
03.08.2025 06:15;2,8
03.08.2025 06:30;2,4
03.08.2025 06:45;0,48
03.08.2025 07:00;0
03.08.2025 07:15;0,08
03.08.2025 07:30;0
03.08.2025 07:45;0
03.08.2025 08:00;0
03.08.2025 08:15;0
03.08.2025 08:30;0
03.08.2025 08:45;0
03.08.2025 09:00;0
03.08.2025 09:15;0
03.08.2025 09:30;0
03.08.2025 09:45;0
03.08.2025 10:00;0
03.08.2025 10:15;0
03.08.2025 10:30;0
03.08.2025 10:45;0
03.08.2025 11:00;0
03.08.2025 11:15;0
03.08.2025 11:30;0
03.08.2025 11:45;0
03.08.2025 12:00;0
03.08.2025 12:15;0
03.08.2025 12:30;0
03.08.2025 12:45;0
03.08.2025 13:00;0
03.08.2025 13:15;0
03.08.2025 13:30;0
03.08.2025 13:45;0
03.08.2025 14:00;0
03.08.2025 14:15;0
03.08.2025 14:30;0
03.08.2025 14:45;0
03.08.2025 15:00;0
03.08.2025 15:15;0
03.08.2025 15:30;0
03.08.2025 15:45;0
03.08.2025 16:00;0
03.08.2025 16:15;0
03.08.2025 16:30;0
03.08.2025 16:45;0
03.08.2025 17:00;0
03.08.2025 17:15;0
03.08.2025 17:30;0
03.08.2025 17:45;0
03.08.2025 18:00;0
03.08.2025 18:15;0
03.08.2025 18:30;0
03.08.2025 18:45;0
03.08.2025 19:00;0
03.08.2025 19:15;2,06
03.08.2025 19:30;1,26
03.08.2025 19:45;1,38
03.08.2025 20:00;1,74
03.08.2025 20:15;3,16
03.08.2025 20:30;4,28
03.08.2025 20:45;3,74
03.08.2025 21:00;4,5
03.08.2025 21:15;4,86
03.08.2025 21:30;3,84
03.08.2025 21:45;4,86
03.08.2025 22:00;4,32
03.08.2025 22:15;3,82
03.08.2025 22:30;4,4
03.08.2025 22:45;4,12
03.08.2025 23:00;3,88
03.08.2025 23:15;4,26
03.08.2025 23:30;3,64
03.08.2025 23:45;4,28
04.08.2025 00:00;4,54
04.08.2025 00:15;3,38
04.08.2025 00:30;4,42
04.08.2025 00:45;4,28
04.08.2025 01:00;3,6
04.08.2025 01:15;4,2
04.08.2025 01:30;4,28
04.08.2025 01:45;3,64
04.08.2025 02:00;4,52
04.08.2025 02:15;3,54
04.08.2025 02:30;4,22
04.08.2025 02:45;4,44
04.08.2025 03:00;3,4
04.08.2025 03:15;4,54
04.08.2025 03:30;4,34
04.08.2025 03:45;3,66
04.08.2025 04:00;4,24
04.08.2025 04:15;4,46
04.08.2025 04:30;3,34
04.08.2025 04:45;5,56
04.08.2025 05:00;8,98
04.08.2025 05:15;9,62
04.08.2025 05:30;14,06
04.08.2025 05:45;14,92
04.08.2025 06:00;18,78
04.08.2025 06:15;20,54
04.08.2025 06:30;30,92
04.08.2025 06:45;45,74
04.08.2025 07:00;51,98
04.08.2025 07:15;58,18
04.08.2025 07:30;71
04.08.2025 07:45;72,28
04.08.2025 08:00;62,7
04.08.2025 08:15;59,26
04.08.2025 08:30;70,34
04.08.2025 08:45;64,8
04.08.2025 09:00;59,96
04.08.2025 09:15;65,78
04.08.2025 09:30;67,1
04.08.2025 09:45;66,28
04.08.2025 10:00;63,1
04.08.2025 10:15;56,5
04.08.2025 10:30;70,36
04.08.2025 10:45;77,46
04.08.2025 11:00;75,54
04.08.2025 11:15;76,52
04.08.2025 11:30;72,32
04.08.2025 11:45;57,56
04.08.2025 12:00;20,02
04.08.2025 12:15;21,94
04.08.2025 12:30;23,76
04.08.2025 12:45;46,48
04.08.2025 13:00;61,62
04.08.2025 13:15;56,92
04.08.2025 13:30;59,82
04.08.2025 13:45;60,16
04.08.2025 14:00;59,36
04.08.2025 14:15;62,18
04.08.2025 14:30;65,44
04.08.2025 14:45;71,36
04.08.2025 15:00;73,1
04.08.2025 15:15;73,4
04.08.2025 15:30;76,04
04.08.2025 15:45;63,7
04.08.2025 16:00;67,94
04.08.2025 16:15;72,64
04.08.2025 16:30;56,5
04.08.2025 16:45;56,56
04.08.2025 17:00;47,28
04.08.2025 17:15;41,88
04.08.2025 17:30;33,14
04.08.2025 17:45;38,02
04.08.2025 18:00;44,7
04.08.2025 18:15;47,64
04.08.2025 18:30;32,96
04.08.2025 18:45;45,7
04.08.2025 19:00;45,38
04.08.2025 19:15;61,14
04.08.2025 19:30;73,54
04.08.2025 19:45;68,42
04.08.2025 20:00;51,54
04.08.2025 20:15;52,72
04.08.2025 20:30;67,64
04.08.2025 20:45;73,62
04.08.2025 21:00;61,34
04.08.2025 21:15;67,92
04.08.2025 21:30;54,46
04.08.2025 21:45;61,02
04.08.2025 22:00;60,34
04.08.2025 22:15;43,12
04.08.2025 22:30;26,02
04.08.2025 22:45;23,48
04.08.2025 23:00;14,74
04.08.2025 23:15;13,76
04.08.2025 23:30;13,86
04.08.2025 23:45;12,82
05.08.2025 00:00;13,62
05.08.2025 00:15;13,2
05.08.2025 00:30;12,94
05.08.2025 00:45;13,06
05.08.2025 01:00;12,86
05.08.2025 01:15;12,5
05.08.2025 01:30;12,08
05.08.2025 01:45;12,16
05.08.2025 02:00;11,32
05.08.2025 02:15;11,82
05.08.2025 02:30;11,32
05.08.2025 02:45;10,7
05.08.2025 03:00;10,8
05.08.2025 03:15;10,96
05.08.2025 03:30;9,76
05.08.2025 03:45;9,54
05.08.2025 04:00;9,24
05.08.2025 04:15;8,3
05.08.2025 04:30;7
05.08.2025 04:45;7,68
05.08.2025 05:00;11,64
05.08.2025 05:15;12,12
05.08.2025 05:30;21,3
05.08.2025 05:45;31,48
05.08.2025 06:00;36,9
05.08.2025 06:15;38,44
05.08.2025 06:30;49,54
05.08.2025 06:45;47
05.08.2025 07:00;50,54
05.08.2025 07:15;51,1
05.08.2025 07:30;48,28
05.08.2025 07:45;47,58
05.08.2025 08:00;45,9
05.08.2025 08:15;38,94
05.08.2025 08:30;33,74
05.08.2025 08:45;10,94
05.08.2025 09:00;9,8
05.08.2025 09:15;10,24
05.08.2025 09:30;9,78
05.08.2025 09:45;5,08
05.08.2025 10:00;1,98
05.08.2025 10:15;3,66
05.08.2025 10:30;6,52
05.08.2025 10:45;5,52
05.08.2025 11:00;4,3
05.08.2025 11:15;26,3
05.08.2025 11:30;37,02
05.08.2025 11:45;44,94
05.08.2025 12:00;52,16
05.08.2025 12:15;62,16
05.08.2025 12:30;56,56
05.08.2025 12:45;60,98
05.08.2025 13:00;44
05.08.2025 13:15;31,92
05.08.2025 13:30;50,86
05.08.2025 13:45;7,98
05.08.2025 14:00;20,54
05.08.2025 14:15;25,16
05.08.2025 14:30;41,78
05.08.2025 14:45;21,58
05.08.2025 15:00;47,24
05.08.2025 15:15;96,8
05.08.2025 15:30;37,68
05.08.2025 15:45;26,14
05.08.2025 16:00;39,32
05.08.2025 16:15;39,82
05.08.2025 16:30;62,86
05.08.2025 16:45;88,92
05.08.2025 17:00;77,18
05.08.2025 17:15;72,56
05.08.2025 17:30;76,4
05.08.2025 17:45;75,92
05.08.2025 18:00;67,32
05.08.2025 18:15;74,12
05.08.2025 18:30;77,42
05.08.2025 18:45;65,56
05.08.2025 19:00;68,4
05.08.2025 19:15;68,44
05.08.2025 19:30;76,18
05.08.2025 19:45;77,18
05.08.2025 20:00;64,1
05.08.2025 20:15;75,82
05.08.2025 20:30;82,76
05.08.2025 20:45;80,84
05.08.2025 21:00;73,48
05.08.2025 21:15;74,54
05.08.2025 21:30;73,96
05.08.2025 21:45;74
05.08.2025 22:00;68,2
05.08.2025 22:15;66,04
05.08.2025 22:30;57,34
05.08.2025 22:45;54,42
05.08.2025 23:00;34,34
05.08.2025 23:15;26,34
05.08.2025 23:30;25,56
05.08.2025 23:45;20,62
06.08.2025 00:00;24,84
06.08.2025 00:15;22,06
06.08.2025 00:30;18,28
06.08.2025 00:45;20,58
06.08.2025 01:00;16,4
06.08.2025 01:15;18,62
06.08.2025 01:30;18,92
06.08.2025 01:45;16,74
06.08.2025 02:00;18,96
06.08.2025 02:15;21,02
06.08.2025 02:30;16,84
06.08.2025 02:45;16,56
06.08.2025 03:00;20,4
06.08.2025 03:15;15,3
06.08.2025 03:30;17,7
06.08.2025 03:45;18,44
06.08.2025 04:00;15,84
06.08.2025 04:15;18,6
06.08.2025 04:30;16,74
06.08.2025 04:45;16
06.08.2025 05:00;21,84
06.08.2025 05:15;23,02
06.08.2025 05:30;30,4
06.08.2025 05:45;45,78
06.08.2025 06:00;55,08
06.08.2025 06:15;46,32
06.08.2025 06:30;47,4
06.08.2025 06:45;49,98
06.08.2025 07:00;49,04
06.08.2025 07:15;44,08
06.08.2025 07:30;48,7
06.08.2025 07:45;43,44
06.08.2025 08:00;33,7
06.08.2025 08:15;27,58
06.08.2025 08:30;30,78
06.08.2025 08:45;28,9
06.08.2025 09:00;19,14
06.08.2025 09:15;22,14
06.08.2025 09:30;18,86
06.08.2025 09:45;21,32
06.08.2025 10:00;12,48
06.08.2025 10:15;11,12
06.08.2025 10:30;5,56
06.08.2025 10:45;1,84
06.08.2025 11:00;1,44
06.08.2025 11:15;0,06
06.08.2025 11:30;0,08
06.08.2025 11:45;0,06
06.08.2025 12:00;0
06.08.2025 12:15;0,2
06.08.2025 12:30;0,44
06.08.2025 12:45;0,26
06.08.2025 13:00;2,3
06.08.2025 13:15;1,76
06.08.2025 13:30;3,18
06.08.2025 13:45;4
06.08.2025 14:00;5,94
06.08.2025 14:15;13,92
06.08.2025 14:30;9,86
06.08.2025 14:45;10,76
06.08.2025 15:00;9,32
06.08.2025 15:15;6,16
06.08.2025 15:30;12,06
06.08.2025 15:45;18,3
06.08.2025 16:00;24,74
06.08.2025 16:15;36,54
06.08.2025 16:30;35,06
06.08.2025 16:45;37,6
06.08.2025 17:00;29,16
06.08.2025 17:15;37,18
06.08.2025 17:30;51,42
06.08.2025 17:45;51,34
06.08.2025 18:00;56,48
06.08.2025 18:15;43,56
06.08.2025 18:30;44,38
06.08.2025 18:45;46,38
06.08.2025 19:00;67,56
06.08.2025 19:15;76,7
06.08.2025 19:30;81,46
06.08.2025 19:45;77,96
06.08.2025 20:00;65,82
06.08.2025 20:15;75,7
06.08.2025 20:30;83,2
06.08.2025 20:45;74,5
06.08.2025 21:00;84,4
06.08.2025 21:15;77,84
06.08.2025 21:30;86,06
06.08.2025 21:45;79,08
06.08.2025 22:00;74,5
06.08.2025 22:15;66,88
06.08.2025 22:30;55,32
06.08.2025 22:45;47,6
06.08.2025 23:00;38,12
06.08.2025 23:15;29,28
06.08.2025 23:30;23,2
06.08.2025 23:45;20,66
07.08.2025 00:00;24,72
07.08.2025 00:15;22,26
07.08.2025 00:30;20,94
07.08.2025 00:45;23,76
07.08.2025 01:00;19,96
07.08.2025 01:15;21,82
07.08.2025 01:30;22,1
07.08.2025 01:45;19,98
07.08.2025 02:00;24,2
07.08.2025 02:15;17,66
07.08.2025 02:30;18,88
07.08.2025 02:45;21,54
07.08.2025 03:00;17,58
07.08.2025 03:15;19,2
07.08.2025 03:30;20,46
07.08.2025 03:45;16,94
07.08.2025 04:00;19,84
07.08.2025 04:15;19,06
07.08.2025 04:30;16,52
07.08.2025 04:45;19,96
07.08.2025 05:00;20,76
07.08.2025 05:15;22,22
07.08.2025 05:30;31,36
07.08.2025 05:45;43,22
07.08.2025 06:00;46,56
07.08.2025 06:15;60,06
07.08.2025 06:30;71,14
07.08.2025 06:45;60,72
07.08.2025 07:00;67,06
07.08.2025 07:15;68,02
07.08.2025 07:30;67,12
07.08.2025 07:45;57,24
07.08.2025 08:00;47,88
07.08.2025 08:15;50,58
07.08.2025 08:30;37,68
07.08.2025 08:45;26,42
07.08.2025 09:00;9,28
07.08.2025 09:15;20,02
07.08.2025 09:30;31,04
07.08.2025 09:45;27,98
07.08.2025 10:00;25,68
07.08.2025 10:15;25,46
07.08.2025 10:30;15,08
07.08.2025 10:45;21,52
07.08.2025 11:00;15,54
07.08.2025 11:15;13,96
07.08.2025 11:30;16,72
07.08.2025 11:45;17,56
07.08.2025 12:00;8,96
07.08.2025 12:15;5,88
07.08.2025 12:30;0,22
07.08.2025 12:45;5,28
07.08.2025 13:00;11,38
07.08.2025 13:15;18,38
07.08.2025 13:30;20,68
07.08.2025 13:45;5,26
07.08.2025 14:00;7,48
07.08.2025 14:15;19,04
07.08.2025 14:30;13,62
07.08.2025 14:45;17,08
07.08.2025 15:00;21,1
07.08.2025 15:15;17,46
07.08.2025 15:30;26,6
07.08.2025 15:45;63,74
07.08.2025 16:00;46,78
07.08.2025 16:15;49,44
07.08.2025 16:30;52,78
07.08.2025 16:45;58,44
07.08.2025 17:00;31,02
07.08.2025 17:15;59,28
07.08.2025 17:30;55,98
07.08.2025 17:45;72
07.08.2025 18:00;61,48
07.08.2025 18:15;55,26
07.08.2025 18:30;69,88
07.08.2025 18:45;71,74
07.08.2025 19:00;71,06
07.08.2025 19:15;82,56
07.08.2025 19:30;80,58
07.08.2025 19:45;73,06
07.08.2025 20:00;57,28
07.08.2025 20:15;57,44
07.08.2025 20:30;64,4
07.08.2025 20:45;62,08
07.08.2025 21:00;63,96
07.08.2025 21:15;49,48
07.08.2025 21:30;46,48
07.08.2025 21:45;58,9
07.08.2025 22:00;58,66
07.08.2025 22:15;57,28
07.08.2025 22:30;52,54
07.08.2025 22:45;38,02
07.08.2025 23:00;28,16
07.08.2025 23:15;25,54
07.08.2025 23:30;22,4
07.08.2025 23:45;23,78
08.08.2025 00:00;26,48
08.08.2025 00:15;21,76
08.08.2025 00:30;23,08
08.08.2025 00:45;26,02
08.08.2025 01:00;23,5
08.08.2025 01:15;25,9
08.08.2025 01:30;27,4
08.08.2025 01:45;25,36
08.08.2025 02:00;24,44
08.08.2025 02:15;27,28
08.08.2025 02:30;22,68
08.08.2025 02:45;25,94
08.08.2025 03:00;24,58
08.08.2025 03:15;22,02
08.08.2025 03:30;26,92
08.08.2025 03:45;22,78
08.08.2025 04:00;22,22
08.08.2025 04:15;26,54
08.08.2025 04:30;20,56
08.08.2025 04:45;22,64
08.08.2025 05:00;30,88
08.08.2025 05:15;25,76
08.08.2025 05:30;33,44
08.08.2025 05:45;38,16
08.08.2025 06:00;61,18
08.08.2025 06:15;65,22
08.08.2025 06:30;58,74
08.08.2025 06:45;53,16
08.08.2025 07:00;59,58
08.08.2025 07:15;72,3
08.08.2025 07:30;78,56
08.08.2025 07:45;70,48
08.08.2025 08:00;62,1
08.08.2025 08:15;57,12
08.08.2025 08:30;57,64
08.08.2025 08:45;44,22
08.08.2025 09:00;25,2
08.08.2025 09:15;17,04
08.08.2025 09:30;15,08
08.08.2025 09:45;26,2
08.08.2025 10:00;9,42
08.08.2025 10:15;14,5
08.08.2025 10:30;5,7
08.08.2025 10:45;11,62
08.08.2025 11:00;27,52
08.08.2025 11:15;32,94
08.08.2025 11:30;32,3
08.08.2025 11:45;39,72
08.08.2025 12:00;23,04
08.08.2025 12:15;19,14
08.08.2025 12:30;30,74
08.08.2025 12:45;32,76
08.08.2025 13:00;30,64
08.08.2025 13:15;21,28
08.08.2025 13:30;15,54
08.08.2025 13:45;17,64
08.08.2025 14:00;19,86
08.08.2025 14:15;26,96
08.08.2025 14:30;18,14
08.08.2025 14:45;18,38
08.08.2025 15:00;21,2
08.08.2025 15:15;49,1
08.08.2025 15:30;19,32
08.08.2025 15:45;23,22
08.08.2025 16:00;14,76
08.08.2025 16:15;30,52
08.08.2025 16:30;42,58
08.08.2025 16:45;36,84
08.08.2025 17:00;21,24
08.08.2025 17:15;22,68
08.08.2025 17:30;39,56
08.08.2025 17:45;38,94
08.08.2025 18:00;37,62
08.08.2025 18:15;49,54
08.08.2025 18:30;47,56
08.08.2025 18:45;43,88
08.08.2025 19:00;52,7
08.08.2025 19:15;41,04
08.08.2025 19:30;37,92
08.08.2025 19:45;21,76
08.08.2025 20:00;16,28
08.08.2025 20:15;10,8
08.08.2025 20:30;14,8
08.08.2025 20:45;14,18
08.08.2025 21:00;14,42
08.08.2025 21:15;13,2
08.08.2025 21:30;10,9
08.08.2025 21:45;11,38
08.08.2025 22:00;12,58
08.08.2025 22:15;8,98
08.08.2025 22:30;9,66
08.08.2025 22:45;8,62
08.08.2025 23:00;7,26
08.08.2025 23:15;7,52
08.08.2025 23:30;9,26
08.08.2025 23:45;5,5
09.08.2025 00:00;4,98
09.08.2025 00:15;4,28
09.08.2025 00:30;4,98
09.08.2025 00:45;4,58
09.08.2025 01:00;9,66
09.08.2025 01:15;6,72
09.08.2025 01:30;5,92
09.08.2025 01:45;6,74
09.08.2025 02:00;6,72
09.08.2025 02:15;5,84
09.08.2025 02:30;6,66
09.08.2025 02:45;9,1
09.08.2025 03:00;6,7
09.08.2025 03:15;6,68
09.08.2025 03:30;5,78
09.08.2025 03:45;6,68
09.08.2025 04:00;6,7
09.08.2025 04:15;7,66
09.08.2025 04:30;8,3
09.08.2025 04:45;6,56
09.08.2025 05:00;5,7
09.08.2025 05:15;6,54
09.08.2025 05:30;5,94
09.08.2025 05:45;6,82
09.08.2025 06:00;9,9
09.08.2025 06:15;6
09.08.2025 06:30;5,02
09.08.2025 06:45;2,56
09.08.2025 07:00;0
09.08.2025 07:15;0
09.08.2025 07:30;0
09.08.2025 07:45;0
09.08.2025 08:00;0
09.08.2025 08:15;0
09.08.2025 08:30;0
09.08.2025 08:45;0
09.08.2025 09:00;0
09.08.2025 09:15;0
09.08.2025 09:30;0
09.08.2025 09:45;0
09.08.2025 10:00;0
09.08.2025 10:15;0
09.08.2025 10:30;0
09.08.2025 10:45;0
09.08.2025 11:00;0
09.08.2025 11:15;0
09.08.2025 11:30;0
09.08.2025 11:45;0
09.08.2025 12:00;0
09.08.2025 12:15;0
09.08.2025 12:30;0
09.08.2025 12:45;0
09.08.2025 13:00;0
09.08.2025 13:15;0
09.08.2025 13:30;0
09.08.2025 13:45;0
09.08.2025 14:00;0
09.08.2025 14:15;0
09.08.2025 14:30;0
09.08.2025 14:45;0
09.08.2025 15:00;0
09.08.2025 15:15;0
09.08.2025 15:30;0
09.08.2025 15:45;0
09.08.2025 16:00;0
09.08.2025 16:15;0
09.08.2025 16:30;0
09.08.2025 16:45;0
09.08.2025 17:00;0
09.08.2025 17:15;0
09.08.2025 17:30;0
09.08.2025 17:45;0
09.08.2025 18:00;0
09.08.2025 18:15;0
09.08.2025 18:30;0
09.08.2025 18:45;0
09.08.2025 19:00;0
09.08.2025 19:15;1
09.08.2025 19:30;1,52
09.08.2025 19:45;0,92
09.08.2025 20:00;2,06
09.08.2025 20:15;3,4
09.08.2025 20:30;3,22
09.08.2025 20:45;4,24
09.08.2025 21:00;6,8
09.08.2025 21:15;5,66
09.08.2025 21:30;4,76
09.08.2025 21:45;4,64
09.08.2025 22:00;3,54
09.08.2025 22:15;4,82
09.08.2025 22:30;6,78
09.08.2025 22:45;8,82
09.08.2025 23:00;7,88
09.08.2025 23:15;7,02
09.08.2025 23:30;7,86
09.08.2025 23:45;7,16
10.08.2025 00:00;8,28
10.08.2025 00:15;5,32
10.08.2025 00:30;4,06
10.08.2025 00:45;3,34
10.08.2025 01:00;6,8
10.08.2025 01:15;6,5
10.08.2025 01:30;8,94
10.08.2025 01:45;7,78
10.08.2025 02:00;6,1
10.08.2025 02:15;6,9
10.08.2025 02:30;6,92
10.08.2025 02:45;6,08
10.08.2025 03:00;6,82
10.08.2025 03:15;10,16
10.08.2025 03:30;6,22
10.08.2025 03:45;6,84
10.08.2025 04:00;6,32
10.08.2025 04:15;6,48
10.08.2025 04:30;6,98
10.08.2025 04:45;5,92
10.08.2025 05:00;10,02
10.08.2025 05:15;6,82
10.08.2025 05:30;5,94
10.08.2025 05:45;6,54
10.08.2025 06:00;3,86
10.08.2025 06:15;2,04
10.08.2025 06:30;3,7
10.08.2025 06:45;2,02
10.08.2025 07:00;0,16
10.08.2025 07:15;0
10.08.2025 07:30;0
10.08.2025 07:45;0
10.08.2025 08:00;0
10.08.2025 08:15;0
10.08.2025 08:30;0
10.08.2025 08:45;0
10.08.2025 09:00;0
10.08.2025 09:15;0
10.08.2025 09:30;0
10.08.2025 09:45;0
10.08.2025 10:00;0
10.08.2025 10:15;0
10.08.2025 10:30;0
10.08.2025 10:45;0
10.08.2025 11:00;0
10.08.2025 11:15;0
10.08.2025 11:30;0
10.08.2025 11:45;0
10.08.2025 12:00;0
10.08.2025 12:15;0
10.08.2025 12:30;0
10.08.2025 12:45;0
10.08.2025 13:00;0
10.08.2025 13:15;0
10.08.2025 13:30;0
10.08.2025 13:45;0
10.08.2025 14:00;0
10.08.2025 14:15;0
10.08.2025 14:30;0
10.08.2025 14:45;0
10.08.2025 15:00;0
10.08.2025 15:15;0
10.08.2025 15:30;0
10.08.2025 15:45;0
10.08.2025 16:00;0
10.08.2025 16:15;0
10.08.2025 16:30;0
10.08.2025 16:45;0
10.08.2025 17:00;0
10.08.2025 17:15;0
10.08.2025 17:30;0
10.08.2025 17:45;0
10.08.2025 18:00;0
10.08.2025 18:15;0
10.08.2025 18:30;0
10.08.2025 18:45;0
10.08.2025 19:00;0
10.08.2025 19:15;0,4
10.08.2025 19:30;3,28
10.08.2025 19:45;1,04
10.08.2025 20:00;2,06
10.08.2025 20:15;3,7
10.08.2025 20:30;3,5
10.08.2025 20:45;5,3
10.08.2025 21:00;9,38
10.08.2025 21:15;4,2
10.08.2025 21:30;4,98
10.08.2025 21:45;5,04
10.08.2025 22:00;3,74
10.08.2025 22:15;4,6
10.08.2025 22:30;4,44
10.08.2025 22:45;4,4
10.08.2025 23:00;8,4
10.08.2025 23:15;4,02
10.08.2025 23:30;4,3
10.08.2025 23:45;4,64
11.08.2025 00:00;3,74
11.08.2025 00:15;4,62
11.08.2025 00:30;8,12
11.08.2025 00:45;7,44
11.08.2025 01:00;6,68
11.08.2025 01:15;6,64
11.08.2025 01:30;5,7
11.08.2025 01:45;6,54
11.08.2025 02:00;6,26
11.08.2025 02:15;6,44
11.08.2025 02:30;9,64
11.08.2025 02:45;5,82
11.08.2025 03:00;6,38
11.08.2025 03:15;6,46
11.08.2025 03:30;5,58
11.08.2025 03:45;6,6
11.08.2025 04:00;6,36
11.08.2025 04:15;9,28
11.08.2025 04:30;6,4
11.08.2025 04:45;10,74
11.08.2025 05:00;11,08
11.08.2025 05:15;12,56
11.08.2025 05:30;25,1
11.08.2025 05:45;57,54
11.08.2025 06:00;77,18
11.08.2025 06:15;75,38
11.08.2025 06:30;71,88
11.08.2025 06:45;69,08
11.08.2025 07:00;75,52
11.08.2025 07:15;71,34
11.08.2025 07:30;72,62
11.08.2025 07:45;74,94
11.08.2025 08:00;70,4
11.08.2025 08:15;45,1
11.08.2025 08:30;49,78
11.08.2025 08:45;51,14
11.08.2025 09:00;40,22
11.08.2025 09:15;40,2
11.08.2025 09:30;31,88
11.08.2025 09:45;32,22
11.08.2025 10:00;36,6
11.08.2025 10:15;35,56
11.08.2025 10:30;43,24
11.08.2025 10:45;21,64
11.08.2025 11:00;24,18
11.08.2025 11:15;18,62
11.08.2025 11:30;16,38
11.08.2025 11:45;16,72
11.08.2025 12:00;17,48
11.08.2025 12:15;12,98
11.08.2025 12:30;1,32
11.08.2025 12:45;15,04
11.08.2025 13:00;17,94
11.08.2025 13:15;24,46
11.08.2025 13:30;5,34
11.08.2025 13:45;0,54
11.08.2025 14:00;4,76
11.08.2025 14:15;7,62
11.08.2025 14:30;18,48
11.08.2025 14:45;18,78
11.08.2025 15:00;13,7
11.08.2025 15:15;16
11.08.2025 15:30;7,22
11.08.2025 15:45;22
11.08.2025 16:00;20,92
11.08.2025 16:15;6,02
11.08.2025 16:30;11,62
11.08.2025 16:45;24,54
11.08.2025 17:00;30,6
11.08.2025 17:15;30
11.08.2025 17:30;50,42
11.08.2025 17:45;52,62
11.08.2025 18:00;51,92
11.08.2025 18:15;47,1
11.08.2025 18:30;49,96
11.08.2025 18:45;55,16
11.08.2025 19:00;58,58
11.08.2025 19:15;71,46
11.08.2025 19:30;73,04
11.08.2025 19:45;83,12
11.08.2025 20:00;69,88
11.08.2025 20:15;66,96
11.08.2025 20:30;60,5
11.08.2025 20:45;55,98
11.08.2025 21:00;64,36
11.08.2025 21:15;68,5
11.08.2025 21:30;64,7
11.08.2025 21:45;70,94
11.08.2025 22:00;79,5
11.08.2025 22:15;61,48
11.08.2025 22:30;68,64
11.08.2025 22:45;63,34
11.08.2025 23:00;48,4
11.08.2025 23:15;32,72
11.08.2025 23:30;22,68
11.08.2025 23:45;10,96
12.08.2025 00:00;9,56
12.08.2025 00:15;8,88
12.08.2025 00:30;9,86
12.08.2025 00:45;8,54
12.08.2025 01:00;15,2
12.08.2025 01:15;10,88
12.08.2025 01:30;11,46
12.08.2025 01:45;10,94
12.08.2025 02:00;10,78
12.08.2025 02:15;11,2
12.08.2025 02:30;11,3
12.08.2025 02:45;13,62
12.08.2025 03:00;9,52
12.08.2025 03:15;10,88
12.08.2025 03:30;9,68
12.08.2025 03:45;10,24
12.08.2025 04:00;10,5
12.08.2025 04:15;13,92
12.08.2025 04:30;11,02
12.08.2025 04:45;14,74
12.08.2025 05:00;16,38
12.08.2025 05:15;16,3
12.08.2025 05:30;43,28
12.08.2025 05:45;60,7
12.08.2025 06:00;64,2
12.08.2025 06:15;67,58
12.08.2025 06:30;63,52
12.08.2025 06:45;62,74
12.08.2025 07:00;57,88
12.08.2025 07:15;54,76
12.08.2025 07:30;59,04
12.08.2025 07:45;58,82
12.08.2025 08:00;58,22
12.08.2025 08:15;51,14
12.08.2025 08:30;42,42
12.08.2025 08:45;46,98
12.08.2025 09:00;9,78
12.08.2025 09:15;25,32
12.08.2025 09:30;83,12
12.08.2025 09:45;87,3
12.08.2025 10:00;92,48
12.08.2025 10:15;80,02
12.08.2025 10:30;86
12.08.2025 10:45;99,26
12.08.2025 11:00;97,4
12.08.2025 11:15;96,64
12.08.2025 11:30;95,52
12.08.2025 11:45;96,34
12.08.2025 12:00;73,48
12.08.2025 12:15;77,02
12.08.2025 12:30;98,64
12.08.2025 12:45;89,94
12.08.2025 13:00;99,7
12.08.2025 13:15;103,32
12.08.2025 13:30;100,28
12.08.2025 13:45;101,54
12.08.2025 14:00;91,92
12.08.2025 14:15;96
12.08.2025 14:30;98,62
12.08.2025 14:45;96,02
12.08.2025 15:00;90,44
12.08.2025 15:15;88,52
12.08.2025 15:30;89,12
12.08.2025 15:45;91,4
12.08.2025 16:00;94,26
12.08.2025 16:15;83,52
12.08.2025 16:30;76,08
12.08.2025 16:45;72,7
12.08.2025 17:00;76,16
12.08.2025 17:15;70,56
12.08.2025 17:30;74,48
12.08.2025 17:45;79,32
12.08.2025 18:00;78,56
12.08.2025 18:15;64,38
12.08.2025 18:30;50,36
12.08.2025 18:45;61,94
12.08.2025 19:00;66,96
12.08.2025 19:15;62,32
12.08.2025 19:30;67,42
12.08.2025 19:45;67,82
12.08.2025 20:00;68,94
12.08.2025 20:15;61,14
12.08.2025 20:30;55,12
12.08.2025 20:45;52,68
12.08.2025 21:00;53,78
12.08.2025 21:15;55,42
12.08.2025 21:30;57,5
12.08.2025 21:45;58,62
12.08.2025 22:00;58,08
12.08.2025 22:15;60,1
12.08.2025 22:30;54,28
12.08.2025 22:45;51,72
12.08.2025 23:00;47,54
12.08.2025 23:15;45,62
12.08.2025 23:30;45,58
12.08.2025 23:45;44,6
13.08.2025 00:00;42,42
13.08.2025 00:15;34,88
13.08.2025 00:30;31,12
13.08.2025 00:45;30,56
13.08.2025 01:00;29,48
13.08.2025 01:15;27,36
13.08.2025 01:30;30
13.08.2025 01:45;27,68
13.08.2025 02:00;27,34
13.08.2025 02:15;29,7
13.08.2025 02:30;21,06
13.08.2025 02:45;23,3
13.08.2025 03:00;22,54
13.08.2025 03:15;19,62
13.08.2025 03:30;25,08
13.08.2025 03:45;24,16
13.08.2025 04:00;20,04
13.08.2025 04:15;21,08
13.08.2025 04:30;21,68
13.08.2025 04:45;23,26
13.08.2025 05:00;27,18
13.08.2025 05:15;28,68
13.08.2025 05:30;39,22
13.08.2025 05:45;52,64
13.08.2025 06:00;50,96
13.08.2025 06:15;53,64
13.08.2025 06:30;66,74
13.08.2025 06:45;68,98
13.08.2025 07:00;69,28
13.08.2025 07:15;71,82
13.08.2025 07:30;67,42
13.08.2025 07:45;70,92
13.08.2025 08:00;63,72
13.08.2025 08:15;59,62
13.08.2025 08:30;59,14
13.08.2025 08:45;57,48
13.08.2025 09:00;26,6
13.08.2025 09:15;23,66
13.08.2025 09:30;45,46
13.08.2025 09:45;42,54
13.08.2025 10:00;43,88
13.08.2025 10:15;55,64
13.08.2025 10:30;52,36
13.08.2025 10:45;57,6
13.08.2025 11:00;62,74
13.08.2025 11:15;64,28
13.08.2025 11:30;68,3
13.08.2025 11:45;52,58
13.08.2025 12:00;18,18
13.08.2025 12:15;25,12
13.08.2025 12:30;37,86
13.08.2025 12:45;26,54
13.08.2025 13:00;34,12
13.08.2025 13:15;37,04
13.08.2025 13:30;25,76
13.08.2025 13:45;25,84
13.08.2025 14:00;14,26
13.08.2025 14:15;21,82
13.08.2025 14:30;32,54
13.08.2025 14:45;32,86
13.08.2025 15:00;34,02
13.08.2025 15:15;42,48
13.08.2025 15:30;63,34
13.08.2025 15:45;68,7
13.08.2025 16:00;57,3
13.08.2025 16:15;60,02
13.08.2025 16:30;59,14
13.08.2025 16:45;63,18
13.08.2025 17:00;55,16
13.08.2025 17:15;53,94
13.08.2025 17:30;55,38
13.08.2025 17:45;60,16
13.08.2025 18:00;58,6
13.08.2025 18:15;60,96
13.08.2025 18:30;61,6
13.08.2025 18:45;65,18
13.08.2025 19:00;71,36
13.08.2025 19:15;67,52
13.08.2025 19:30;68,74
13.08.2025 19:45;71,62
13.08.2025 20:00;73,88
13.08.2025 20:15;73,76
13.08.2025 20:30;76,52
13.08.2025 20:45;67,7
13.08.2025 21:00;64,18
13.08.2025 21:15;58,52
13.08.2025 21:30;56,62
13.08.2025 21:45;56,68
13.08.2025 22:00;50,5
13.08.2025 22:15;41,4
13.08.2025 22:30;30,34
13.08.2025 22:45;26,32
13.08.2025 23:00;20,02
13.08.2025 23:15;19,86
13.08.2025 23:30;20,72
13.08.2025 23:45;16,74
14.08.2025 00:00;16,46
14.08.2025 00:15;21,36
14.08.2025 00:30;22,76
14.08.2025 00:45;19,92
14.08.2025 01:00;22,16
14.08.2025 01:15;22,48
14.08.2025 01:30;18,92
14.08.2025 01:45;18,62
14.08.2025 02:00;19,74
14.08.2025 02:15;20,58
14.08.2025 02:30;17,82
14.08.2025 02:45;17,62
14.08.2025 03:00;20,22
14.08.2025 03:15;21,74
14.08.2025 03:30;19,16
14.08.2025 03:45;18,32
14.08.2025 04:00;20,26
14.08.2025 04:15;16,4
14.08.2025 04:30;15,36
14.08.2025 04:45;21,3
14.08.2025 05:00;22,8
14.08.2025 05:15;22,26
14.08.2025 05:30;34,4
14.08.2025 05:45;48,14
14.08.2025 06:00;42,56
14.08.2025 06:15;36,68
14.08.2025 06:30;41,2
14.08.2025 06:45;51,42
14.08.2025 07:00;51,98
14.08.2025 07:15;47,24
14.08.2025 07:30;48,84
14.08.2025 07:45;49,9
14.08.2025 08:00;40,6
14.08.2025 08:15;38,5
14.08.2025 08:30;36,12
14.08.2025 08:45;31,86
14.08.2025 09:00;19,26
14.08.2025 09:15;25,92
14.08.2025 09:30;26,1
14.08.2025 09:45;22,46
14.08.2025 10:00;30,68
14.08.2025 10:15;26,24
14.08.2025 10:30;23,96
14.08.2025 10:45;21,94
14.08.2025 11:00;14,88
14.08.2025 11:15;24,4
14.08.2025 11:30;3,1
14.08.2025 11:45;0,76
14.08.2025 12:00;0
14.08.2025 12:15;0
14.08.2025 12:30;0
14.08.2025 12:45;0,94
14.08.2025 13:00;0,08
14.08.2025 13:15;0
14.08.2025 13:30;2,9
14.08.2025 13:45;1,28
14.08.2025 14:00;0
14.08.2025 14:15;0
14.08.2025 14:30;0
14.08.2025 14:45;0
14.08.2025 15:00;0
14.08.2025 15:15;0
14.08.2025 15:30;0
14.08.2025 15:45;0
14.08.2025 16:00;0
14.08.2025 16:15;0
14.08.2025 16:30;0
14.08.2025 16:45;0
14.08.2025 17:00;0
14.08.2025 17:15;0
14.08.2025 17:30;0
14.08.2025 17:45;0
14.08.2025 18:00;0
14.08.2025 18:15;0
14.08.2025 18:30;0,02
14.08.2025 18:45;0
14.08.2025 19:00;0,2
14.08.2025 19:15;3,4
14.08.2025 19:30;5,42
14.08.2025 19:45;7,98
14.08.2025 20:00;4,84
14.08.2025 20:15;6,04
14.08.2025 20:30;6,4
14.08.2025 20:45;9,62
14.08.2025 21:00;11,64
14.08.2025 21:15;11,24
14.08.2025 21:30;10,98
14.08.2025 21:45;10,52
14.08.2025 22:00;8,68
14.08.2025 22:15;6,76
14.08.2025 22:30;6,76
14.08.2025 22:45;6,44
14.08.2025 23:00;7,98
14.08.2025 23:15;4,7
14.08.2025 23:30;3,96
14.08.2025 23:45;3,84
15.08.2025 00:00;4,24
15.08.2025 00:15;3,86
15.08.2025 00:30;6,76
15.08.2025 00:45;4,82
15.08.2025 01:00;4,82
15.08.2025 01:15;6,8
15.08.2025 01:30;6,94
15.08.2025 01:45;10,5
15.08.2025 02:00;7,04
15.08.2025 02:15;6,66
15.08.2025 02:30;7
15.08.2025 02:45;9,06
15.08.2025 03:00;13,44
15.08.2025 03:15;6,7
15.08.2025 03:30;7
15.08.2025 03:45;6,82
15.08.2025 04:00;6,68
15.08.2025 04:15;6,64
15.08.2025 04:30;10,44
15.08.2025 04:45;9,82
15.08.2025 05:00;8,18
15.08.2025 05:15;7,94
15.08.2025 05:30;7,66
15.08.2025 05:45;9,2
15.08.2025 06:00;6,4
15.08.2025 06:15;4,7
15.08.2025 06:30;3,06
15.08.2025 06:45;1,06
15.08.2025 07:00;1,08
15.08.2025 07:15;0,26
15.08.2025 07:30;0
15.08.2025 07:45;0
15.08.2025 08:00;0
15.08.2025 08:15;0
15.08.2025 08:30;0
15.08.2025 08:45;0
15.08.2025 09:00;0
15.08.2025 09:15;0
15.08.2025 09:30;0
15.08.2025 09:45;0
15.08.2025 10:00;0
15.08.2025 10:15;0
15.08.2025 10:30;0
15.08.2025 10:45;0
15.08.2025 11:00;0
15.08.2025 11:15;0
15.08.2025 11:30;0
15.08.2025 11:45;0
15.08.2025 12:00;0
15.08.2025 12:15;0
15.08.2025 12:30;0
15.08.2025 12:45;0
15.08.2025 13:00;0
15.08.2025 13:15;0
15.08.2025 13:30;0
15.08.2025 13:45;0
15.08.2025 14:00;0
15.08.2025 14:15;0
15.08.2025 14:30;0
15.08.2025 14:45;0
15.08.2025 15:00;0
15.08.2025 15:15;0,9
15.08.2025 15:30;0,34
15.08.2025 15:45;0,1
15.08.2025 16:00;0,98
15.08.2025 16:15;0,08
15.08.2025 16:30;0
15.08.2025 16:45;0
15.08.2025 17:00;0
15.08.2025 17:15;0
15.08.2025 17:30;0,28
15.08.2025 17:45;0,2
15.08.2025 18:00;0
15.08.2025 18:15;0
15.08.2025 18:30;0,1
15.08.2025 18:45;1,46
15.08.2025 19:00;3,98
15.08.2025 19:15;1,16
15.08.2025 19:30;2,68
15.08.2025 19:45;4,22
15.08.2025 20:00;7,88
15.08.2025 20:15;8,2
15.08.2025 20:30;10,56
15.08.2025 20:45;10,5
15.08.2025 21:00;10,38
15.08.2025 21:15;10,34
15.08.2025 21:30;10,54
15.08.2025 21:45;10,4
15.08.2025 22:00;6,5
15.08.2025 22:15;6,42
15.08.2025 22:30;6,36
15.08.2025 22:45;6,4
15.08.2025 23:00;6,44
15.08.2025 23:15;6,22
15.08.2025 23:30;3,92
15.08.2025 23:45;3,84
16.08.2025 00:00;4,54
16.08.2025 00:15;4,52
16.08.2025 00:30;4,52
16.08.2025 00:45;7,12
16.08.2025 01:00;7,34
16.08.2025 01:15;6,74
16.08.2025 01:30;6,86
16.08.2025 01:45;6,7
16.08.2025 02:00;9,1
16.08.2025 02:15;8,24
16.08.2025 02:30;6,6
16.08.2025 02:45;6,76
16.08.2025 03:00;6,84
16.08.2025 03:15;6,62
16.08.2025 03:30;11,6
16.08.2025 03:45;8,4
16.08.2025 04:00;7,24
16.08.2025 04:15;7,2
16.08.2025 04:30;7
16.08.2025 04:45;7,24
16.08.2025 05:00;6,92
16.08.2025 05:15;9,1
16.08.2025 05:30;6,74
16.08.2025 05:45;6,24
16.08.2025 06:00;3,84
16.08.2025 06:15;3,36
16.08.2025 06:30;2,4
16.08.2025 06:45;4,38
16.08.2025 07:00;0,46
16.08.2025 07:15;0
16.08.2025 07:30;0,04
16.08.2025 07:45;0
16.08.2025 08:00;0
16.08.2025 08:15;0
16.08.2025 08:30;0
16.08.2025 08:45;0
16.08.2025 09:00;0,1
16.08.2025 09:15;0
16.08.2025 09:30;0
16.08.2025 09:45;0
16.08.2025 10:00;0
16.08.2025 10:15;0
16.08.2025 10:30;0
16.08.2025 10:45;0
16.08.2025 11:00;0,02
16.08.2025 11:15;0
16.08.2025 11:30;0
16.08.2025 11:45;0
16.08.2025 12:00;0
16.08.2025 12:15;2,28
16.08.2025 12:30;0,54
16.08.2025 12:45;0
16.08.2025 13:00;0
16.08.2025 13:15;0
16.08.2025 13:30;0
16.08.2025 13:45;0
16.08.2025 14:00;0
16.08.2025 14:15;0
16.08.2025 14:30;0
16.08.2025 14:45;0
16.08.2025 15:00;0
16.08.2025 15:15;0
16.08.2025 15:30;0
16.08.2025 15:45;0
16.08.2025 16:00;0
16.08.2025 16:15;0
16.08.2025 16:30;0
16.08.2025 16:45;0
16.08.2025 17:00;0
16.08.2025 17:15;0
16.08.2025 17:30;0
16.08.2025 17:45;0
16.08.2025 18:00;0
16.08.2025 18:15;0
16.08.2025 18:30;0,06
16.08.2025 18:45;0
16.08.2025 19:00;1,74
16.08.2025 19:15;1,62
16.08.2025 19:30;2,44
16.08.2025 19:45;2,4
16.08.2025 20:00;2,94
16.08.2025 20:15;7,16
16.08.2025 20:30;5,58
16.08.2025 20:45;6,6
16.08.2025 21:00;5,62
16.08.2025 21:15;4,66
16.08.2025 21:30;7,32
16.08.2025 21:45;5,42
16.08.2025 22:00;4,16
16.08.2025 22:15;4,1
16.08.2025 22:30;4,3
16.08.2025 22:45;4,14
16.08.2025 23:00;8,04
16.08.2025 23:15;4,02
16.08.2025 23:30;4,06
16.08.2025 23:45;4,02
17.08.2025 00:00;4,04
17.08.2025 00:15;5,2
17.08.2025 00:30;7,26
17.08.2025 00:45;4,7
17.08.2025 01:00;6,64
17.08.2025 01:15;6,74
17.08.2025 01:30;6,62
17.08.2025 01:45;8,12
17.08.2025 02:00;7,36
17.08.2025 02:15;6,1
17.08.2025 02:30;6
17.08.2025 02:45;6,08
17.08.2025 03:00;6,02
17.08.2025 03:15;7,36
17.08.2025 03:30;7,82
17.08.2025 03:45;6,04
17.08.2025 04:00;6,04
17.08.2025 04:15;6,04
17.08.2025 04:30;6,04
17.08.2025 04:45;6,78
17.08.2025 05:00;9,48
17.08.2025 05:15;5,94
17.08.2025 05:30;6,04
17.08.2025 05:45;5,88
17.08.2025 06:00;3,7
17.08.2025 06:15;2,46
17.08.2025 06:30;1,22
17.08.2025 06:45;0,24
17.08.2025 07:00;0,94
17.08.2025 07:15;0
17.08.2025 07:30;0
17.08.2025 07:45;0
17.08.2025 08:00;0
17.08.2025 08:15;0
17.08.2025 08:30;0
17.08.2025 08:45;0
17.08.2025 09:00;0
17.08.2025 09:15;0
17.08.2025 09:30;0
17.08.2025 09:45;0
17.08.2025 10:00;0
17.08.2025 10:15;0
17.08.2025 10:30;0
17.08.2025 10:45;0
17.08.2025 11:00;0
17.08.2025 11:15;0
17.08.2025 11:30;0
17.08.2025 11:45;0
17.08.2025 12:00;0
17.08.2025 12:15;0
17.08.2025 12:30;0
17.08.2025 12:45;0
17.08.2025 13:00;0
17.08.2025 13:15;0
17.08.2025 13:30;0
17.08.2025 13:45;0
17.08.2025 14:00;0
17.08.2025 14:15;0
17.08.2025 14:30;0
17.08.2025 14:45;0
17.08.2025 15:00;0
17.08.2025 15:15;0
17.08.2025 15:30;0
17.08.2025 15:45;0
17.08.2025 16:00;0
17.08.2025 16:15;0
17.08.2025 16:30;0
17.08.2025 16:45;0
17.08.2025 17:00;0
17.08.2025 17:15;0
17.08.2025 17:30;0
17.08.2025 17:45;0
17.08.2025 18:00;0
17.08.2025 18:15;0
17.08.2025 18:30;0
17.08.2025 18:45;0
17.08.2025 19:00;0
17.08.2025 19:15;0
17.08.2025 19:30;4,34
17.08.2025 19:45;2,14
17.08.2025 20:00;3,18
17.08.2025 20:15;3,7
17.08.2025 20:30;3,88
17.08.2025 20:45;4,42
17.08.2025 21:00;7,6
17.08.2025 21:15;6,32
17.08.2025 21:30;6,32
17.08.2025 21:45;4,36
17.08.2025 22:00;4
17.08.2025 22:15;6,46
17.08.2025 22:30;5,16
17.08.2025 22:45;4,22
17.08.2025 23:00;4
17.08.2025 23:15;3,98
17.08.2025 23:30;3,88
17.08.2025 23:45;5,44
18.08.2025 00:00;5,3
18.08.2025 00:15;3,72
18.08.2025 00:30;3,48
18.08.2025 00:45;3,5
18.08.2025 01:00;5,82
18.08.2025 01:15;6,28
18.08.2025 01:30;9,42
18.08.2025 01:45;5,84
18.08.2025 02:00;5,84
18.08.2025 02:15;5,76
18.08.2025 02:30;5,82
18.08.2025 02:45;5,82
18.08.2025 03:00;9,98
18.08.2025 03:15;6,1
18.08.2025 03:30;5,86
18.08.2025 03:45;5,88
18.08.2025 04:00;5,8
18.08.2025 04:15;5,82
18.08.2025 04:30;6,84
18.08.2025 04:45;8,86
18.08.2025 05:00;
18.08.2025 05:15;
18.08.2025 05:30;20,72
18.08.2025 05:45;39,52
18.08.2025 06:00;60,56
18.08.2025 06:15;75,6
18.08.2025 06:30;76,16
18.08.2025 06:45;62,44
18.08.2025 07:00;62,78
18.08.2025 07:15;67,42
18.08.2025 07:30;58,58
18.08.2025 07:45;50,78
18.08.2025 08:00;60,28
18.08.2025 08:15;56,76
18.08.2025 08:30;53,3
18.08.2025 08:45;44,42
18.08.2025 09:00;33,24
18.08.2025 09:15;39,72
18.08.2025 09:30;32,06
18.08.2025 09:45;29,02
18.08.2025 10:00;23,48
18.08.2025 10:15;27,22
18.08.2025 10:30;28,62
18.08.2025 10:45;21,22
18.08.2025 11:00;22,52
18.08.2025 11:15;28,2
18.08.2025 11:30;26,54
18.08.2025 11:45;8,44
18.08.2025 12:00;3,72
18.08.2025 12:15;6,66
18.08.2025 12:30;7,98
18.08.2025 12:45;6,4
18.08.2025 13:00;19,7
18.08.2025 13:15;22,66
18.08.2025 13:30;6,8
18.08.2025 13:45;18,26
18.08.2025 14:00;38,14
18.08.2025 14:15;64,56
18.08.2025 14:30;57,28
18.08.2025 14:45;5,16
18.08.2025 15:00;4,88
18.08.2025 15:15;0
18.08.2025 15:30;0
18.08.2025 15:45;0,54
18.08.2025 16:00;3,36
18.08.2025 16:15;7,4
18.08.2025 16:30;0,22
18.08.2025 16:45;0,4
18.08.2025 17:00;0,74
18.08.2025 17:15;4,3
18.08.2025 17:30;1,74
18.08.2025 17:45;0
18.08.2025 18:00;2
18.08.2025 18:15;9,16
18.08.2025 18:30;7,9
18.08.2025 18:45;16,56
18.08.2025 19:00;22,7
18.08.2025 19:15;21,94
18.08.2025 19:30;24,7
18.08.2025 19:45;27,44
18.08.2025 20:00;24,42
18.08.2025 20:15;26,84
18.08.2025 20:30;27,72
18.08.2025 20:45;13,78
18.08.2025 21:00;11,98
18.08.2025 21:15;12,34
18.08.2025 21:30;14,22
18.08.2025 21:45;14,32
18.08.2025 22:00;13,14
18.08.2025 22:15;11,68
18.08.2025 22:30;12,18
18.08.2025 22:45;14,4
18.08.2025 23:00;9,54
18.08.2025 23:15;9,7
18.08.2025 23:30;9,52
18.08.2025 23:45;9,22
19.08.2025 00:00;11,88
19.08.2025 00:15;10,42
19.08.2025 00:30;9,18
19.08.2025 00:45;9,74
19.08.2025 01:00;11,18
19.08.2025 01:15;11,34
19.08.2025 01:30;15,9
19.08.2025 01:45;12,22
19.08.2025 02:00;11,48
19.08.2025 02:15;11,7
19.08.2025 02:30;10,96
19.08.2025 02:45;11,7
19.08.2025 03:00;11,58
19.08.2025 03:15;12,24
19.08.2025 03:30;14,76
19.08.2025 03:45;11,78
19.08.2025 04:00;10,9
19.08.2025 04:15;11,78
19.08.2025 04:30;11,46
19.08.2025 04:45;14,22
19.08.2025 05:00;15
19.08.2025 05:15;17,92
19.08.2025 05:30;40,74
19.08.2025 05:45;64,12
19.08.2025 06:00;81,82
19.08.2025 06:15;84,98
19.08.2025 06:30;87,74
19.08.2025 06:45;83,22
19.08.2025 07:00;76,84
19.08.2025 07:15;79,78
19.08.2025 07:30;75,84
19.08.2025 07:45;71,66
19.08.2025 08:00;60,12
19.08.2025 08:15;60,56
19.08.2025 08:30;53,4
19.08.2025 08:45;52,1
19.08.2025 09:00;45,6
19.08.2025 09:15;44,86
19.08.2025 09:30;48,38
19.08.2025 09:45;54,66
19.08.2025 10:00;72,98
19.08.2025 10:15;81,62
19.08.2025 10:30;75,26
19.08.2025 10:45;73,8
19.08.2025 11:00;76,04
19.08.2025 11:15;74,42
19.08.2025 11:30;61,74
19.08.2025 11:45;62,1
19.08.2025 12:00;68,56
19.08.2025 12:15;63,1
19.08.2025 12:30;77,4
19.08.2025 12:45;70,16
19.08.2025 13:00;69,96
19.08.2025 13:15;66,58
19.08.2025 13:30;71,8
19.08.2025 13:45;82,16
19.08.2025 14:00;84,8
19.08.2025 14:15;84,26
19.08.2025 14:30;81,78
19.08.2025 14:45;94,98
19.08.2025 15:00;86,86
19.08.2025 15:15;91,76
19.08.2025 15:30;73,04
19.08.2025 15:45;68,54
19.08.2025 16:00;64,3
19.08.2025 16:15;39,32
19.08.2025 16:30;57,48
19.08.2025 16:45;76,96
19.08.2025 17:00;56,3
19.08.2025 17:15;58,9
19.08.2025 17:30;62,58
19.08.2025 17:45;63,14
19.08.2025 18:00;78,94
19.08.2025 18:15;81,1
19.08.2025 18:30;63,72
19.08.2025 18:45;72,8
19.08.2025 19:00;86,64
19.08.2025 19:15;99,24
19.08.2025 19:30;87,24
19.08.2025 19:45;82,08
19.08.2025 20:00;74,74
19.08.2025 20:15;81,32
19.08.2025 20:30;85,4
19.08.2025 20:45;92,9
19.08.2025 21:00;95,42
19.08.2025 21:15;94,62
19.08.2025 21:30;106,3
19.08.2025 21:45;97,3
19.08.2025 22:00;87,32
19.08.2025 22:15;85,88
19.08.2025 22:30;84,76
19.08.2025 22:45;71,76
19.08.2025 23:00;72,26
19.08.2025 23:15;71,14
19.08.2025 23:30;63,76
19.08.2025 23:45;65,68
20.08.2025 00:00;62,46
20.08.2025 00:15;51
20.08.2025 00:30;42,32
20.08.2025 00:45;35,54
20.08.2025 01:00;33,32
20.08.2025 01:15;28,8
20.08.2025 01:30;33,68
20.08.2025 01:45;30,3
20.08.2025 02:00;30,56
20.08.2025 02:15;33,64
20.08.2025 02:30;28,02
20.08.2025 02:45;31,5
20.08.2025 03:00;33,3
20.08.2025 03:15;28,36
20.08.2025 03:30;30,96
20.08.2025 03:45;28,54
20.08.2025 04:00;27,34
20.08.2025 04:15;29,94
20.08.2025 04:30;23,94
20.08.2025 04:45;26,94
20.08.2025 05:00;32,5
20.08.2025 05:15;28,78
20.08.2025 05:30;43,68
20.08.2025 05:45;61,48
20.08.2025 06:00;66,42
20.08.2025 06:15;74,68
20.08.2025 06:30;74,94
20.08.2025 06:45;69,86
20.08.2025 07:00;69,24
20.08.2025 07:15;68,16
20.08.2025 07:30;59,94
20.08.2025 07:45;58,82
20.08.2025 08:00;54,1
20.08.2025 08:15;46,02
20.08.2025 08:30;49,88
20.08.2025 08:45;45,88
20.08.2025 09:00;62,6
20.08.2025 09:15;76,76
20.08.2025 09:30;86,3
20.08.2025 09:45;81,2
20.08.2025 10:00;83,08
20.08.2025 10:15;95,56
20.08.2025 10:30;108,56
20.08.2025 10:45;103,56
20.08.2025 11:00;91,92
20.08.2025 11:15;73,24
20.08.2025 11:30;88,58
20.08.2025 11:45;92,2
20.08.2025 12:00;75,78
20.08.2025 12:15;69,46
20.08.2025 12:30;66,4
20.08.2025 12:45;67,82
20.08.2025 13:00;76
20.08.2025 13:15;75,9
20.08.2025 13:30;78,98
20.08.2025 13:45;86,76
20.08.2025 14:00;90,78
20.08.2025 14:15;103,2
20.08.2025 14:30;98,26
20.08.2025 14:45;103,44
20.08.2025 15:00;105,22
20.08.2025 15:15;105,44
20.08.2025 15:30;112,92
20.08.2025 15:45;112,42
20.08.2025 16:00;110,76
20.08.2025 16:15;105
20.08.2025 16:30;108,04
20.08.2025 16:45;106,56
20.08.2025 17:00;99,6
20.08.2025 17:15;92,98
20.08.2025 17:30;104,18
20.08.2025 17:45;107,1
20.08.2025 18:00;106,08
20.08.2025 18:15;103,66
20.08.2025 18:30;86,62
20.08.2025 18:45;94,18
20.08.2025 19:00;92,2
20.08.2025 19:15;102,14
20.08.2025 19:30;103,12
20.08.2025 19:45;101,06
20.08.2025 20:00;90,52
20.08.2025 20:15;94,34
20.08.2025 20:30;80,46
20.08.2025 20:45;99,74
20.08.2025 21:00;107,48
20.08.2025 21:15;100,28
20.08.2025 21:30;88,66
20.08.2025 21:45;100,8
20.08.2025 22:00;103,7
20.08.2025 22:15;106,26
20.08.2025 22:30;107,94
20.08.2025 22:45;91,62
20.08.2025 23:00;64,9
20.08.2025 23:15;44,22
20.08.2025 23:30;42,24
20.08.2025 23:45;41,4
21.08.2025 00:00;40,64
21.08.2025 00:15;38,06
21.08.2025 00:30;27,18
21.08.2025 00:45;23,84
21.08.2025 01:00;25,22
21.08.2025 01:15;24,46
21.08.2025 01:30;22,92
21.08.2025 01:45;25,24
21.08.2025 02:00;25,14
21.08.2025 02:15;22,52
21.08.2025 02:30;26,32
21.08.2025 02:45;24,64
21.08.2025 03:00;23,28
21.08.2025 03:15;25,18
21.08.2025 03:30;22,3
21.08.2025 03:45;21,66
21.08.2025 04:00;26,56
21.08.2025 04:15;20,94
21.08.2025 04:30;21,66
21.08.2025 04:45;26,26
21.08.2025 05:00;13,18
21.08.2025 05:15;16,76
21.08.2025 05:30;31,32
21.08.2025 05:45;49,94
21.08.2025 06:00;48,98
21.08.2025 06:15;53,32
21.08.2025 06:30;50,26
21.08.2025 06:45;51,56
21.08.2025 07:00;64,26
21.08.2025 07:15;74,58
21.08.2025 07:30;74,14
21.08.2025 07:45;80,16
21.08.2025 08:00;79,46
21.08.2025 08:15;87,42
21.08.2025 08:30;85,64
21.08.2025 08:45;63,94
21.08.2025 09:00;47,52
21.08.2025 09:15;45,78
21.08.2025 09:30;49,64
21.08.2025 09:45;58,44
21.08.2025 10:00;57,56
21.08.2025 10:15;44
21.08.2025 10:30;43,36
21.08.2025 10:45;63,84
21.08.2025 11:00;54,2
21.08.2025 11:15;52,18
21.08.2025 11:30;57,56
21.08.2025 11:45;74,38
21.08.2025 12:00;70,4
21.08.2025 12:15;68,72
21.08.2025 12:30;62,02
21.08.2025 12:45;52,92
21.08.2025 13:00;52,62
21.08.2025 13:15;27,78
21.08.2025 13:30;36,64
21.08.2025 13:45;64,38
21.08.2025 14:00;68,08
21.08.2025 14:15;90,48
21.08.2025 14:30;77,14
21.08.2025 14:45;75,46
21.08.2025 15:00;77,04
21.08.2025 15:15;67,36
21.08.2025 15:30;71,22
21.08.2025 15:45;89,42
21.08.2025 16:00;80,84
21.08.2025 16:15;85,16
21.08.2025 16:30;55,68
21.08.2025 16:45;82,38
21.08.2025 17:00;80
21.08.2025 17:15;73,34
21.08.2025 17:30;62,88
21.08.2025 17:45;72,7
21.08.2025 18:00;83,32
21.08.2025 18:15;70,12
21.08.2025 18:30;79,24
21.08.2025 18:45;91,68
21.08.2025 19:00;88,24
21.08.2025 19:15;69,14
21.08.2025 19:30;85,66
21.08.2025 19:45;88,4
21.08.2025 20:00;81,84
21.08.2025 20:15;88
21.08.2025 20:30;85,44
21.08.2025 20:45;88,72
21.08.2025 21:00;84,86
21.08.2025 21:15;75,32
21.08.2025 21:30;87,2
21.08.2025 21:45;85,48
21.08.2025 22:00;84,74
21.08.2025 22:15;93,78
21.08.2025 22:30;88,82
21.08.2025 22:45;78,86
21.08.2025 23:00;56,66
21.08.2025 23:15;35,66
21.08.2025 23:30;26,76
21.08.2025 23:45;24,62
22.08.2025 00:00;22,58
22.08.2025 00:15;17,64
22.08.2025 00:30;14,84
22.08.2025 00:45;15,16
22.08.2025 01:00;16,72
22.08.2025 01:15;16,06
22.08.2025 01:30;15,5
22.08.2025 01:45;16,98
22.08.2025 02:00;14,6
22.08.2025 02:15;14,26
22.08.2025 02:30;14,38
22.08.2025 02:45;13,68
22.08.2025 03:00;14,3
22.08.2025 03:15;12,34
22.08.2025 03:30;14,76
22.08.2025 03:45;10,08
22.08.2025 04:00;10,96
22.08.2025 04:15;9,8
22.08.2025 04:30;10,94
22.08.2025 04:45;9,18
22.08.2025 05:00;14,52
22.08.2025 05:15;18,46
22.08.2025 05:30;29,24
22.08.2025 05:45;37,24
22.08.2025 06:00;51,08
22.08.2025 06:15;51,42
22.08.2025 06:30;58,72
22.08.2025 06:45;72,34
22.08.2025 07:00;59,16
22.08.2025 07:15;55,96
22.08.2025 07:30;58,24
22.08.2025 07:45;63,12
22.08.2025 08:00;67,74
22.08.2025 08:15;52,2
22.08.2025 08:30;46,94
22.08.2025 08:45;49,98
22.08.2025 09:00;16,12
22.08.2025 09:15;10,08
22.08.2025 09:30;3,74
22.08.2025 09:45;12,7
22.08.2025 10:00;10,3
22.08.2025 10:15;12,18
22.08.2025 10:30;8,3
22.08.2025 10:45;25,98
22.08.2025 11:00;25,94
22.08.2025 11:15;13,84
22.08.2025 11:30;11,06
22.08.2025 11:45;12,7
22.08.2025 12:00;3,56
22.08.2025 12:15;18,1
22.08.2025 12:30;1,08
22.08.2025 12:45;17,74
22.08.2025 13:00;15,54
22.08.2025 13:15;11,18
22.08.2025 13:30;12,12
22.08.2025 13:45;30,92
22.08.2025 14:00;30,76
22.08.2025 14:15;33,06
22.08.2025 14:30;53,32
22.08.2025 14:45;45,1
22.08.2025 15:00;31,18
22.08.2025 15:15;25,42
22.08.2025 15:30;46,42
22.08.2025 15:45;24,48
22.08.2025 16:00;31,18
22.08.2025 16:15;23,88
22.08.2025 16:30;43,24
22.08.2025 16:45;66,94
22.08.2025 17:00;39,3
22.08.2025 17:15;30,1
22.08.2025 17:30;40
22.08.2025 17:45;35,74
22.08.2025 18:00;62,76
22.08.2025 18:15;65,38
22.08.2025 18:30;71,12
22.08.2025 18:45;74,04
22.08.2025 19:00;85,04
22.08.2025 19:15;81,98
22.08.2025 19:30;67,88
22.08.2025 19:45;27,22
22.08.2025 20:00;21,54
22.08.2025 20:15;12,04
22.08.2025 20:30;9,76
22.08.2025 20:45;9,56
22.08.2025 21:00;8,36
22.08.2025 21:15;10,12
22.08.2025 21:30;9,78
22.08.2025 21:45;7,32
22.08.2025 22:00;7,92
22.08.2025 22:15;7,86
22.08.2025 22:30;7,08
22.08.2025 22:45;7,12
22.08.2025 23:00;4,84
22.08.2025 23:15;6,92
22.08.2025 23:30;4,94
22.08.2025 23:45;4,58
23.08.2025 00:00;4,2
23.08.2025 00:15;4,66
23.08.2025 00:30;3,92
23.08.2025 00:45;4,2
23.08.2025 01:00;6,94
23.08.2025 01:15;3,4
23.08.2025 01:30;3,94
23.08.2025 01:45;4
23.08.2025 02:00;3,16
23.08.2025 02:15;4,04
23.08.2025 02:30;4,1
23.08.2025 02:45;4,26
23.08.2025 03:00;5,84
23.08.2025 03:15;3,98
23.08.2025 03:30;3,2
23.08.2025 03:45;4,06
23.08.2025 04:00;4,04
23.08.2025 04:15;3,16
23.08.2025 04:30;4,04
23.08.2025 04:45;6,34
23.08.2025 05:00;8,26
23.08.2025 05:15;10,08
23.08.2025 05:30;10,72
23.08.2025 05:45;10,48
23.08.2025 06:00;11,96
23.08.2025 06:15;11,3
23.08.2025 06:30;10,78
23.08.2025 06:45;11,74
23.08.2025 07:00;12,88
23.08.2025 07:15;8,42
23.08.2025 07:30;6,52
23.08.2025 07:45;2,54
23.08.2025 08:00;2,5
23.08.2025 08:15;1,9
23.08.2025 08:30;5
23.08.2025 08:45;0,8
23.08.2025 09:00;0,2
23.08.2025 09:15;0
23.08.2025 09:30;0
23.08.2025 09:45;2,28
23.08.2025 10:00;3,74
23.08.2025 10:15;3,64
23.08.2025 10:30;1,24
23.08.2025 10:45;1,66
23.08.2025 11:00;2,88
23.08.2025 11:15;0,22
23.08.2025 11:30;0
23.08.2025 11:45;0
23.08.2025 12:00;0
23.08.2025 12:15;0
23.08.2025 12:30;0
23.08.2025 12:45;0
23.08.2025 13:00;0
23.08.2025 13:15;0
23.08.2025 13:30;0
23.08.2025 13:45;0
23.08.2025 14:00;0
23.08.2025 14:15;0
23.08.2025 14:30;0
23.08.2025 14:45;0
23.08.2025 15:00;0
23.08.2025 15:15;0,04
23.08.2025 15:30;0
23.08.2025 15:45;0
23.08.2025 16:00;0
23.08.2025 16:15;0
23.08.2025 16:30;0
23.08.2025 16:45;0
23.08.2025 17:00;0
23.08.2025 17:15;0
23.08.2025 17:30;0
23.08.2025 17:45;0
23.08.2025 18:00;0,02
23.08.2025 18:15;0,24
23.08.2025 18:30;0,14
23.08.2025 18:45;0,08
23.08.2025 19:00;0,1
23.08.2025 19:15;0,22
23.08.2025 19:30;1,7
23.08.2025 19:45;2,3
23.08.2025 20:00;4,22
23.08.2025 20:15;3,96
23.08.2025 20:30;3,48
23.08.2025 20:45;7,38
23.08.2025 21:00;4,66
23.08.2025 21:15;3,52
23.08.2025 21:30;4,48
23.08.2025 21:45;4,42
23.08.2025 22:00;3,24
23.08.2025 22:15;4,06
23.08.2025 22:30;4,04
23.08.2025 22:45;4,98
23.08.2025 23:00;5,74
23.08.2025 23:15;5,26
23.08.2025 23:30;4,62
23.08.2025 23:45;4,58
24.08.2025 00:00;5,26
24.08.2025 00:15;4,3
24.08.2025 00:30;5,34
24.08.2025 00:45;4,6
24.08.2025 01:00;8,46
24.08.2025 01:15;5,46
24.08.2025 01:30;4,86
24.08.2025 01:45;5,48
24.08.2025 02:00;4,46
24.08.2025 02:15;4,82
24.08.2025 02:30;4,82
24.08.2025 02:45;4,36
24.08.2025 03:00;6,32
24.08.2025 03:15;7,52
24.08.2025 03:30;5,6
24.08.2025 03:45;5,46
24.08.2025 04:00;5,04
24.08.2025 04:15;5,92
24.08.2025 04:30;4,82
24.08.2025 04:45;5,84
24.08.2025 05:00;5,14
24.08.2025 05:15;5,26
24.08.2025 05:30;7,38
24.08.2025 05:45;4,38
24.08.2025 06:00;5,22
24.08.2025 06:15;3,9
24.08.2025 06:30;3,8
24.08.2025 06:45;3,24
24.08.2025 07:00;1,62
24.08.2025 07:15;1,22
24.08.2025 07:30;0,06
24.08.2025 07:45;0,78
24.08.2025 08:00;0
24.08.2025 08:15;0
24.08.2025 08:30;0
24.08.2025 08:45;0
24.08.2025 09:00;0
24.08.2025 09:15;0
24.08.2025 09:30;0
24.08.2025 09:45;0
24.08.2025 10:00;0
24.08.2025 10:15;0
24.08.2025 10:30;0
24.08.2025 10:45;0
24.08.2025 11:00;0
24.08.2025 11:15;0
24.08.2025 11:30;0
24.08.2025 11:45;0
24.08.2025 12:00;0
24.08.2025 12:15;0
24.08.2025 12:30;0
24.08.2025 12:45;0
24.08.2025 13:00;0
24.08.2025 13:15;0
24.08.2025 13:30;0
24.08.2025 13:45;0
24.08.2025 14:00;0
24.08.2025 14:15;0
24.08.2025 14:30;0
24.08.2025 14:45;0
24.08.2025 15:00;0
24.08.2025 15:15;0
24.08.2025 15:30;0
24.08.2025 15:45;0
24.08.2025 16:00;0
24.08.2025 16:15;0
24.08.2025 16:30;0
24.08.2025 16:45;0
24.08.2025 17:00;0
24.08.2025 17:15;0
24.08.2025 17:30;0
24.08.2025 17:45;0
24.08.2025 18:00;0
24.08.2025 18:15;0
24.08.2025 18:30;0,26
24.08.2025 18:45;0,12
24.08.2025 19:00;1,38
24.08.2025 19:15;2,24
24.08.2025 19:30;2,08
24.08.2025 19:45;4,2
24.08.2025 20:00;5
24.08.2025 20:15;4,72
24.08.2025 20:30;6,12
24.08.2025 20:45;5,18
24.08.2025 21:00;6,18
24.08.2025 21:15;5,26
24.08.2025 21:30;7,58
24.08.2025 21:45;6,48
24.08.2025 22:00;4,5
24.08.2025 22:15;5,44
24.08.2025 22:30;4,7
24.08.2025 22:45;5,2
24.08.2025 23:00;4,88
24.08.2025 23:15;4,46
24.08.2025 23:30;8,46
24.08.2025 23:45;5,12
25.08.2025 00:00;5,2
25.08.2025 00:15;4,74
25.08.2025 00:30;4,58
25.08.2025 00:45;5,26
25.08.2025 01:00;4,34
25.08.2025 01:15;5,42
25.08.2025 01:30;4,48
25.08.2025 01:45;8,58
25.08.2025 02:00;4,96
25.08.2025 02:15;4,4
25.08.2025 02:30;5,34
25.08.2025 02:45;4,42
25.08.2025 03:00;5,24
25.08.2025 03:15;4,8
25.08.2025 03:30;4,76
25.08.2025 03:45;7,96
25.08.2025 04:00;9,24
25.08.2025 04:15;10,12
25.08.2025 04:30;9,04
25.08.2025 04:45;9,58
25.08.2025 05:00;10,16
25.08.2025 05:15;11,02
25.08.2025 05:30;44,04
25.08.2025 05:45;49,26
25.08.2025 06:00;51,72
25.08.2025 06:15;63,12
25.08.2025 06:30;65,4
25.08.2025 06:45;61,14
25.08.2025 07:00;65,98
25.08.2025 07:15;67
25.08.2025 07:30;79,54
25.08.2025 07:45;80,22
25.08.2025 08:00;77,88
25.08.2025 08:15;61,8
25.08.2025 08:30;68,38
25.08.2025 08:45;66,58
25.08.2025 09:00;88,12
25.08.2025 09:15;74,88
25.08.2025 09:30;69,08
25.08.2025 09:45;92,74
25.08.2025 10:00;89,08
25.08.2025 10:15;93,78
25.08.2025 10:30;99,06
25.08.2025 10:45;93,04
25.08.2025 11:00;89,24
25.08.2025 11:15;102,9
25.08.2025 11:30;102,32
25.08.2025 11:45;102,08
25.08.2025 12:00;76,88
25.08.2025 12:15;76,6
25.08.2025 12:30;77,52
25.08.2025 12:45;83,4
25.08.2025 13:00;82,58
25.08.2025 13:15;73,5
25.08.2025 13:30;76,74
25.08.2025 13:45;72,92
25.08.2025 14:00;67,18
25.08.2025 14:15;66,1
25.08.2025 14:30;64,6
25.08.2025 14:45;70,54
25.08.2025 15:00;71,18
25.08.2025 15:15;66,22
25.08.2025 15:30;65,94
25.08.2025 15:45;66,74
25.08.2025 16:00;70,08
25.08.2025 16:15;81,32
25.08.2025 16:30;92,34
25.08.2025 16:45;90,12
25.08.2025 17:00;73,7
25.08.2025 17:15;83,1
25.08.2025 17:30;73,32
25.08.2025 17:45;50,66
25.08.2025 18:00;74,32
25.08.2025 18:15;64,2
25.08.2025 18:30;48,78
25.08.2025 18:45;66,72
25.08.2025 19:00;73,78
25.08.2025 19:15;61,9
25.08.2025 19:30;75,08
25.08.2025 19:45;69,04
25.08.2025 20:00;56,08
25.08.2025 20:15;58,36
25.08.2025 20:30;77,56
25.08.2025 20:45;75,06
25.08.2025 21:00;67,02
25.08.2025 21:15;65,2
25.08.2025 21:30;80,96
25.08.2025 21:45;87,4
25.08.2025 22:00;104,12
25.08.2025 22:15;99,96
25.08.2025 22:30;84,22
25.08.2025 22:45;83,28
25.08.2025 23:00;63,22
25.08.2025 23:15;42,14
25.08.2025 23:30;37,54
25.08.2025 23:45;27,4
26.08.2025 00:00;17,84
26.08.2025 00:15;18,16
26.08.2025 00:30;17,84
26.08.2025 00:45;16,06
26.08.2025 01:00;17,94
26.08.2025 01:15;18,16
26.08.2025 01:30;21,48
26.08.2025 01:45;19,08
26.08.2025 02:00;17,4
26.08.2025 02:15;17,3
26.08.2025 02:30;17,22
26.08.2025 02:45;19,86
26.08.2025 03:00;18,26
26.08.2025 03:15;15,5
26.08.2025 03:30;15,56
26.08.2025 03:45;14,96
26.08.2025 04:00;15,26
26.08.2025 04:15;19,6
26.08.2025 04:30;17,62
26.08.2025 04:45;19,56
26.08.2025 05:00;19,84
26.08.2025 05:15;23,76
26.08.2025 05:30;64,76
26.08.2025 05:45;80,24
26.08.2025 06:00;82,04
26.08.2025 06:15;84,82
26.08.2025 06:30;79,2
26.08.2025 06:45;79,54
26.08.2025 07:00;81,22
26.08.2025 07:15;77,76
26.08.2025 07:30;75,7
26.08.2025 07:45;85,92
26.08.2025 08:00;87,1
26.08.2025 08:15;69,06
26.08.2025 08:30;61,52
26.08.2025 08:45;64,96
26.08.2025 09:00;48,42
26.08.2025 09:15;51,66
26.08.2025 09:30;48,24
26.08.2025 09:45;49,14
26.08.2025 10:00;45,84
26.08.2025 10:15;41
26.08.2025 10:30;37,64
26.08.2025 10:45;35,2
26.08.2025 11:00;33,3
26.08.2025 11:15;29,64
26.08.2025 11:30;25,42
26.08.2025 11:45;32,74
26.08.2025 12:00;21,36
26.08.2025 12:15;33,76
26.08.2025 12:30;34,62
26.08.2025 12:45;39,54
26.08.2025 13:00;39,68
26.08.2025 13:15;34,54
26.08.2025 13:30;29,36
26.08.2025 13:45;70,26
26.08.2025 14:00;96,54
26.08.2025 14:15;94,82
26.08.2025 14:30;80,92
26.08.2025 14:45;76,16
26.08.2025 15:00;80,86
26.08.2025 15:15;73,6
26.08.2025 15:30;95,82
26.08.2025 15:45;52,4
26.08.2025 16:00;39
26.08.2025 16:15;42,6
26.08.2025 16:30;44,2
26.08.2025 16:45;45,52
26.08.2025 17:00;28,6
26.08.2025 17:15;33,8
26.08.2025 17:30;53,7
26.08.2025 17:45;75,78
26.08.2025 18:00;77,84
26.08.2025 18:15;74,9
26.08.2025 18:30;72,36
26.08.2025 18:45;84,3
26.08.2025 19:00;91,52
26.08.2025 19:15;104,94
26.08.2025 19:30;87,94
26.08.2025 19:45;74,84
26.08.2025 20:00;60,92
26.08.2025 20:15;71,44
26.08.2025 20:30;83,7
26.08.2025 20:45;77,04
26.08.2025 21:00;65,38
26.08.2025 21:15;63,62
26.08.2025 21:30;82,64
26.08.2025 21:45;86,7
26.08.2025 22:00;76,56
26.08.2025 22:15;81,94
26.08.2025 22:30;84,82
26.08.2025 22:45;75,72
26.08.2025 23:00;56,56
26.08.2025 23:15;42,62
26.08.2025 23:30;33,86
26.08.2025 23:45;21,42
27.08.2025 00:00;13,66
27.08.2025 00:15;14,04
27.08.2025 00:30;13,5
27.08.2025 00:45;13,36
27.08.2025 01:00;18,9
27.08.2025 01:15;16,8
27.08.2025 01:30;15,58
27.08.2025 01:45;15,66
27.08.2025 02:00;15,5
27.08.2025 02:15;14,62
27.08.2025 02:30;17,46
27.08.2025 02:45;14,62
27.08.2025 03:00;13,8
27.08.2025 03:15;14,56
27.08.2025 03:30;14,3
27.08.2025 03:45;14,24
27.08.2025 04:00;14,92
27.08.2025 04:15;13,32
27.08.2025 04:30;15,84
27.08.2025 04:45;16,22
27.08.2025 05:00;16,72
27.08.2025 05:15;20,6
27.08.2025 05:30;45,4
27.08.2025 05:45;58,16
27.08.2025 06:00;61,08
27.08.2025 06:15;62,24
27.08.2025 06:30;69,5
27.08.2025 06:45;68,62
27.08.2025 07:00;74,12
27.08.2025 07:15;92,52
27.08.2025 07:30;98,6
27.08.2025 07:45;104,34
27.08.2025 08:00;97
27.08.2025 08:15;97,92
27.08.2025 08:30;85,98
27.08.2025 08:45;87,6
27.08.2025 09:00;59,94
27.08.2025 09:15;68,76
27.08.2025 09:30;76,48
27.08.2025 09:45;63,08
27.08.2025 10:00;74,58
27.08.2025 10:15;77,76
27.08.2025 10:30;69,74
27.08.2025 10:45;36,56
27.08.2025 11:00;16,2
27.08.2025 11:15;10,5
27.08.2025 11:30;20,56
27.08.2025 11:45;30,4
27.08.2025 12:00;11,06
27.08.2025 12:15;5,08
27.08.2025 12:30;18,18
27.08.2025 12:45;22,5
27.08.2025 13:00;25,62
27.08.2025 13:15;23,42
27.08.2025 13:30;23,96
27.08.2025 13:45;19,66
27.08.2025 14:00;17,2
27.08.2025 14:15;24,94
27.08.2025 14:30;39,86
27.08.2025 14:45;45,6
27.08.2025 15:00;17,84
27.08.2025 15:15;42,98
27.08.2025 15:30;50,14
27.08.2025 15:45;32,02
27.08.2025 16:00;44,9
27.08.2025 16:15;49,52
27.08.2025 16:30;40,58
27.08.2025 16:45;36,64
27.08.2025 17:00;38,94
27.08.2025 17:15;60,02
27.08.2025 17:30;48,08
27.08.2025 17:45;61,44
27.08.2025 18:00;76,78
27.08.2025 18:15;82,86
27.08.2025 18:30;85,16
27.08.2025 18:45;70,78
27.08.2025 19:00;71,08
27.08.2025 19:15;75,06
27.08.2025 19:30;69,7
27.08.2025 19:45;76,14
27.08.2025 20:00;62,52
27.08.2025 20:15;76,52
27.08.2025 20:30;83,26
27.08.2025 20:45;88,32
27.08.2025 21:00;92,4
27.08.2025 21:15;84,32
27.08.2025 21:30;88,42
27.08.2025 21:45;83,54
27.08.2025 22:00;77,24
27.08.2025 22:15;78,68
27.08.2025 22:30;76,98
27.08.2025 22:45;72
27.08.2025 23:00;47,58
27.08.2025 23:15;40,76
27.08.2025 23:30;35,68
27.08.2025 23:45;33,32
28.08.2025 00:00;33,32
28.08.2025 00:15;22,08
28.08.2025 00:30;19,12
28.08.2025 00:45;15,82
28.08.2025 01:00;16,12
28.08.2025 01:15;16,54
28.08.2025 01:30;19,5
28.08.2025 01:45;15,74
28.08.2025 02:00;15,72
28.08.2025 02:15;15,7
28.08.2025 02:30;20
28.08.2025 02:45;16,04
28.08.2025 03:00;15,24
28.08.2025 03:15;15,76
28.08.2025 03:30;15,64
28.08.2025 03:45;18,42
28.08.2025 04:00;16,42
28.08.2025 04:15;15,5
28.08.2025 04:30;18,74
28.08.2025 04:45;22,74
28.08.2025 05:00;21,98
28.08.2025 05:15;21,84
28.08.2025 05:30;31,94
28.08.2025 05:45;42,32
28.08.2025 06:00;41,84
28.08.2025 06:15;46,62
28.08.2025 06:30;46,42
28.08.2025 06:45;53,24
28.08.2025 07:00;55,14
28.08.2025 07:15;60,08
28.08.2025 07:30;72,22
28.08.2025 07:45;64,2
28.08.2025 08:00;68,42
28.08.2025 08:15;53,52
28.08.2025 08:30;52,9
28.08.2025 08:45;41,16
28.08.2025 09:00;30,78
28.08.2025 09:15;29
28.08.2025 09:30;31
28.08.2025 09:45;48,06
28.08.2025 10:00;24
28.08.2025 10:15;19,38
28.08.2025 10:30;6,44
28.08.2025 10:45;5,54
28.08.2025 11:00;9,64
28.08.2025 11:15;26,2
28.08.2025 11:30;42,5
28.08.2025 11:45;37,42
28.08.2025 12:00;38,92
28.08.2025 12:15;33,78
28.08.2025 12:30;40,92
28.08.2025 12:45;37,36
28.08.2025 13:00;40,2
28.08.2025 13:15;40,5
28.08.2025 13:30;49,08
28.08.2025 13:45;58,54
28.08.2025 14:00;54,58
28.08.2025 14:15;49,94
28.08.2025 14:30;59,62
28.08.2025 14:45;58,8
28.08.2025 15:00;70,22
28.08.2025 15:15;64,14
28.08.2025 15:30;66,02
28.08.2025 15:45;51,54
28.08.2025 16:00;49,48
28.08.2025 16:15;36,82
28.08.2025 16:30;45,06
28.08.2025 16:45;44,88
28.08.2025 17:00;30,22
28.08.2025 17:15;41,46
28.08.2025 17:30;44,9
28.08.2025 17:45;50,32
28.08.2025 18:00;56,74
28.08.2025 18:15;65,42
28.08.2025 18:30;61,82
28.08.2025 18:45;63,84
28.08.2025 19:00;66,04
28.08.2025 19:15;75,34
28.08.2025 19:30;74,6
28.08.2025 19:45;78
28.08.2025 20:00;77,58
28.08.2025 20:15;82,34
28.08.2025 20:30;85,72
28.08.2025 20:45;81,5
28.08.2025 21:00;69,3
28.08.2025 21:15;72,24
28.08.2025 21:30;82,28
28.08.2025 21:45;64,8
28.08.2025 22:00;66,14
28.08.2025 22:15;73,66
28.08.2025 22:30;72,64
28.08.2025 22:45;84,78
28.08.2025 23:00;73,64
28.08.2025 23:15;60,38
28.08.2025 23:30;47,3
28.08.2025 23:45;47,48
29.08.2025 00:00;46,48
29.08.2025 00:15;36,8
29.08.2025 00:30;34,28
29.08.2025 00:45;29,34
29.08.2025 01:00;28,64
29.08.2025 01:15;29,98
29.08.2025 01:30;26,18
29.08.2025 01:45;27,52
29.08.2025 02:00;26,66
29.08.2025 02:15;25,16
29.08.2025 02:30;26,8
29.08.2025 02:45;27,5
29.08.2025 03:00;23,36
29.08.2025 03:15;25,64
29.08.2025 03:30;28,64
29.08.2025 03:45;22,96
29.08.2025 04:00;22,52
29.08.2025 04:15;25,64
29.08.2025 04:30;23,4
29.08.2025 04:45;24,3
29.08.2025 05:00;31
29.08.2025 05:15;26,62
29.08.2025 05:30;44,88
29.08.2025 05:45;56,78
29.08.2025 06:00;65,76
29.08.2025 06:15;66,56
29.08.2025 06:30;65,58
29.08.2025 06:45;60,96
29.08.2025 07:00;52,36
29.08.2025 07:15;58,92
29.08.2025 07:30;71,96
29.08.2025 07:45;76,66
29.08.2025 08:00;69,16
29.08.2025 08:15;75,6
29.08.2025 08:30;83,88
29.08.2025 08:45;72,5
29.08.2025 09:00;62
29.08.2025 09:15;53,04
29.08.2025 09:30;67,54
29.08.2025 09:45;81,44
29.08.2025 10:00;87,88
29.08.2025 10:15;62
29.08.2025 10:30;71,66
29.08.2025 10:45;59,62
29.08.2025 11:00;75,42
29.08.2025 11:15;66,54
29.08.2025 11:30;61,58
29.08.2025 11:45;22,32
29.08.2025 12:00;12,68
29.08.2025 12:15;38,82
29.08.2025 12:30;57,66
29.08.2025 12:45;61,12
29.08.2025 13:00;31,16
29.08.2025 13:15;45,74
29.08.2025 13:30;40,74
29.08.2025 13:45;38,62
29.08.2025 14:00;38,56
29.08.2025 14:15;24,36
29.08.2025 14:30;67,4
29.08.2025 14:45;65,36
29.08.2025 15:00;59,68
29.08.2025 15:15;37,3
29.08.2025 15:30;53,66
29.08.2025 15:45;58,32
29.08.2025 16:00;50,44
29.08.2025 16:15;33,32
29.08.2025 16:30;46,02
29.08.2025 16:45;23,66
29.08.2025 17:00;22,86
29.08.2025 17:15;34,88
29.08.2025 17:30;53,52
29.08.2025 17:45;62,3
29.08.2025 18:00;61,26
29.08.2025 18:15;47,88
29.08.2025 18:30;58,78
29.08.2025 18:45;53,18
29.08.2025 19:00;43,88
29.08.2025 19:15;39,48
29.08.2025 19:30;51,78
29.08.2025 19:45;48,78
29.08.2025 20:00;40,86
29.08.2025 20:15;28,84
29.08.2025 20:30;32,34
29.08.2025 20:45;28,84
29.08.2025 21:00;25,68
29.08.2025 21:15;30,92
29.08.2025 21:30;27,34
29.08.2025 21:45;21,72
29.08.2025 22:00;22,58
29.08.2025 22:15;23,32
29.08.2025 22:30;21,3
29.08.2025 22:45;23,48
29.08.2025 23:00;23
29.08.2025 23:15;20,28
29.08.2025 23:30;23,58
29.08.2025 23:45;22,7
30.08.2025 00:00;19,68
30.08.2025 00:15;24,18
30.08.2025 00:30;20,06
30.08.2025 00:45;18,68
30.08.2025 01:00;24,66
30.08.2025 01:15;20,04
30.08.2025 01:30;19,46
30.08.2025 01:45;23,44
30.08.2025 02:00;18,88
30.08.2025 02:15;19,04
30.08.2025 02:30;23,94
30.08.2025 02:45;18,98
30.08.2025 03:00;19,62
30.08.2025 03:15;24,86
30.08.2025 03:30;19,68
30.08.2025 03:45;18,48
30.08.2025 04:00;22,16
30.08.2025 04:15;24,38
30.08.2025 04:30;19,18
30.08.2025 04:45;20,28
30.08.2025 05:00;22,16
30.08.2025 05:15;26,38
30.08.2025 05:30;40,96
30.08.2025 05:45;51,08
30.08.2025 06:00;49,4
30.08.2025 06:15;45,22
30.08.2025 06:30;49,5
30.08.2025 06:45;45,02
30.08.2025 07:00;48,8
30.08.2025 07:15;47,5
30.08.2025 07:30;45,92
30.08.2025 07:45;44,8
30.08.2025 08:00;40,52
30.08.2025 08:15;37,74
30.08.2025 08:30;32,06
30.08.2025 08:45;17,84
30.08.2025 09:00;19,12
30.08.2025 09:15;22,04
30.08.2025 09:30;17,68
30.08.2025 09:45;24,48
30.08.2025 10:00;17,04
30.08.2025 10:15;19,88
30.08.2025 10:30;7,94
30.08.2025 10:45;10,24
30.08.2025 11:00;5,12
30.08.2025 11:15;2,94
30.08.2025 11:30;9,34
30.08.2025 11:45;2,54
30.08.2025 12:00;6,78
30.08.2025 12:15;1,02
30.08.2025 12:30;3,6
30.08.2025 12:45;2,94
30.08.2025 13:00;5,12
30.08.2025 13:15;9,42
30.08.2025 13:30;21,32
30.08.2025 13:45;24,3
30.08.2025 14:00;15,28
30.08.2025 14:15;10,96
30.08.2025 14:30;14,98
30.08.2025 14:45;9,78
30.08.2025 15:00;3,54
30.08.2025 15:15;0,74
30.08.2025 15:30;1,16
30.08.2025 15:45;1,8
30.08.2025 16:00;0,18
30.08.2025 16:15;0,86
30.08.2025 16:30;0,2
30.08.2025 16:45;1,86
30.08.2025 17:00;11,8
30.08.2025 17:15;0,7
30.08.2025 17:30;1,4
30.08.2025 17:45;0,38
30.08.2025 18:00;9,24
30.08.2025 18:15;14,76
30.08.2025 18:30;16,88
30.08.2025 18:45;11,94
30.08.2025 19:00;22,86
30.08.2025 19:15;22,72
30.08.2025 19:30;19,94
30.08.2025 19:45;19,38
30.08.2025 20:00;15,2
30.08.2025 20:15;15
30.08.2025 20:30;20,22
30.08.2025 20:45;15,42
30.08.2025 21:00;14,54
30.08.2025 21:15;18,24
30.08.2025 21:30;13,28
30.08.2025 21:45;15,46
30.08.2025 22:00;16,28
30.08.2025 22:15;12,04
30.08.2025 22:30;15,5
30.08.2025 22:45;16,18
30.08.2025 23:00;13,18
30.08.2025 23:15;14,92
30.08.2025 23:30;14,16
30.08.2025 23:45;13,12
31.08.2025 00:00;14,14
31.08.2025 00:15;14,66
31.08.2025 00:30;12,52
31.08.2025 00:45;15,02
31.08.2025 01:00;14,56
31.08.2025 01:15;12,12
31.08.2025 01:30;16,88
31.08.2025 01:45;12,8
31.08.2025 02:00;12,34
31.08.2025 02:15;17,16
31.08.2025 02:30;11,96
31.08.2025 02:45;13,78
31.08.2025 03:00;16,5
31.08.2025 03:15;12,9
31.08.2025 03:30;14,5
31.08.2025 03:45;16,14
31.08.2025 04:00;13,68
31.08.2025 04:15;14,58
31.08.2025 04:30;13,96
31.08.2025 04:45;12,64
31.08.2025 05:00;15,26
31.08.2025 05:15;14,08
31.08.2025 05:30;12,06
31.08.2025 05:45;16,24
31.08.2025 06:00;13,32
31.08.2025 06:15;12,12
31.08.2025 06:30;16,48
31.08.2025 06:45;10,1
31.08.2025 07:00;8,82
31.08.2025 07:15;10,44
31.08.2025 07:30;2,4
31.08.2025 07:45;0,66
31.08.2025 08:00;0,1
31.08.2025 08:15;0
31.08.2025 08:30;0
31.08.2025 08:45;0
31.08.2025 09:00;0
31.08.2025 09:15;0
31.08.2025 09:30;0
31.08.2025 09:45;0
31.08.2025 10:00;0
31.08.2025 10:15;0
31.08.2025 10:30;0
31.08.2025 10:45;0
31.08.2025 11:00;0
31.08.2025 11:15;0
31.08.2025 11:30;0
31.08.2025 11:45;0
31.08.2025 12:00;0
31.08.2025 12:15;0
31.08.2025 12:30;4,32
31.08.2025 12:45;0,12
31.08.2025 13:00;0
31.08.2025 13:15;1,14
31.08.2025 13:30;0
31.08.2025 13:45;0
31.08.2025 14:00;0
31.08.2025 14:15;0
31.08.2025 14:30;0
31.08.2025 14:45;0
31.08.2025 15:00;0
31.08.2025 15:15;0
31.08.2025 15:30;0
31.08.2025 15:45;0
31.08.2025 16:00;0
31.08.2025 16:15;0
31.08.2025 16:30;0
31.08.2025 16:45;0,04
31.08.2025 17:00;0
31.08.2025 17:15;0
31.08.2025 17:30;0
31.08.2025 17:45;0
31.08.2025 18:00;0
31.08.2025 18:15;0
31.08.2025 18:30;0
31.08.2025 18:45;1,04
31.08.2025 19:00;1,86
31.08.2025 19:15;3,42
31.08.2025 19:30;4,3
31.08.2025 19:45;4,24
31.08.2025 20:00;8,36
31.08.2025 20:15;5,52
31.08.2025 20:30;5,02
31.08.2025 20:45;5,82
31.08.2025 21:00;5,4
31.08.2025 21:15;5,16
31.08.2025 21:30;5,82
31.08.2025 21:45;7,94
31.08.2025 22:00;5,46
31.08.2025 22:15;5,44
31.08.2025 22:30;4,84
31.08.2025 22:45;5,08
31.08.2025 23:00;5,42
31.08.2025 23:15;4,6
31.08.2025 23:30;6,32
31.08.2025 23:45;7,54
01.09.2025 00:00;4,42
01.09.2025 00:15;5,32
01.09.2025 00:30;5,74
01.09.2025 00:45;4,4
01.09.2025 01:00;7,06
01.09.2025 01:15;7,18
01.09.2025 01:30;9,74
01.09.2025 01:45;7,18
01.09.2025 02:00;7,2
01.09.2025 02:15;6,34
01.09.2025 02:30;7,12
01.09.2025 02:45;7,14
01.09.2025 03:00;6,2
01.09.2025 03:15;9,68
01.09.2025 03:30;8,08
01.09.2025 03:45;6,4
01.09.2025 04:00;7,1
01.09.2025 04:15;7,14
01.09.2025 04:30;6,22
01.09.2025 04:45;7,2
01.09.2025 05:00;8,24
01.09.2025 05:15;13,48
01.09.2025 05:30;25,38
01.09.2025 05:45;43,44
01.09.2025 06:00;51,66
01.09.2025 06:15;48,84
01.09.2025 06:30;42,6
01.09.2025 06:45;46,68
01.09.2025 07:00;48,56
01.09.2025 07:15;43,18
01.09.2025 07:30;39,6
01.09.2025 07:45;38,5
01.09.2025 08:00;34,6
01.09.2025 08:15;29,72
01.09.2025 08:30;28,96
01.09.2025 08:45;36,94
01.09.2025 09:00;37,9
01.09.2025 09:15;64,56
01.09.2025 09:30;62,32
01.09.2025 09:45;71,26
01.09.2025 10:00;60,06
01.09.2025 10:15;78,32
01.09.2025 10:30;68,48
01.09.2025 10:45;76,52
01.09.2025 11:00;67,78
01.09.2025 11:15;69,34
01.09.2025 11:30;71,68
01.09.2025 11:45;88,8
01.09.2025 12:00;77,72
01.09.2025 12:15;86,82
01.09.2025 12:30;86,1
01.09.2025 12:45;86,72
01.09.2025 13:00;97,08
01.09.2025 13:15;90,5
01.09.2025 13:30;79,7
01.09.2025 13:45;76,92
01.09.2025 14:00;86,38
01.09.2025 14:15;93,52
01.09.2025 14:30;88,72
01.09.2025 14:45;95,06
01.09.2025 15:00;88,26
01.09.2025 15:15;75,88
01.09.2025 15:30;84,92
01.09.2025 15:45;79,6
01.09.2025 16:00;87,3
01.09.2025 16:15;90,3
01.09.2025 16:30;84
01.09.2025 16:45;66,62
01.09.2025 17:00;55,9
01.09.2025 17:15;66,74
01.09.2025 17:30;75,94
01.09.2025 17:45;80,58
01.09.2025 18:00;81,72
01.09.2025 18:15;77,58
01.09.2025 18:30;81,56
01.09.2025 18:45;86,08
01.09.2025 19:00;89,3
01.09.2025 19:15;90,9
01.09.2025 19:30;88,74
01.09.2025 19:45;91,48
01.09.2025 20:00;73,9
01.09.2025 20:15;72,9
01.09.2025 20:30;78,42
01.09.2025 20:45;78,24
01.09.2025 21:00;80,48
01.09.2025 21:15;75,44
01.09.2025 21:30;76,32
01.09.2025 21:45;73,26
01.09.2025 22:00;76,56
01.09.2025 22:15;74,3
01.09.2025 22:30;73,52
01.09.2025 22:45;75,68
01.09.2025 23:00;49,86
01.09.2025 23:15;36,98
01.09.2025 23:30;35,98
01.09.2025 23:45;31,76
02.09.2025 00:00;35,46
02.09.2025 00:15;34,9
02.09.2025 00:30;27,36
02.09.2025 00:45;30,84
02.09.2025 01:00;30,78
02.09.2025 01:15;29,02
02.09.2025 01:30;32,42
02.09.2025 01:45;28,26
02.09.2025 02:00;27,98
02.09.2025 02:15;30,94
02.09.2025 02:30;20,2
02.09.2025 02:45;17,76
02.09.2025 03:00;17,36
02.09.2025 03:15;16,36
02.09.2025 03:30;15,58
02.09.2025 03:45;13,34
02.09.2025 04:00;11,88
02.09.2025 04:15;12,9
02.09.2025 04:30;15,42
02.09.2025 04:45;13,82
02.09.2025 05:00;15,82
02.09.2025 05:15;19,7
02.09.2025 05:30;47,26
02.09.2025 05:45;59,72
02.09.2025 06:00;62,98
02.09.2025 06:15;67,9
02.09.2025 06:30;66,84
02.09.2025 06:45;69,8
02.09.2025 07:00;71,24
02.09.2025 07:15;59,32
02.09.2025 07:30;56,32
02.09.2025 07:45;55,18
02.09.2025 08:00;60,34
02.09.2025 08:15;60,84
02.09.2025 08:30;59,88
02.09.2025 08:45;53,22
02.09.2025 09:00;41,16
02.09.2025 09:15;45,72
02.09.2025 09:30;52,58
02.09.2025 09:45;42,9
02.09.2025 10:00;40,04
02.09.2025 10:15;56,12
02.09.2025 10:30;49,68
02.09.2025 10:45;40,68
02.09.2025 11:00;48,92
02.09.2025 11:15;44,72
02.09.2025 11:30;47,92
02.09.2025 11:45;38,74
02.09.2025 12:00;40,76
02.09.2025 12:15;44,82
02.09.2025 12:30;43,28
02.09.2025 12:45;39,3
02.09.2025 13:00;52,82
02.09.2025 13:15;54,6
02.09.2025 13:30;57,9
02.09.2025 13:45;58
02.09.2025 14:00;49,54
02.09.2025 14:15;54,12
02.09.2025 14:30;49,28
02.09.2025 14:45;44,2
02.09.2025 15:00;51,32
02.09.2025 15:15;53,14
02.09.2025 15:30;48,9
02.09.2025 15:45;50,96
02.09.2025 16:00;46,08
02.09.2025 16:15;33,26
02.09.2025 16:30;23,64
02.09.2025 16:45;42,22
02.09.2025 17:00;42,24
02.09.2025 17:15;43,44
02.09.2025 17:30;49
02.09.2025 17:45;48,22
02.09.2025 18:00;24,54
02.09.2025 18:15;22,1
02.09.2025 18:30;41,66
02.09.2025 18:45;31,02
02.09.2025 19:00;36,44
02.09.2025 19:15;62,64
02.09.2025 19:30;64,26
02.09.2025 19:45;54,06
02.09.2025 20:00;41,62
02.09.2025 20:15;45,82
02.09.2025 20:30;48,42
02.09.2025 20:45;56,2
02.09.2025 21:00;61,76
02.09.2025 21:15;59,4
02.09.2025 21:30;57,48
02.09.2025 21:45;58,62
02.09.2025 22:00;44,5
02.09.2025 22:15;54,66
02.09.2025 22:30;54,44
02.09.2025 22:45;49,94
02.09.2025 23:00;24,02
02.09.2025 23:15;16,56
02.09.2025 23:30;14,72
02.09.2025 23:45;11,66
03.09.2025 00:00;10,44
03.09.2025 00:15;11,54
03.09.2025 00:30;10,14
03.09.2025 00:45;12,84
03.09.2025 01:00;9,94
03.09.2025 01:15;9,86
03.09.2025 01:30;10,58
03.09.2025 01:45;9,88
03.09.2025 02:00;13,72
03.09.2025 02:15;9,66
03.09.2025 02:30;10,44
03.09.2025 02:45;9,58
03.09.2025 03:00;10,42
03.09.2025 03:15;11,6
03.09.2025 03:30;10,8
03.09.2025 03:45;9,86
03.09.2025 04:00;9,18
03.09.2025 04:15;10,18
03.09.2025 04:30;9,74
03.09.2025 04:45;12,34
03.09.2025 05:00;10,08
03.09.2025 05:15;13,52
03.09.2025 05:30;26,46
03.09.2025 05:45;43,66
03.09.2025 06:00;50,74
03.09.2025 06:15;44,36
03.09.2025 06:30;51,74
03.09.2025 06:45;55,4
03.09.2025 07:00;63,28
03.09.2025 07:15;54,64
03.09.2025 07:30;52,7
03.09.2025 07:45;47,96
03.09.2025 08:00;55,22
03.09.2025 08:15;54,98
03.09.2025 08:30;39,78
03.09.2025 08:45;24,28
03.09.2025 09:00;19,24
03.09.2025 09:15;38,78
03.09.2025 09:30;37,54
03.09.2025 09:45;56,22
03.09.2025 10:00;46,8
03.09.2025 10:15;22,46
03.09.2025 10:30;17,62
03.09.2025 10:45;20
03.09.2025 11:00;12,24
03.09.2025 11:15;8,2
03.09.2025 11:30;1,08
03.09.2025 11:45;13,2
03.09.2025 12:00;4,04
03.09.2025 12:15;15,58
03.09.2025 12:30;14,56
03.09.2025 12:45;35,08
03.09.2025 13:00;46,04
03.09.2025 13:15;30,38
03.09.2025 13:30;38,88
03.09.2025 13:45;42,84
03.09.2025 14:00;25,6
03.09.2025 14:15;41,02
03.09.2025 14:30;12,38
03.09.2025 14:45;57
03.09.2025 15:00;44,26
03.09.2025 15:15;20,1
03.09.2025 15:30;41,24
03.09.2025 15:45;20,8
03.09.2025 16:00;22,72
03.09.2025 16:15;45,22
03.09.2025 16:30;58,94
03.09.2025 16:45;60,48
03.09.2025 17:00;31,12
03.09.2025 17:15;41,3
03.09.2025 17:30;50,28
03.09.2025 17:45;44,5
03.09.2025 18:00;60,08
03.09.2025 18:15;74,64
03.09.2025 18:30;69,3
03.09.2025 18:45;68,76
03.09.2025 19:00;90,24
03.09.2025 19:15;90,26
03.09.2025 19:30;86,76
03.09.2025 19:45;86,06
03.09.2025 20:00;64,9
03.09.2025 20:15;64,32
03.09.2025 20:30;73,28
03.09.2025 20:45;91,06
03.09.2025 21:00;90,48
03.09.2025 21:15;72,68
03.09.2025 21:30;67,06
03.09.2025 21:45;67,96
03.09.2025 22:00;75,42
03.09.2025 22:15;90,68
03.09.2025 22:30;89,1
03.09.2025 22:45;87,48
03.09.2025 23:00;68,84
03.09.2025 23:15;66,44
03.09.2025 23:30;53,9
03.09.2025 23:45;48,92
04.09.2025 00:00;45,1
04.09.2025 00:15;43,1
04.09.2025 00:30;36,96
04.09.2025 00:45;29,38
04.09.2025 01:00;26,6
04.09.2025 01:15;24,3
04.09.2025 01:30;28,92
04.09.2025 01:45;24,94
04.09.2025 02:00;25,74
04.09.2025 02:15;25,7
04.09.2025 02:30;23,28
04.09.2025 02:45;28,32
04.09.2025 03:00;23,06
04.09.2025 03:15;24,56
04.09.2025 03:30;27,7
04.09.2025 03:45;21,88
04.09.2025 04:00;24,28
04.09.2025 04:15;20,62
04.09.2025 04:30;21,86
04.09.2025 04:45;24,5
04.09.2025 05:00;20,56
04.09.2025 05:15;29,08
04.09.2025 05:30;40,02
04.09.2025 05:45;62,96
04.09.2025 06:00;64,76
04.09.2025 06:15;73,78
04.09.2025 06:30;72,5
04.09.2025 06:45;63,68
04.09.2025 07:00;62,34
04.09.2025 07:15;53,06
04.09.2025 07:30;58,84
04.09.2025 07:45;53,54
04.09.2025 08:00;38,8
04.09.2025 08:15;30,8
04.09.2025 08:30;28,1
04.09.2025 08:45;24,44
04.09.2025 09:00;28,06
04.09.2025 09:15;30,38
04.09.2025 09:30;19,74
04.09.2025 09:45;16,94
04.09.2025 10:00;31
04.09.2025 10:15;26,22
04.09.2025 10:30;30,22
04.09.2025 10:45;42,04
04.09.2025 11:00;47,62
04.09.2025 11:15;36,14
04.09.2025 11:30;21,34
04.09.2025 11:45;11,68
04.09.2025 12:00;0,06
04.09.2025 12:15;0
04.09.2025 12:30;9,58
04.09.2025 12:45;2,52
04.09.2025 13:00;5,46
04.09.2025 13:15;6,24
04.09.2025 13:30;4,44
04.09.2025 13:45;1,1
04.09.2025 14:00;3,36
04.09.2025 14:15;2,72
04.09.2025 14:30;2,1
04.09.2025 14:45;2,78
04.09.2025 15:00;12,06
04.09.2025 15:15;8,66
04.09.2025 15:30;4,86
04.09.2025 15:45;23,08
04.09.2025 16:00;13,9
04.09.2025 16:15;24,82
04.09.2025 16:30;28,32
04.09.2025 16:45;13,9
04.09.2025 17:00;6,2
04.09.2025 17:15;24,26
04.09.2025 17:30;48,7
04.09.2025 17:45;54,66
04.09.2025 18:00;52,52
04.09.2025 18:15;51,02
04.09.2025 18:30;59,38
04.09.2025 18:45;62,74
04.09.2025 19:00;74,5
04.09.2025 19:15;83,74
04.09.2025 19:30;82,4
04.09.2025 19:45;70,98
04.09.2025 20:00;63,56
04.09.2025 20:15;69
04.09.2025 20:30;60,78
04.09.2025 20:45;65,88
04.09.2025 21:00;75,52
04.09.2025 21:15;71,82
04.09.2025 21:30;74,42
04.09.2025 21:45;72,4
04.09.2025 22:00;69,34
04.09.2025 22:15;69,12
04.09.2025 22:30;71,68
04.09.2025 22:45;63,18
04.09.2025 23:00;44,86
04.09.2025 23:15;38,42
04.09.2025 23:30;37,7
04.09.2025 23:45;32,62
05.09.2025 00:00;28,42
05.09.2025 00:15;26,38
05.09.2025 00:30;31,66
05.09.2025 00:45;28,12
05.09.2025 01:00;26,78
05.09.2025 01:15;30,46
05.09.2025 01:30;25,9
05.09.2025 01:45;28,46
05.09.2025 02:00;26,9
05.09.2025 02:15;26,66
05.09.2025 02:30;29,58
05.09.2025 02:45;24,22
05.09.2025 03:00;28,1
05.09.2025 03:15;24,84
05.09.2025 03:30;26,4
05.09.2025 03:45;26,34
05.09.2025 04:00;22,58
05.09.2025 04:15;27,98
05.09.2025 04:30;23,6
05.09.2025 04:45;22,26
05.09.2025 05:00;26,46
05.09.2025 05:15;25,1
05.09.2025 05:30;49,92
05.09.2025 05:45;56,76
05.09.2025 06:00;65,26
05.09.2025 06:15;71,72
05.09.2025 06:30;69,9
05.09.2025 06:45;68,78
05.09.2025 07:00;78,3
05.09.2025 07:15;64,4
05.09.2025 07:30;60,54
05.09.2025 07:45;59,42
05.09.2025 08:00;60,78
05.09.2025 08:15;57,08
05.09.2025 08:30;59,98
05.09.2025 08:45;59,08
05.09.2025 09:00;55,54
05.09.2025 09:15;52,82
05.09.2025 09:30;52,54
05.09.2025 09:45;49,74
05.09.2025 10:00;41,48
05.09.2025 10:15;37,96
05.09.2025 10:30;34,2
05.09.2025 10:45;40,02
05.09.2025 11:00;35,38
05.09.2025 11:15;28,04
05.09.2025 11:30;32,86
05.09.2025 11:45;18,5
05.09.2025 12:00;16,6
05.09.2025 12:15;19,2
05.09.2025 12:30;15,6
05.09.2025 12:45;21,4
05.09.2025 13:00;24,94
05.09.2025 13:15;22,96
05.09.2025 13:30;21,92
05.09.2025 13:45;23,94
05.09.2025 14:00;21,32
05.09.2025 14:15;12,52
05.09.2025 14:30;20,7
05.09.2025 14:45;42,78
05.09.2025 15:00;50,6
05.09.2025 15:15;54,36
05.09.2025 15:30;54,92
05.09.2025 15:45;52,74
05.09.2025 16:00;55,18
05.09.2025 16:15;62,7
05.09.2025 16:30;54,32
05.09.2025 16:45;49,08
05.09.2025 17:00;39,96
05.09.2025 17:15;47,76
05.09.2025 17:30;49,18
05.09.2025 17:45;56,9
05.09.2025 18:00;46,56
05.09.2025 18:15;53,56
05.09.2025 18:30;56,28
05.09.2025 18:45;46,7
05.09.2025 19:00;42,44
05.09.2025 19:15;39,64
05.09.2025 19:30;42,54
05.09.2025 19:45;37,02
05.09.2025 20:00;36,46
05.09.2025 20:15;26,92
05.09.2025 20:30;22,92
05.09.2025 20:45;26,82
05.09.2025 21:00;23,5
05.09.2025 21:15;22,38
05.09.2025 21:30;27,4
05.09.2025 21:45;21,44
05.09.2025 22:00;25,74
05.09.2025 22:15;25,24
05.09.2025 22:30;21,08
05.09.2025 22:45;25
05.09.2025 23:00;24
05.09.2025 23:15;21,04
05.09.2025 23:30;25,22
05.09.2025 23:45;19,64
06.09.2025 00:00;22,6
06.09.2025 00:15;22,86
06.09.2025 00:30;20,14
06.09.2025 00:45;23,24
06.09.2025 01:00;19,46
06.09.2025 01:15;17,64
06.09.2025 01:30;22,64
06.09.2025 01:45;17,82
06.09.2025 02:00;19,74
06.09.2025 02:15;21,42
06.09.2025 02:30;17,26
06.09.2025 02:45;21,1
06.09.2025 03:00;20,3
06.09.2025 03:15;17,08
06.09.2025 03:30;22,86
06.09.2025 03:45;19,34
06.09.2025 04:00;17,7
06.09.2025 04:15;23,16
06.09.2025 04:30;18,3
06.09.2025 04:45;19,7
06.09.2025 05:00;21,24
06.09.2025 05:15;19,26
06.09.2025 05:30;25,82
06.09.2025 05:45;26,72
06.09.2025 06:00;22,86
06.09.2025 06:15;28,22
06.09.2025 06:30;22,88
06.09.2025 06:45;24,82
06.09.2025 07:00;25,78
06.09.2025 07:15;20,96
06.09.2025 07:30;23,06
06.09.2025 07:45;23
06.09.2025 08:00;15,92
06.09.2025 08:15;18
06.09.2025 08:30;12,58
06.09.2025 08:45;11,8
06.09.2025 09:00;12,26
06.09.2025 09:15;7,88
06.09.2025 09:30;9,36
06.09.2025 09:45;8,58
06.09.2025 10:00;7,48
06.09.2025 10:15;11,56
06.09.2025 10:30;8
06.09.2025 10:45;4,96
06.09.2025 11:00;8,36
06.09.2025 11:15;4,18
06.09.2025 11:30;1,02
06.09.2025 11:45;1,64
06.09.2025 12:00;0
06.09.2025 12:15;0
06.09.2025 12:30;0,02
06.09.2025 12:45;0
06.09.2025 13:00;0
06.09.2025 13:15;0,1
06.09.2025 13:30;0
06.09.2025 13:45;0
06.09.2025 14:00;0
06.09.2025 14:15;0
06.09.2025 14:30;0,8
06.09.2025 14:45;0,86
06.09.2025 15:00;0
06.09.2025 15:15;0,14
06.09.2025 15:30;0
06.09.2025 15:45;0
06.09.2025 16:00;0
06.09.2025 16:15;0
06.09.2025 16:30;0
06.09.2025 16:45;0,78
06.09.2025 17:00;1,6
06.09.2025 17:15;0,02
06.09.2025 17:30;0,3
06.09.2025 17:45;1,18
06.09.2025 18:00;8,72
06.09.2025 18:15;10
06.09.2025 18:30;17,72
06.09.2025 18:45;21,96
06.09.2025 19:00;18,12
06.09.2025 19:15;22,2
06.09.2025 19:30;23,5
06.09.2025 19:45;18,5
06.09.2025 20:00;24,4
06.09.2025 20:15;21,62
06.09.2025 20:30;18,08
06.09.2025 20:45;21,06
06.09.2025 21:00;22
06.09.2025 21:15;16,9
06.09.2025 21:30;22,84
06.09.2025 21:45;19,72
06.09.2025 22:00;18,6
06.09.2025 22:15;21,18
06.09.2025 22:30;8,02
06.09.2025 22:45;4,88
06.09.2025 23:00;4,66
06.09.2025 23:15;4,56
06.09.2025 23:30;4,68
06.09.2025 23:45;8,12
07.09.2025 00:00;4,7
07.09.2025 00:15;4,42
07.09.2025 00:30;4,16
07.09.2025 00:45;4,12
07.09.2025 01:00;6,46
07.09.2025 01:15;6,58
07.09.2025 01:30;4,5
07.09.2025 01:45;4,48
07.09.2025 02:00;5,74
07.09.2025 02:15;6,5
07.09.2025 02:30;4,56
07.09.2025 02:45;4,42
07.09.2025 03:00;4,54
07.09.2025 03:15;4,2
07.09.2025 03:30;4,2
07.09.2025 03:45;4,12
07.09.2025 04:00;4,32
07.09.2025 04:15;4,32
07.09.2025 04:30;6,04
07.09.2025 04:45;5,92
07.09.2025 05:00;4,56
07.09.2025 05:15;4,84
07.09.2025 05:30;4,64
07.09.2025 05:45;4,4
07.09.2025 06:00;4,38
07.09.2025 06:15;4,18
07.09.2025 06:30;3,66
07.09.2025 06:45;2,98
07.09.2025 07:00;5,28
07.09.2025 07:15;0,9
07.09.2025 07:30;0,32
07.09.2025 07:45;0,2
07.09.2025 08:00;0
07.09.2025 08:15;0
07.09.2025 08:30;0
07.09.2025 08:45;0
07.09.2025 09:00;0
07.09.2025 09:15;0
07.09.2025 09:30;0
07.09.2025 09:45;0
07.09.2025 10:00;0
07.09.2025 10:15;0
07.09.2025 10:30;0
07.09.2025 10:45;0
07.09.2025 11:00;0
07.09.2025 11:15;0
07.09.2025 11:30;0
07.09.2025 11:45;0
07.09.2025 12:00;0
07.09.2025 12:15;0
07.09.2025 12:30;0
07.09.2025 12:45;0
07.09.2025 13:00;0
07.09.2025 13:15;0
07.09.2025 13:30;0
07.09.2025 13:45;0
07.09.2025 14:00;0
07.09.2025 14:15;0
07.09.2025 14:30;0
07.09.2025 14:45;0
07.09.2025 15:00;0
07.09.2025 15:15;0
07.09.2025 15:30;0
07.09.2025 15:45;0
07.09.2025 16:00;0
07.09.2025 16:15;0
07.09.2025 16:30;0
07.09.2025 16:45;0
07.09.2025 17:00;0
07.09.2025 17:15;0
07.09.2025 17:30;0
07.09.2025 17:45;0
07.09.2025 18:00;0
07.09.2025 18:15;0
07.09.2025 18:30;0
07.09.2025 18:45;2,02
07.09.2025 19:00;3,82
07.09.2025 19:15;3,48
07.09.2025 19:30;4,36
07.09.2025 19:45;4,68
07.09.2025 20:00;5,24
07.09.2025 20:15;5,36
07.09.2025 20:30;4,84
07.09.2025 20:45;4,6
07.09.2025 21:00;8,36
07.09.2025 21:15;4,96
07.09.2025 21:30;4,92
07.09.2025 21:45;4,92
07.09.2025 22:00;4,5
07.09.2025 22:15;4,66
07.09.2025 22:30;4,64
07.09.2025 22:45;4,56
07.09.2025 23:00;4,54
07.09.2025 23:15;7,8
07.09.2025 23:30;4,14
07.09.2025 23:45;4,32
08.09.2025 00:00;4,46
08.09.2025 00:15;4,5
08.09.2025 00:30;4,48
08.09.2025 00:45;4,4
08.09.2025 01:00;0
08.09.2025 01:15;4,46
08.09.2025 01:30;5,38
08.09.2025 01:45;10,42
08.09.2025 02:00;6,22
08.09.2025 02:15;4,76
08.09.2025 02:30;4,74
08.09.2025 02:45;5
08.09.2025 03:00;5,1
08.09.2025 03:15;4,84
08.09.2025 03:30;4,36
08.09.2025 03:45;4,54
08.09.2025 04:00;4,36
08.09.2025 04:15;4,34
08.09.2025 04:30;4,5
08.09.2025 04:45;10,94
08.09.2025 05:00;9,96
08.09.2025 05:15;10,96
08.09.2025 05:30;32,82
08.09.2025 05:45;65,54
08.09.2025 06:00;77,98
08.09.2025 06:15;69,38
08.09.2025 06:30;65,24
08.09.2025 06:45;73,54
08.09.2025 07:00;86,18
08.09.2025 07:15;99,28
08.09.2025 07:30;98,04
08.09.2025 07:45;80,26
08.09.2025 08:00;65,98
08.09.2025 08:15;54,4
08.09.2025 08:30;51,92
08.09.2025 08:45;52,4
08.09.2025 09:00;31,14
08.09.2025 09:15;33,98
08.09.2025 09:30;43,46
08.09.2025 09:45;32,4
08.09.2025 10:00;40,7
08.09.2025 10:15;25,2
08.09.2025 10:30;40,34
08.09.2025 10:45;14,04
08.09.2025 11:00;8,04
08.09.2025 11:15;23,84
08.09.2025 11:30;32,72
08.09.2025 11:45;46,02
08.09.2025 12:00;15,48
08.09.2025 12:15;9,52
08.09.2025 12:30;3,68
08.09.2025 12:45;3,04
08.09.2025 13:00;23,1
08.09.2025 13:15;26,1
08.09.2025 13:30;24,82
08.09.2025 13:45;10,8
08.09.2025 14:00;1,26
08.09.2025 14:15;11,58
08.09.2025 14:30;24,06
08.09.2025 14:45;11,9
08.09.2025 15:00;6,62
08.09.2025 15:15;26,52
08.09.2025 15:30;22,88
08.09.2025 15:45;26,4
08.09.2025 16:00;23,26
08.09.2025 16:15;31,12
08.09.2025 16:30;35,62
08.09.2025 16:45;33,56
08.09.2025 17:00;29,44
08.09.2025 17:15;38,28
08.09.2025 17:30;63,88
08.09.2025 17:45;74,86
08.09.2025 18:00;68,46
08.09.2025 18:15;79,84
08.09.2025 18:30;76,7
08.09.2025 18:45;73,96
08.09.2025 19:00;70,96
08.09.2025 19:15;68,68
08.09.2025 19:30;67,04
08.09.2025 19:45;62,26
08.09.2025 20:00;50,2
08.09.2025 20:15;54,3
08.09.2025 20:30;64,42
08.09.2025 20:45;63,8
08.09.2025 21:00;55,6
08.09.2025 21:15;60,3
08.09.2025 21:30;67,06
08.09.2025 21:45;67,38
08.09.2025 22:00;65,98
08.09.2025 22:15;71,26
08.09.2025 22:30;66,52
08.09.2025 22:45;65,08
08.09.2025 23:00;53,32
08.09.2025 23:15;41,14
08.09.2025 23:30;29,1
08.09.2025 23:45;27,38
09.09.2025 00:00;25,94
09.09.2025 00:15;21,26
09.09.2025 00:30;23,14
09.09.2025 00:45;19,6
09.09.2025 01:00;17,9
09.09.2025 01:15;21,46
09.09.2025 01:30;17,12
09.09.2025 01:45;17,2
09.09.2025 02:00;21,32
09.09.2025 02:15;18,54
09.09.2025 02:30;17,56
09.09.2025 02:45;20,42
09.09.2025 03:00;18,26
09.09.2025 03:15;16,88
09.09.2025 03:30;19,7
09.09.2025 03:45;18,7
09.09.2025 04:00;16,38
09.09.2025 04:15;17,9
09.09.2025 04:30;20,8
09.09.2025 04:45;20,82
09.09.2025 05:00;22,12
09.09.2025 05:15;30,34
09.09.2025 05:30;61,32
09.09.2025 05:45;62,28
09.09.2025 06:00;68,92
09.09.2025 06:15;82,1
09.09.2025 06:30;85,12
09.09.2025 06:45;72,3
09.09.2025 07:00;75,14
09.09.2025 07:15;80,82
09.09.2025 07:30;73,34
09.09.2025 07:45;69,7
09.09.2025 08:00;72
09.09.2025 08:15;80,56
09.09.2025 08:30;77,14
09.09.2025 08:45;75,28
09.09.2025 09:00;52,96
09.09.2025 09:15;45,4
09.09.2025 09:30;43,24
09.09.2025 09:45;59,56
09.09.2025 10:00;82,78
09.09.2025 10:15;86,72
09.09.2025 10:30;90,06
09.09.2025 10:45;73,7
09.09.2025 11:00;71,14
09.09.2025 11:15;75,9
09.09.2025 11:30;81,84
09.09.2025 11:45;81,92
09.09.2025 12:00;56,62
09.09.2025 12:15;64,98
09.09.2025 12:30;63,22
09.09.2025 12:45;70,64
09.09.2025 13:00;63,38
09.09.2025 13:15;65,76
09.09.2025 13:30;96,04
09.09.2025 13:45;94,8
09.09.2025 14:00;87,62
09.09.2025 14:15;77,24
09.09.2025 14:30;55,92
09.09.2025 14:45;65,56
09.09.2025 15:00;67,96
09.09.2025 15:15;51,26
09.09.2025 15:30;50,12
09.09.2025 15:45;57,06
09.09.2025 16:00;61,88
09.09.2025 16:15;60,58
09.09.2025 16:30;64,86
09.09.2025 16:45;47,4
09.09.2025 17:00;49,8
09.09.2025 17:15;59,04
09.09.2025 17:30;69,36
09.09.2025 17:45;61,52
09.09.2025 18:00;62,92
09.09.2025 18:15;67,48
09.09.2025 18:30;74,14
09.09.2025 18:45;70
09.09.2025 19:00;62,68
09.09.2025 19:15;67,6
09.09.2025 19:30;72,98
09.09.2025 19:45;66,86
09.09.2025 20:00;59,2
09.09.2025 20:15;54,76
09.09.2025 20:30;60,76
09.09.2025 20:45;51,36
09.09.2025 21:00;48,74
09.09.2025 21:15;50,32
09.09.2025 21:30;49,68
09.09.2025 21:45;54,7
09.09.2025 22:00;49,2
09.09.2025 22:15;56,18
09.09.2025 22:30;51,66
09.09.2025 22:45;43,5
09.09.2025 23:00;42,12
09.09.2025 23:15;31,56
09.09.2025 23:30;16,04
09.09.2025 23:45;14,76
10.09.2025 00:00;14,4
10.09.2025 00:15;14,54
10.09.2025 00:30;14,82
10.09.2025 00:45;13,72
10.09.2025 01:00;13,16
10.09.2025 01:15;12,98
10.09.2025 01:30;12,84
10.09.2025 01:45;13,12
10.09.2025 02:00;14,58
10.09.2025 02:15;13,98
10.09.2025 02:30;12,72
10.09.2025 02:45;12,66
10.09.2025 03:00;12,38
10.09.2025 03:15;11,9
10.09.2025 03:30;11,84
10.09.2025 03:45;12,56
10.09.2025 04:00;13,74
10.09.2025 04:15;10,86
10.09.2025 04:30;9,74
10.09.2025 04:45;13,38
10.09.2025 05:00;14,8
10.09.2025 05:15;20,08
10.09.2025 05:30;41,08
10.09.2025 05:45;47,4
10.09.2025 06:00;44,44
10.09.2025 06:15;64,38
10.09.2025 06:30;69,66
10.09.2025 06:45;66,88
10.09.2025 07:00;68,6
10.09.2025 07:15;69
10.09.2025 07:30;66,28
10.09.2025 07:45;68,08
10.09.2025 08:00;56,5
10.09.2025 08:15;61,28
10.09.2025 08:30;64,98
10.09.2025 08:45;71,94
10.09.2025 09:00;51,8
10.09.2025 09:15;53,46
10.09.2025 09:30;46,36
10.09.2025 09:45;35,84
10.09.2025 10:00;24
10.09.2025 10:15;23,04
10.09.2025 10:30;27,8
10.09.2025 10:45;36,94
10.09.2025 11:00;57,74
10.09.2025 11:15;51,56
10.09.2025 11:30;44,94
10.09.2025 11:45;35,4
10.09.2025 12:00;27,56
10.09.2025 12:15;44,9
10.09.2025 12:30;37
10.09.2025 12:45;53,84
10.09.2025 13:00;55,8
10.09.2025 13:15;46,04
10.09.2025 13:30;48,86
10.09.2025 13:45;47,38
10.09.2025 14:00;36,8
10.09.2025 14:15;36,36
10.09.2025 14:30;46,3
10.09.2025 14:45;49,9
10.09.2025 15:00;50,82
10.09.2025 15:15;44,32
10.09.2025 15:30;38,42
10.09.2025 15:45;40,56
10.09.2025 16:00;51,24
10.09.2025 16:15;54,42
10.09.2025 16:30;55,12
10.09.2025 16:45;50,94
10.09.2025 17:00;39,88
10.09.2025 17:15;38,38
10.09.2025 17:30;42,68
10.09.2025 17:45;50,24
10.09.2025 18:00;50,92
10.09.2025 18:15;46,64
10.09.2025 18:30;38,34
10.09.2025 18:45;38,1
10.09.2025 19:00;35,34
10.09.2025 19:15;39,14
10.09.2025 19:30;48,26
10.09.2025 19:45;43,8
10.09.2025 20:00;36,62
10.09.2025 20:15;37,02
10.09.2025 20:30;43,2
10.09.2025 20:45;42,56
10.09.2025 21:00;48,46
10.09.2025 21:15;48,02
10.09.2025 21:30;51,58
10.09.2025 21:45;49,56
10.09.2025 22:00;47,5
10.09.2025 22:15;49,16
10.09.2025 22:30;52,66
10.09.2025 22:45;54,16
10.09.2025 23:00;41,72
10.09.2025 23:15;24,48
10.09.2025 23:30;15,26
10.09.2025 23:45;15,86
11.09.2025 00:00;13,52
11.09.2025 00:15;13,16
11.09.2025 00:30;12,16
11.09.2025 00:45;13,16
11.09.2025 01:00;12,58
11.09.2025 01:15;14,2
11.09.2025 01:30;12,44
11.09.2025 01:45;11,38
11.09.2025 02:00;11,42
11.09.2025 02:15;11,34
11.09.2025 02:30;10,86
11.09.2025 02:45;11,62
11.09.2025 03:00;10,48
11.09.2025 03:15;11,08
11.09.2025 03:30;13,92
11.09.2025 03:45;9,58
11.09.2025 04:00;9,82
11.09.2025 04:15;7,8
11.09.2025 04:30;7,16
11.09.2025 04:45;12,84
11.09.2025 05:00;12,76
11.09.2025 05:15;19,52
11.09.2025 05:30;41,86
11.09.2025 05:45;53,04
11.09.2025 06:00;63,82
11.09.2025 06:15;60,72
11.09.2025 06:30;68,52
11.09.2025 06:45;66,34
11.09.2025 07:00;71,88
11.09.2025 07:15;69,44
11.09.2025 07:30;66,92
11.09.2025 07:45;66,34
11.09.2025 08:00;62,88
11.09.2025 08:15;69,04
11.09.2025 08:30;55,68
11.09.2025 08:45;48,28
11.09.2025 09:00;43,76
11.09.2025 09:15;49,76
11.09.2025 09:30;56,22
11.09.2025 09:45;39,04
11.09.2025 10:00;50,94
11.09.2025 10:15;68,72
11.09.2025 10:30;86,96
11.09.2025 10:45;77,44
11.09.2025 11:00;55,22
11.09.2025 11:15;74,46
11.09.2025 11:30;86,38
11.09.2025 11:45;74,14
11.09.2025 12:00;37,54
11.09.2025 12:15;39,74
11.09.2025 12:30;36,52
11.09.2025 12:45;6,24
11.09.2025 13:00;23,24
11.09.2025 13:15;9,74
11.09.2025 13:30;17,78
11.09.2025 13:45;24,44
11.09.2025 14:00;39,02
11.09.2025 14:15;5,74
11.09.2025 14:30;5,78
11.09.2025 14:45;38,78
11.09.2025 15:00;23,32
11.09.2025 15:15;31,58
11.09.2025 15:30;9,26
11.09.2025 15:45;15,24
11.09.2025 16:00;9,36
11.09.2025 16:15;12,94
11.09.2025 16:30;19,78
11.09.2025 16:45;14,62
11.09.2025 17:00;13,6
11.09.2025 17:15;27,34
11.09.2025 17:30;33,94
11.09.2025 17:45;27,76
11.09.2025 18:00;32,24
11.09.2025 18:15;41,74
11.09.2025 18:30;45,74
11.09.2025 18:45;50,88
11.09.2025 19:00;52,5
11.09.2025 19:15;52,64
11.09.2025 19:30;50,06
11.09.2025 19:45;52,12
11.09.2025 20:00;45,84
11.09.2025 20:15;46,3
11.09.2025 20:30;53,32
11.09.2025 20:45;42,52
11.09.2025 21:00;40,88
11.09.2025 21:15;43,66
11.09.2025 21:30;43,04
11.09.2025 21:45;44,24
11.09.2025 22:00;47,64
11.09.2025 22:15;41,14
11.09.2025 22:30;38,5
11.09.2025 22:45;36,36
11.09.2025 23:00;22,92
11.09.2025 23:15;17,46
11.09.2025 23:30;11,3
11.09.2025 23:45;11,56
12.09.2025 00:00;10,98
12.09.2025 00:15;12,28
12.09.2025 00:30;12,04
12.09.2025 00:45;10,58
12.09.2025 01:00;9,96
12.09.2025 01:15;10
12.09.2025 01:30;10,14
12.09.2025 01:45;12,88
12.09.2025 02:00;10,74
12.09.2025 02:15;9,4
12.09.2025 02:30;10,58
12.09.2025 02:45;9,82
12.09.2025 03:00;12,54
12.09.2025 03:15;10,84
12.09.2025 03:30;9,66
12.09.2025 03:45;10,06
12.09.2025 04:00;8,92
12.09.2025 04:15;11,04
12.09.2025 04:30;11,74
12.09.2025 04:45;13,42
12.09.2025 05:00;14,44
12.09.2025 05:15;15,4
12.09.2025 05:30;40,94
12.09.2025 05:45;55,96
12.09.2025 06:00;54,6
12.09.2025 06:15;55,1
12.09.2025 06:30;72,3
12.09.2025 06:45;68,88
12.09.2025 07:00;59,08
12.09.2025 07:15;65,38
12.09.2025 07:30;59,2
12.09.2025 07:45;46,76
12.09.2025 08:00;54,1
12.09.2025 08:15;55,76
12.09.2025 08:30;56,6
12.09.2025 08:45;45,86
12.09.2025 09:00;29,76
12.09.2025 09:15;46,16
12.09.2025 09:30;48,24
12.09.2025 09:45;55,48
12.09.2025 10:00;53,18
12.09.2025 10:15;59,54
12.09.2025 10:30;55,88
12.09.2025 10:45;54,04
12.09.2025 11:00;50,12
12.09.2025 11:15;39,08
12.09.2025 11:30;30,22
12.09.2025 11:45;20,32
12.09.2025 12:00;7,42
12.09.2025 12:15;26,32
12.09.2025 12:30;32,4
12.09.2025 12:45;28,76
12.09.2025 13:00;27,4
12.09.2025 13:15;24,4
12.09.2025 13:30;24,12
12.09.2025 13:45;10,36
12.09.2025 14:00;5,32
12.09.2025 14:15;14,88
12.09.2025 14:30;18,74
12.09.2025 14:45;24,14
12.09.2025 15:00;9,12
12.09.2025 15:15;12,48
12.09.2025 15:30;13,16
12.09.2025 15:45;39,48
12.09.2025 16:00;37,74
12.09.2025 16:15;12,68
12.09.2025 16:30;32,88
12.09.2025 16:45;29,3
12.09.2025 17:00;14,62
12.09.2025 17:15;17,94
12.09.2025 17:30;30,32
12.09.2025 17:45;43,58
12.09.2025 18:00;48,22
12.09.2025 18:15;53,22
12.09.2025 18:30;51,06
12.09.2025 18:45;51,14
12.09.2025 19:00;55,56
12.09.2025 19:15;57,5
12.09.2025 19:30;33,68
12.09.2025 19:45;21,1
12.09.2025 20:00;16,4
12.09.2025 20:15;12,04
12.09.2025 20:30;10,02
12.09.2025 20:45;13,06
12.09.2025 21:00;9,08
12.09.2025 21:15;8,52
12.09.2025 21:30;9,02
12.09.2025 21:45;8,8
12.09.2025 22:00;8,44
12.09.2025 22:15;8,6
12.09.2025 22:30;8,6
12.09.2025 22:45;10,42
12.09.2025 23:00;7,74
12.09.2025 23:15;7,56
12.09.2025 23:30;7,46
12.09.2025 23:45;7,32
13.09.2025 00:00;6,6
13.09.2025 00:15;6,34
13.09.2025 00:30;10,36
13.09.2025 00:45;6,66
13.09.2025 01:00;5,94
13.09.2025 01:15;5,78
13.09.2025 01:30;5,22
13.09.2025 01:45;5,16
13.09.2025 02:00;4,66
13.09.2025 02:15;4,74
13.09.2025 02:30;7,86
13.09.2025 02:45;4,26
13.09.2025 03:00;3,56
13.09.2025 03:15;3,8
13.09.2025 03:30;4,28
13.09.2025 03:45;4,16
13.09.2025 04:00;4,12
13.09.2025 04:15;4,38
13.09.2025 04:30;7,64
13.09.2025 04:45;4,54
13.09.2025 05:00;4,78
13.09.2025 05:15;4,88
13.09.2025 05:30;4,82
13.09.2025 05:45;4,66
13.09.2025 06:00;4,6
13.09.2025 06:15;4,8
13.09.2025 06:30;7
13.09.2025 06:45;4,28
13.09.2025 07:00;4,36
13.09.2025 07:15;3,16
13.09.2025 07:30;0,58
13.09.2025 07:45;0,52
13.09.2025 08:00;0,6
13.09.2025 08:15;0,34
13.09.2025 08:30;0,46
13.09.2025 08:45;0,12
13.09.2025 09:00;0,14
13.09.2025 09:15;0,52
13.09.2025 09:30;0
13.09.2025 09:45;0
13.09.2025 10:00;0
13.09.2025 10:15;0
13.09.2025 10:30;0
13.09.2025 10:45;0
13.09.2025 11:00;0
13.09.2025 11:15;0
13.09.2025 11:30;0
13.09.2025 11:45;0
13.09.2025 12:00;0
13.09.2025 12:15;0
13.09.2025 12:30;0
13.09.2025 12:45;0
13.09.2025 13:00;0
13.09.2025 13:15;0
13.09.2025 13:30;0
13.09.2025 13:45;0
13.09.2025 14:00;0
13.09.2025 14:15;0
13.09.2025 14:30;0
13.09.2025 14:45;0
13.09.2025 15:00;0
13.09.2025 15:15;0
13.09.2025 15:30;0
13.09.2025 15:45;0
13.09.2025 16:00;0
13.09.2025 16:15;0
13.09.2025 16:30;0
13.09.2025 16:45;0
13.09.2025 17:00;0
13.09.2025 17:15;0
13.09.2025 17:30;0
13.09.2025 17:45;0
13.09.2025 18:00;0
13.09.2025 18:15;0,36
13.09.2025 18:30;0,8
13.09.2025 18:45;6,04
13.09.2025 19:00;3,36
13.09.2025 19:15;4,54
13.09.2025 19:30;5,34
13.09.2025 19:45;5,78
13.09.2025 20:00;5,74
13.09.2025 20:15;5,76
13.09.2025 20:30;7,18
13.09.2025 20:45;4,98
13.09.2025 21:00;5,02
13.09.2025 21:15;5,06
13.09.2025 21:30;4,78
13.09.2025 21:45;4,64
13.09.2025 22:00;3,86
13.09.2025 22:15;7,2
13.09.2025 22:30;4,96
13.09.2025 22:45;4,76
13.09.2025 23:00;4,38
13.09.2025 23:15;4,5
13.09.2025 23:30;5,1
13.09.2025 23:45;4,92
14.09.2025 00:00;4,46
14.09.2025 00:15;7,06
14.09.2025 00:30;4,26
14.09.2025 00:45;4,32
14.09.2025 01:00;3,88
14.09.2025 01:15;4,22
14.09.2025 01:30;4,32
14.09.2025 01:45;4,44
14.09.2025 02:00;5,16
14.09.2025 02:15;6,46
14.09.2025 02:30;3,68
14.09.2025 02:45;4,18
14.09.2025 03:00;4,4
14.09.2025 03:15;4,42
14.09.2025 03:30;4,42
14.09.2025 03:45;4,4
14.09.2025 04:00;6,66
14.09.2025 04:15;4,14
14.09.2025 04:30;4,26
14.09.2025 04:45;4,26
14.09.2025 05:00;4,28
14.09.2025 05:15;4,38
14.09.2025 05:30;3,62
14.09.2025 05:45;4,38
14.09.2025 06:00;7,54
14.09.2025 06:15;4,28
14.09.2025 06:30;4,22
14.09.2025 06:45;3,86
14.09.2025 07:00;3,32
14.09.2025 07:15;3,78
14.09.2025 07:30;3,66
14.09.2025 07:45;2,48
14.09.2025 08:00;6,16
14.09.2025 08:15;2,3
14.09.2025 08:30;1,84
14.09.2025 08:45;1,38
14.09.2025 09:00;0
14.09.2025 09:15;0
14.09.2025 09:30;0
14.09.2025 09:45;0,1
14.09.2025 10:00;0,26
14.09.2025 10:15;0
14.09.2025 10:30;0
14.09.2025 10:45;0,06
14.09.2025 11:00;0,98
14.09.2025 11:15;0
14.09.2025 11:30;0,78
14.09.2025 11:45;0,32
14.09.2025 12:00;0
14.09.2025 12:15;0
14.09.2025 12:30;0
14.09.2025 12:45;0
14.09.2025 13:00;0
14.09.2025 13:15;0
14.09.2025 13:30;0
14.09.2025 13:45;0
14.09.2025 14:00;0
14.09.2025 14:15;0
14.09.2025 14:30;0
14.09.2025 14:45;0
14.09.2025 15:00;0
14.09.2025 15:15;0
14.09.2025 15:30;0
14.09.2025 15:45;0
14.09.2025 16:00;0
14.09.2025 16:15;0
14.09.2025 16:30;0
14.09.2025 16:45;0,04
14.09.2025 17:00;0
14.09.2025 17:15;0
14.09.2025 17:30;0
14.09.2025 17:45;0
14.09.2025 18:00;0
14.09.2025 18:15;0,98
14.09.2025 18:30;2,64
14.09.2025 18:45;1,76
14.09.2025 19:00;3,28
14.09.2025 19:15;4,56
14.09.2025 19:30;4,26
14.09.2025 19:45;4,5
14.09.2025 20:00;5,22
14.09.2025 20:15;7,46
14.09.2025 20:30;4,3
14.09.2025 20:45;4,66
14.09.2025 21:00;4,86
14.09.2025 21:15;4,86
14.09.2025 21:30;4,76
14.09.2025 21:45;4,24
14.09.2025 22:00;5,16
14.09.2025 22:15;6,14
14.09.2025 22:30;4,4
14.09.2025 22:45;4,26
14.09.2025 23:00;4,3
14.09.2025 23:15;3,68
14.09.2025 23:30;3,96
14.09.2025 23:45;5,02
15.09.2025 00:00;7,08
15.09.2025 00:15;4,4
15.09.2025 00:30;4,36
15.09.2025 00:45;3,82
15.09.2025 01:00;4,06
15.09.2025 01:15;4,42
15.09.2025 01:30;4,38
15.09.2025 01:45;5,24
15.09.2025 02:00;6,56
15.09.2025 02:15;3,62
15.09.2025 02:30;4,06
15.09.2025 02:45;4,44
15.09.2025 03:00;4,56
15.09.2025 03:15;4,42
15.09.2025 03:30;4,42
15.09.2025 03:45;4,06
15.09.2025 04:00;7,2
15.09.2025 04:15;4,4
15.09.2025 04:30;4,48
15.09.2025 04:45;4,5
15.09.2025 05:00;4,88
15.09.2025 05:15;7,84
15.09.2025 05:30;18,86
15.09.2025 05:45;35,12
15.09.2025 06:00;57,72
15.09.2025 06:15;69,66
15.09.2025 06:30;68,02
15.09.2025 06:45;66,9
15.09.2025 07:00;76,44
15.09.2025 07:15;57,92
15.09.2025 07:30;65,54
15.09.2025 07:45;49,14
15.09.2025 08:00;36,62
15.09.2025 08:15;39,3
15.09.2025 08:30;43,08
15.09.2025 08:45;36,4
15.09.2025 09:00;20,82
15.09.2025 09:15;19,42
15.09.2025 09:30;12,28
15.09.2025 09:45;10,14
15.09.2025 10:00;10,46
15.09.2025 10:15;5,86
15.09.2025 10:30;9,2
15.09.2025 10:45;10,02
15.09.2025 11:00;19,8
15.09.2025 11:15;32,9
15.09.2025 11:30;32,22
15.09.2025 11:45;30,64
15.09.2025 12:00;18,8
15.09.2025 12:15;5,52
15.09.2025 12:30;20,1
15.09.2025 12:45;25,14
15.09.2025 13:00;15,66
15.09.2025 13:15;6,32
15.09.2025 13:30;4,42
15.09.2025 13:45;3,32
15.09.2025 14:00;7,82
15.09.2025 14:15;12,34
15.09.2025 14:30;4,6
15.09.2025 14:45;0,16
15.09.2025 15:00;8,92
15.09.2025 15:15;34,82
15.09.2025 15:30;47,62
15.09.2025 15:45;51,32
15.09.2025 16:00;30,28
15.09.2025 16:15;29,84
15.09.2025 16:30;51,1
15.09.2025 16:45;79,64
15.09.2025 17:00;55,58
15.09.2025 17:15;67,98
15.09.2025 17:30;90,58
15.09.2025 17:45;79,56
15.09.2025 18:00;94,26
15.09.2025 18:15;110,16
15.09.2025 18:30;113,7
15.09.2025 18:45;118,48
15.09.2025 19:00;115,26
15.09.2025 19:15;112,52
15.09.2025 19:30;103,7
15.09.2025 19:45;118,18
15.09.2025 20:00;84,04
15.09.2025 20:15;97,56
15.09.2025 20:30;99,9
15.09.2025 20:45;113
15.09.2025 21:00;107,66
15.09.2025 21:15;109,16
15.09.2025 21:30;109,42
15.09.2025 21:45;112,06
15.09.2025 22:00;115,98
15.09.2025 22:15;102,12
15.09.2025 22:30;105,86
15.09.2025 22:45;111,62
15.09.2025 23:00;79,14
15.09.2025 23:15;60,02
15.09.2025 23:30;56,12
15.09.2025 23:45;46,52
16.09.2025 00:00;41,58
16.09.2025 00:15;40,46
16.09.2025 00:30;41,1
16.09.2025 00:45;36,5
16.09.2025 01:00;35,28
16.09.2025 01:15;30,82
16.09.2025 01:30;27,22
16.09.2025 01:45;32,04
16.09.2025 02:00;25,68
16.09.2025 02:15;23,94
16.09.2025 02:30;15,1
16.09.2025 02:45;10,94
16.09.2025 03:00;11,2
16.09.2025 03:15;10,76
16.09.2025 03:30;10,64
16.09.2025 03:45;12,58
16.09.2025 04:00;10,3
16.09.2025 04:15;9,36
16.09.2025 04:30;7,6
16.09.2025 04:45;8,36
16.09.2025 05:00;13,42
16.09.2025 05:15;13,22
16.09.2025 05:30;29,88
16.09.2025 05:45;43,6
16.09.2025 06:00;45,6
16.09.2025 06:15;60,62
16.09.2025 06:30;62,04
16.09.2025 06:45;56,24
16.09.2025 07:00;69,66
16.09.2025 07:15;85,14
16.09.2025 07:30;78,3
16.09.2025 07:45;64,6
16.09.2025 08:00;64,7
16.09.2025 08:15;60,86
16.09.2025 08:30;63,74
16.09.2025 08:45;63,12
16.09.2025 09:00;27,24
16.09.2025 09:15;24,06
16.09.2025 09:30;46,52
16.09.2025 09:45;37,44
16.09.2025 10:00;28,4
16.09.2025 10:15;31,22
16.09.2025 10:30;33,72
16.09.2025 10:45;45,32
16.09.2025 11:00;2,08
16.09.2025 11:15;37,94
16.09.2025 11:30;16,36
16.09.2025 11:45;30,1
16.09.2025 12:00;2,92
16.09.2025 12:15;3,7
16.09.2025 12:30;28,4
16.09.2025 12:45;41,18
16.09.2025 13:00;18,7
16.09.2025 13:15;35,38
16.09.2025 13:30;37
16.09.2025 13:45;29,7
16.09.2025 14:00;59,32
16.09.2025 14:15;64,92
16.09.2025 14:30;63,88
16.09.2025 14:45;78,32
16.09.2025 15:00;60,14
16.09.2025 15:15;62,16
16.09.2025 15:30;41,6
16.09.2025 15:45;45,18
16.09.2025 16:00;47,74
16.09.2025 16:15;75,54
16.09.2025 16:30;80,88
16.09.2025 16:45;78,54
16.09.2025 17:00;55,18
16.09.2025 17:15;68,68
16.09.2025 17:30;80,64
16.09.2025 17:45;89,42
16.09.2025 18:00;88,74
16.09.2025 18:15;88,5
16.09.2025 18:30;95,7
16.09.2025 18:45;94,18
16.09.2025 19:00;86,96
16.09.2025 19:15;96,02
16.09.2025 19:30;101,16
16.09.2025 19:45;95,9
16.09.2025 20:00;80,44
16.09.2025 20:15;98,84
16.09.2025 20:30;87,46
16.09.2025 20:45;99,22
16.09.2025 21:00;82,38
16.09.2025 21:15;83,88
16.09.2025 21:30;98,64
16.09.2025 21:45;110,82
16.09.2025 22:00;107,54
16.09.2025 22:15;104,08
16.09.2025 22:30;107,22
16.09.2025 22:45;83,82
16.09.2025 23:00;47,2
16.09.2025 23:15;46,14
16.09.2025 23:30;37,22
16.09.2025 23:45;29,42
17.09.2025 00:00;22,88
17.09.2025 00:15;24,72
17.09.2025 00:30;28,34
17.09.2025 00:45;21,3
17.09.2025 01:00;20,08
17.09.2025 01:15;12,72
17.09.2025 01:30;8,58
17.09.2025 01:45;9,64
17.09.2025 02:00;8,26
17.09.2025 02:15;9,16
17.09.2025 02:30;9,14
17.09.2025 02:45;8,66
17.09.2025 03:00;9,6
17.09.2025 03:15;10,46
17.09.2025 03:30;8,22
17.09.2025 03:45;7,8
17.09.2025 04:00;7,56
17.09.2025 04:15;8,18
17.09.2025 04:30;7,58
17.09.2025 04:45;7,54
17.09.2025 05:00;8,34
17.09.2025 05:15;11,6
17.09.2025 05:30;32,46
17.09.2025 05:45;59,24
17.09.2025 06:00;55,88
17.09.2025 06:15;64,66
17.09.2025 06:30;56,86
17.09.2025 06:45;68,22
17.09.2025 07:00;66,3
17.09.2025 07:15;60,56
17.09.2025 07:30;71,2
17.09.2025 07:45;73,3
17.09.2025 08:00;74,28
17.09.2025 08:15;85,06
17.09.2025 08:30;75,02
17.09.2025 08:45;50,54
17.09.2025 09:00;62,68
17.09.2025 09:15;57,46
17.09.2025 09:30;58,82
17.09.2025 09:45;52,64
17.09.2025 10:00;53,36
17.09.2025 10:15;44,6
17.09.2025 10:30;46,1
17.09.2025 10:45;61,84
17.09.2025 11:00;44,8
17.09.2025 11:15;71,06
17.09.2025 11:30;74,6
17.09.2025 11:45;47,8
17.09.2025 12:00;50,36
17.09.2025 12:15;36
17.09.2025 12:30;68,34
17.09.2025 12:45;36,86
17.09.2025 13:00;51,68
17.09.2025 13:15;63,54
17.09.2025 13:30;77,4
17.09.2025 13:45;66,9
17.09.2025 14:00;85,14
17.09.2025 14:15;65,94
17.09.2025 14:30;81,48
17.09.2025 14:45;89,08
17.09.2025 15:00;71,62
17.09.2025 15:15;73,88
17.09.2025 15:30;71,94
17.09.2025 15:45;81,28
17.09.2025 16:00;66,4
17.09.2025 16:15;78,1
17.09.2025 16:30;83,16
17.09.2025 16:45;68,92
17.09.2025 17:00;57,82
17.09.2025 17:15;74,48
17.09.2025 17:30;80,04
17.09.2025 17:45;84,64
17.09.2025 18:00;82,16
17.09.2025 18:15;97,46
17.09.2025 18:30;89,46
17.09.2025 18:45;102,2
17.09.2025 19:00;103,12
17.09.2025 19:15;97,56
17.09.2025 19:30;101,7
17.09.2025 19:45;86,1
17.09.2025 20:00;58,14
17.09.2025 20:15;79,62
17.09.2025 20:30;103,56
17.09.2025 20:45;99,58
17.09.2025 21:00;92,08
17.09.2025 21:15;102,94
17.09.2025 21:30;101,86
17.09.2025 21:45;106,66
17.09.2025 22:00;100,32
17.09.2025 22:15;85,68
17.09.2025 22:30;83,36
17.09.2025 22:45;81,54
17.09.2025 23:00;72,46
17.09.2025 23:15;61,74
17.09.2025 23:30;51,04
17.09.2025 23:45;49
18.09.2025 00:00;45,86
18.09.2025 00:15;46,38
18.09.2025 00:30;41,04
18.09.2025 00:45;44,88
18.09.2025 01:00;39,86
18.09.2025 01:15;20,18
18.09.2025 01:30;14,54
18.09.2025 01:45;13,74
18.09.2025 02:00;14,36
18.09.2025 02:15;13,14
18.09.2025 02:30;13,88
18.09.2025 02:45;15
18.09.2025 03:00;11,88
18.09.2025 03:15;12,72
18.09.2025 03:30;11,38
18.09.2025 03:45;10,94
18.09.2025 04:00;9,56
18.09.2025 04:15;7,32
18.09.2025 04:30;7,86
18.09.2025 04:45;10,08
18.09.2025 05:00;7,62
18.09.2025 05:15;12,28
18.09.2025 05:30;21,72
18.09.2025 05:45;42,24
18.09.2025 06:00;54,14
18.09.2025 06:15;63,74
18.09.2025 06:30;81,06
18.09.2025 06:45;82,44
18.09.2025 07:00;83,26
18.09.2025 07:15;88,36
18.09.2025 07:30;89,78
18.09.2025 07:45;73,82
18.09.2025 08:00;74,46
18.09.2025 08:15;85,9
18.09.2025 08:30;65,38
18.09.2025 08:45;58,7
18.09.2025 09:00;39,88
18.09.2025 09:15;49,04
18.09.2025 09:30;47,98
18.09.2025 09:45;46,74
18.09.2025 10:00;47,62
18.09.2025 10:15;44,44
18.09.2025 10:30;25,08
18.09.2025 10:45;17,02
18.09.2025 11:15;9,38
18.09.2025 11:30;19,62
18.09.2025 11:45;23,34
18.09.2025 12:00;22,14
18.09.2025 12:15;26,7
18.09.2025 12:30;18,02
18.09.2025 12:45;10,94
18.09.2025 13:00;7,56
18.09.2025 13:15;9,76
18.09.2025 13:30;23,36
18.09.2025 13:45;30,16
18.09.2025 14:00;35,74
18.09.2025 14:15;26,78
18.09.2025 14:30;30,12
18.09.2025 14:45;33,78
18.09.2025 15:00;54,38
18.09.2025 15:15;67,18
18.09.2025 15:30;65,64
18.09.2025 15:45;63,18
18.09.2025 16:00;77,62
18.09.2025 16:15;82,84
18.09.2025 16:30;79,42
18.09.2025 16:45;89,82
18.09.2025 17:00;51,28
18.09.2025 17:15;79,66
18.09.2025 17:30;95,42
18.09.2025 17:45;95,78
18.09.2025 18:00;99,4
18.09.2025 18:15;106,04
18.09.2025 18:30;108,14
18.09.2025 18:45;106,12
18.09.2025 19:00;97,16
18.09.2025 19:15;94,34
18.09.2025 19:30;115,62
18.09.2025 19:45;106,16
18.09.2025 20:00;69,5
18.09.2025 20:15;72,84
18.09.2025 20:30;99,92
18.09.2025 20:45;108,52
18.09.2025 21:00;106,3
18.09.2025 21:15;96,9
18.09.2025 21:30;105,54
18.09.2025 21:45;103,28
18.09.2025 22:00;100,92
18.09.2025 22:15;102,58
18.09.2025 22:30;96,74
18.09.2025 22:45;95,44
18.09.2025 23:00;51,66
18.09.2025 23:15;22,18
18.09.2025 23:30;11,24
18.09.2025 23:45;8,84
19.09.2025 00:00;9,04
19.09.2025 00:15;8,72
19.09.2025 00:30;8,7
19.09.2025 00:45;9,04
19.09.2025 01:00;9,8
19.09.2025 01:15;9,1
19.09.2025 01:30;8,44
19.09.2025 01:45;8,22
19.09.2025 02:00;8,12
19.09.2025 02:15;8,38
19.09.2025 02:30;7,98
19.09.2025 02:45;7,8
19.09.2025 03:00;7,42
19.09.2025 03:15;9,58
19.09.2025 03:30;8
19.09.2025 03:45;6,96
19.09.2025 04:00;6,94
19.09.2025 04:15;7,1
19.09.2025 04:30;6,76
19.09.2025 04:45;6,84
19.09.2025 05:00;8,38
19.09.2025 05:15;13,6
19.09.2025 05:30;32,5
19.09.2025 05:45;48,58
19.09.2025 06:00;50,76
19.09.2025 06:15;58,42
19.09.2025 06:30;71,48
19.09.2025 06:45;76,96
19.09.2025 07:00;78,74
19.09.2025 07:15;82,66
19.09.2025 07:30;87,84
19.09.2025 07:45;79,26
19.09.2025 08:00;69,74
19.09.2025 08:15;58,96
19.09.2025 08:30;48,06
19.09.2025 08:45;38,12
19.09.2025 09:00;21,14
19.09.2025 09:15;24,26
19.09.2025 09:30;34,74
19.09.2025 09:45;44,48
19.09.2025 10:00;38,8
19.09.2025 10:15;31,14
19.09.2025 10:30;41,08
19.09.2025 10:45;39,62
19.09.2025 11:00;38,12
19.09.2025 11:15;22,08
19.09.2025 11:30;30,28
19.09.2025 11:45;35,56
19.09.2025 12:00;21,22
19.09.2025 12:15;9,44
19.09.2025 12:30;10,74
19.09.2025 12:45;11,96
19.09.2025 13:00;18,04
19.09.2025 13:15;25,84
19.09.2025 13:30;29,2
19.09.2025 13:45;28,92
19.09.2025 14:00;30,88
19.09.2025 14:15;25,84
19.09.2025 14:30;32,88
19.09.2025 14:45;38,22
19.09.2025 15:00;39,52
19.09.2025 15:15;25,62
19.09.2025 15:30;36
19.09.2025 15:45;58,46
19.09.2025 16:00;62,42
19.09.2025 16:15;56,98
19.09.2025 16:30;68,66
19.09.2025 16:45;76,52
19.09.2025 17:00;55,72
19.09.2025 17:15;66,56
19.09.2025 17:30;81,7
19.09.2025 17:45;70,04
19.09.2025 18:00;89,12
19.09.2025 18:15;98,42
19.09.2025 18:30;94,3
19.09.2025 18:45;88,68
19.09.2025 19:00;86,2
19.09.2025 19:15;83,7
19.09.2025 19:30;85,28
19.09.2025 19:45;67,22
19.09.2025 20:00;47,96
19.09.2025 20:15;35,38
19.09.2025 20:30;31,9
19.09.2025 20:45;19,18
19.09.2025 21:00;13,6
19.09.2025 21:15;16,38
19.09.2025 21:30;13,44
19.09.2025 21:45;12,64
19.09.2025 22:00;12,68
19.09.2025 22:15;12,7
19.09.2025 22:30;11,6
19.09.2025 22:45;13,4
19.09.2025 23:00;13,78
19.09.2025 23:15;10,16
19.09.2025 23:30;10,44
19.09.2025 23:45;10,04
20.09.2025 00:00;8,92
20.09.2025 00:15;8,64
20.09.2025 00:30;8,56
20.09.2025 00:45;8,92
20.09.2025 01:00;9,5
20.09.2025 01:15;7,2
20.09.2025 01:30;6,4
20.09.2025 01:45;5,86
20.09.2025 02:00;4,64
20.09.2025 02:15;3,92
20.09.2025 02:30;4,7
20.09.2025 02:45;4,56
20.09.2025 03:00;3,96
20.09.2025 03:15;4,68
20.09.2025 03:30;4,48
20.09.2025 03:45;6,2
20.09.2025 04:00;4,76
20.09.2025 04:15;4,04
20.09.2025 04:30;3,7
20.09.2025 04:45;4,28
20.09.2025 05:00;4,1
20.09.2025 05:15;5,6
20.09.2025 05:30;7,8
20.09.2025 05:45;8,32
20.09.2025 06:00;9,7
20.09.2025 06:15;21,54
20.09.2025 06:30;24,74
20.09.2025 06:45;28
20.09.2025 07:00;22,54
20.09.2025 07:15;22,58
20.09.2025 07:30;23,58
20.09.2025 07:45;18,8
20.09.2025 08:00;22,54
20.09.2025 08:15;19,1
20.09.2025 08:30;14,62
20.09.2025 08:45;7,06
20.09.2025 09:00;9,12
20.09.2025 09:15;6,76
20.09.2025 09:30;14,22
20.09.2025 09:45;3,68
20.09.2025 10:00;0
20.09.2025 10:15;0,36
20.09.2025 10:30;0
20.09.2025 10:45;0
20.09.2025 11:00;0
20.09.2025 11:15;0
20.09.2025 11:30;0
20.09.2025 11:45;0
20.09.2025 12:00;0
20.09.2025 12:15;0
20.09.2025 12:30;0
20.09.2025 12:45;0
20.09.2025 13:00;0
20.09.2025 13:15;0
20.09.2025 13:30;0
20.09.2025 13:45;0
20.09.2025 14:00;0
20.09.2025 14:15;0
20.09.2025 14:30;0
20.09.2025 14:45;0
20.09.2025 15:00;0
20.09.2025 15:15;0
20.09.2025 15:30;0
20.09.2025 15:45;0
20.09.2025 16:00;0
20.09.2025 16:15;0
20.09.2025 16:30;0
20.09.2025 16:45;0
20.09.2025 17:00;0
20.09.2025 17:15;0
20.09.2025 17:30;0
20.09.2025 17:45;0
20.09.2025 18:00;0,58
20.09.2025 18:15;5,06
20.09.2025 18:30;6,48
20.09.2025 18:45;5,48
20.09.2025 19:00;4,78
20.09.2025 19:15;4,9
20.09.2025 19:30;4,36
20.09.2025 19:45;5,2
20.09.2025 20:00;5,36
20.09.2025 20:15;6,88
20.09.2025 20:30;4,66
20.09.2025 20:45;4,76
20.09.2025 21:00;3,86
20.09.2025 21:15;4,74
20.09.2025 21:30;5,26
20.09.2025 21:45;4,84
20.09.2025 22:00;4,94
20.09.2025 22:15;5,52
20.09.2025 22:30;5,22
20.09.2025 22:45;4,4
20.09.2025 23:00;4,58
20.09.2025 23:15;4,18
20.09.2025 23:30;5,16
20.09.2025 23:45;4,76
21.09.2025 00:00;3,9
21.09.2025 00:15;5,6
21.09.2025 00:30;6,74
21.09.2025 00:45;3,96
21.09.2025 01:00;4,68
21.09.2025 01:15;4,32
21.09.2025 01:30;4,46
21.09.2025 01:45;4,76
21.09.2025 02:00;6,26
21.09.2025 02:15;6,22
21.09.2025 02:30;8,1
21.09.2025 02:45;3,92
21.09.2025 03:00;4,6
21.09.2025 03:15;4,66
21.09.2025 03:30;3,86
21.09.2025 03:45;4,66
21.09.2025 04:00;4,74
21.09.2025 04:15;3,8
21.09.2025 04:30;4,84
21.09.2025 04:45;7,48
21.09.2025 05:00;4,42
21.09.2025 05:15;4,58
21.09.2025 05:30;4,7
21.09.2025 05:45;3,72
21.09.2025 06:00;4,7
21.09.2025 06:15;4,7
21.09.2025 06:30;3,7
21.09.2025 06:45;4,42
21.09.2025 07:00;4,84
21.09.2025 07:15;3,3
21.09.2025 07:30;0,34
21.09.2025 07:45;0,22
21.09.2025 08:00;0
21.09.2025 08:15;0
21.09.2025 08:30;0,1
21.09.2025 08:45;0,04
21.09.2025 09:00;4,14
21.09.2025 09:15;4,84
21.09.2025 09:30;7,48
21.09.2025 09:45;4,54
21.09.2025 10:00;3,44
21.09.2025 10:15;3,66
21.09.2025 10:30;4,1
21.09.2025 10:45;3,26
21.09.2025 11:00;3,88
21.09.2025 11:15;4,04
21.09.2025 11:30;3,26
21.09.2025 11:45;5,74
21.09.2025 12:00;9,2
21.09.2025 12:15;6,38
21.09.2025 12:30;7,22
21.09.2025 12:45;7,2
21.09.2025 13:00;6,34
21.09.2025 13:15;7,36
21.09.2025 13:30;6,6
21.09.2025 13:45;3,22
21.09.2025 14:00;4,12
21.09.2025 14:15;4,08
21.09.2025 14:30;3,34
21.09.2025 14:45;4,18
21.09.2025 15:00;7,52
21.09.2025 15:15;3,42
21.09.2025 15:30;4,06
21.09.2025 15:45;3,8
21.09.2025 16:00;3,62
21.09.2025 16:15;4,3
21.09.2025 16:30;7,34
21.09.2025 16:45;3,9
21.09.2025 17:00;4,14
21.09.2025 17:15;3,2
21.09.2025 17:30;4
21.09.2025 17:45;0
21.09.2025 18:00;3,52
21.09.2025 18:15;5,32
21.09.2025 18:30;4,06
21.09.2025 18:45;3,66
21.09.2025 19:00;5,16
21.09.2025 19:15;5,26
21.09.2025 19:30;5,6
21.09.2025 19:45;6,94
21.09.2025 20:00;5,5
21.09.2025 20:15;4,2
21.09.2025 20:30;5,2
21.09.2025 20:45;5,18
21.09.2025 21:00;4,26
21.09.2025 21:15;5,08
21.09.2025 21:30;8,34
21.09.2025 21:45;4,82
21.09.2025 22:00;4,88
21.09.2025 22:15;4,66
21.09.2025 22:30;4
21.09.2025 22:45;4,76
21.09.2025 23:00;4,44
21.09.2025 23:15;4,04
21.09.2025 23:30;4,82
21.09.2025 23:45;4,2
22.09.2025 00:00;7,22
22.09.2025 00:15;4,7
22.09.2025 00:30;3,58
22.09.2025 00:45;4,06
22.09.2025 01:00;4,3
22.09.2025 01:15;3,46
22.09.2025 01:30;4,12
22.09.2025 01:45;4,44
22.09.2025 02:00;4,24
22.09.2025 02:15;6,48
22.09.2025 02:30;5,48
22.09.2025 02:45;5,4
22.09.2025 03:00;5,1
22.09.2025 03:15;4,24
22.09.2025 03:30;3,24
22.09.2025 03:45;4,1
22.09.2025 04:00;4,14
22.09.2025 04:15;6,78
22.09.2025 04:30;5,22
22.09.2025 04:45;8,82
22.09.2025 05:00;8,76
22.09.2025 05:15;11,28
22.09.2025 05:30;37,94
22.09.2025 05:45;62,4
22.09.2025 06:00;58,12
22.09.2025 06:15;70,64
22.09.2025 06:30;84,92
22.09.2025 06:45;92,88
22.09.2025 07:00;76,72
22.09.2025 07:15;85,06
22.09.2025 07:30;91,9
22.09.2025 07:45;101,3
22.09.2025 08:00;89,62
22.09.2025 08:15;100,24
22.09.2025 08:30;96,06
22.09.2025 08:45;88,24
22.09.2025 09:00;69,84
22.09.2025 09:15;78,78
22.09.2025 09:30;73,5
22.09.2025 09:45;74,46
22.09.2025 10:00;83,68
22.09.2025 10:15;84,9
22.09.2025 10:30;72,32
22.09.2025 10:45;79,5
22.09.2025 11:00;80,36
22.09.2025 11:15;81,5
22.09.2025 11:30;80,96
22.09.2025 11:45;94,84
22.09.2025 12:00;77
22.09.2025 12:15;86,04
22.09.2025 12:30;93,62
22.09.2025 12:45;86,36
22.09.2025 13:00;91,22
22.09.2025 13:15;87,74
22.09.2025 13:30;83,64
22.09.2025 13:45;86,42
22.09.2025 14:00;83,86
22.09.2025 14:15;91,1
22.09.2025 14:30;88,48
22.09.2025 14:45;75,9
22.09.2025 15:00;84,98
22.09.2025 15:15;83,62
22.09.2025 15:30;66,02
22.09.2025 15:45;75,88
22.09.2025 16:00;89,94
22.09.2025 16:15;93,98
22.09.2025 16:30;76,44
22.09.2025 16:45;84,58
22.09.2025 17:00;87,54
22.09.2025 17:15;82,74
22.09.2025 17:30;72,54
22.09.2025 17:45;67,76
22.09.2025 18:00;67,26
22.09.2025 18:15;69,54
22.09.2025 18:30;84,74
22.09.2025 18:45;99,5
22.09.2025 19:00;95,1
22.09.2025 19:15;90,76
22.09.2025 19:30;82,96
22.09.2025 19:45;70,98
22.09.2025 20:00;61,62
22.09.2025 20:15;67,24
22.09.2025 20:30;79,86
22.09.2025 20:45;95,86
22.09.2025 21:00;89,04
22.09.2025 21:15;79,02
22.09.2025 21:30;81,52
22.09.2025 21:45;79,18
22.09.2025 22:00;74,02
22.09.2025 22:15;79,2
22.09.2025 22:30;72,62
22.09.2025 22:45;76,82
22.09.2025 23:00;70,2
22.09.2025 23:15;69,58
22.09.2025 23:30;59,48
22.09.2025 23:45;47
23.09.2025 00:00;54,94
23.09.2025 00:15;38,02
23.09.2025 00:30;19,58
23.09.2025 00:45;20,68
23.09.2025 01:00;23,88
23.09.2025 01:15;20,34
23.09.2025 01:30;19,46
23.09.2025 01:45;21,88
23.09.2025 02:00;19,78
23.09.2025 02:15;20,24
23.09.2025 02:30;22,3
23.09.2025 02:45;18,52
23.09.2025 03:00;19,84
23.09.2025 03:15;23,24
23.09.2025 03:30;18,32
23.09.2025 03:45;19,96
23.09.2025 04:00;22,02
23.09.2025 04:15;18,02
23.09.2025 04:30;19,62
23.09.2025 04:45;26,02
23.09.2025 05:00;23,76
23.09.2025 05:15;27,32
23.09.2025 05:30;40,32
23.09.2025 05:45;51,66
23.09.2025 06:00;53,02
23.09.2025 06:15;58,98
23.09.2025 06:30;67,04
23.09.2025 06:45;70,18
23.09.2025 07:00;67,84
23.09.2025 07:15;70,38
23.09.2025 07:30;88,94
23.09.2025 07:45;102,96
23.09.2025 08:00;107,52
23.09.2025 08:15;105,14
23.09.2025 08:30;100,4
23.09.2025 08:45;91
23.09.2025 09:00;59,68
23.09.2025 09:15;54,82
23.09.2025 09:30;68,18
23.09.2025 09:45;66,84
23.09.2025 10:00;66,22
23.09.2025 10:15;65,38
23.09.2025 10:30;54,4
23.09.2025 10:45;59,8
23.09.2025 11:00;79,26
23.09.2025 11:15;76,62
23.09.2025 11:30;84,14
23.09.2025 11:45;86,24
23.09.2025 12:00;66,44
23.09.2025 12:15;82,58
23.09.2025 12:30;88,2
23.09.2025 12:45;86,1
23.09.2025 13:00;89,08
23.09.2025 13:15;70,74
23.09.2025 13:30;75,24
23.09.2025 13:45;77,32
23.09.2025 14:00;66,02
23.09.2025 14:15;82,56
23.09.2025 14:30;82,64
23.09.2025 14:45;77,62
23.09.2025 15:00;70,62
23.09.2025 15:15;66,06
23.09.2025 15:30;51,9
23.09.2025 15:45;56,22
23.09.2025 16:00;50,36
23.09.2025 16:15;57,82
23.09.2025 16:30;79,86
23.09.2025 16:45;79,5
23.09.2025 17:00;73,9
23.09.2025 17:15;62,08
23.09.2025 17:30;59,94
23.09.2025 17:45;63,14
23.09.2025 18:00;65,8
23.09.2025 18:15;62,36
23.09.2025 18:30;63,52
23.09.2025 18:45;64,56
23.09.2025 19:00;63,84
23.09.2025 19:15;64,84
23.09.2025 19:30;65,5
23.09.2025 19:45;61,84
23.09.2025 20:00;56,46
23.09.2025 20:15;63,38
23.09.2025 20:30;73,56
23.09.2025 20:45;80,64
23.09.2025 21:00;99,62
23.09.2025 21:15;97,7
23.09.2025 21:30;79,32
23.09.2025 21:45;74,84
23.09.2025 22:00;66,1
23.09.2025 22:15;64,26
23.09.2025 22:30;61,4
23.09.2025 22:45;58,6
23.09.2025 23:00;43,68
23.09.2025 23:15;30,54
23.09.2025 23:30;29,94
23.09.2025 23:45;24,8
24.09.2025 00:00;27,86
24.09.2025 00:15;28,04
24.09.2025 00:30;24,64
24.09.2025 00:45;28,96
24.09.2025 01:00;24,94
24.09.2025 01:15;26,14
24.09.2025 01:30;29,5
24.09.2025 01:45;22,94
24.09.2025 02:00;27,96
24.09.2025 02:15;16,14
24.09.2025 02:30;10,12
24.09.2025 02:45;10,36
24.09.2025 03:00;9,9
24.09.2025 03:15;14,32
24.09.2025 03:30;9,16
24.09.2025 03:45;9,96
24.09.2025 04:00;9,42
24.09.2025 04:15;9,08
24.09.2025 04:30;11,14
24.09.2025 04:45;15,7
24.09.2025 05:00;15,32
24.09.2025 05:15;18,86
24.09.2025 05:30;41,04
24.09.2025 05:45;56,34
24.09.2025 06:00;54,7
24.09.2025 06:15;54,66
24.09.2025 06:30;52,1
24.09.2025 06:45;60,88
24.09.2025 07:00;59,84
24.09.2025 07:15;69,36
24.09.2025 07:30;68,84
24.09.2025 07:45;70,54
24.09.2025 08:00;81,62
24.09.2025 08:15;88,44
24.09.2025 08:30;82,78
24.09.2025 08:45;95,88
24.09.2025 09:00;83,26
24.09.2025 09:15;91,54
24.09.2025 09:30;94,64
24.09.2025 09:45;84,5
24.09.2025 10:00;84,26
24.09.2025 10:15;87,88
24.09.2025 10:30;87,86
24.09.2025 10:45;70,46
24.09.2025 11:00;68,36
24.09.2025 11:15;73,54
24.09.2025 11:30;68,84
24.09.2025 11:45;66,9
24.09.2025 12:00;48,32
24.09.2025 12:15;69,66
24.09.2025 12:30;83,92
24.09.2025 12:45;102,16
24.09.2025 13:00;112,26
24.09.2025 13:15;107,58
24.09.2025 13:30;105,52
24.09.2025 13:45;88,14
24.09.2025 14:00;74,22
24.09.2025 14:15;79,48
24.09.2025 14:30;93,1
24.09.2025 14:45;100,22
24.09.2025 15:00;93
24.09.2025 15:15;94,42
24.09.2025 15:30;105,96
24.09.2025 15:45;101,08
24.09.2025 16:00;101,02
24.09.2025 16:15;94,66
24.09.2025 16:30;94,62
24.09.2025 16:45;89,14
24.09.2025 17:00;75,34
24.09.2025 17:15;87,4
24.09.2025 17:30;107,62
24.09.2025 17:45;94,52
24.09.2025 18:00;86,24
24.09.2025 18:15;86,14
24.09.2025 18:30;85,22
24.09.2025 18:45;85,74
24.09.2025 19:00;76,98
24.09.2025 19:15;77,38
24.09.2025 19:30;72,88
24.09.2025 19:45;78,74
24.09.2025 20:00;71,32
24.09.2025 20:15;79
24.09.2025 20:30;82,02
24.09.2025 20:45;81,18
24.09.2025 21:00;82,5
24.09.2025 21:15;83,84
24.09.2025 21:30;85,62
24.09.2025 21:45;91,78
24.09.2025 22:00;101,46
24.09.2025 22:15;97,44
24.09.2025 22:30;97,68
24.09.2025 22:45;97,18
24.09.2025 23:00;76,32
24.09.2025 23:15;58,58
24.09.2025 23:30;53,94
24.09.2025 23:45;53,62
25.09.2025 00:00;45,12
25.09.2025 00:15;33,66
25.09.2025 00:30;31,66
25.09.2025 00:45;28,7
25.09.2025 01:00;29,68
25.09.2025 01:15;24,36
25.09.2025 01:30;13,76
25.09.2025 01:45;12,96
25.09.2025 02:00;13,22
25.09.2025 02:15;12,64
25.09.2025 02:30;15,12
25.09.2025 02:45;13,22
25.09.2025 03:00;12,24
25.09.2025 03:15;12,12
25.09.2025 03:30;12,02
25.09.2025 03:45;11,62
25.09.2025 04:00;11,2
25.09.2025 04:15;10,92
25.09.2025 04:30;12,74
25.09.2025 04:45;16,92
25.09.2025 05:00;15,62
25.09.2025 05:15;17,38
25.09.2025 05:30;34,96
25.09.2025 05:45;78,28
25.09.2025 06:00;87,32
25.09.2025 06:15;93,18
25.09.2025 06:30;98,56
25.09.2025 06:45;94,36
25.09.2025 07:00;95,6
25.09.2025 07:15;101,52
25.09.2025 07:30;102,64
25.09.2025 07:45;99,1
25.09.2025 08:00;102,16
25.09.2025 08:15;96,76
25.09.2025 08:30;96,02
25.09.2025 08:45;75,28
25.09.2025 09:00;53,72
25.09.2025 09:15;80,6
25.09.2025 09:30;89,38
25.09.2025 09:45;93,32
25.09.2025 10:00;93,64
25.09.2025 10:15;87,36
25.09.2025 10:30;94,1
25.09.2025 10:45;88,82
25.09.2025 11:00;88,12
25.09.2025 11:15;93,08
25.09.2025 11:30;81,34
25.09.2025 11:45;71,5
25.09.2025 12:00;55,8
25.09.2025 12:15;59,18
25.09.2025 12:30;66,1
25.09.2025 12:45;77,6
25.09.2025 13:00;88,18
25.09.2025 13:15;88,56
25.09.2025 13:30;88,34
25.09.2025 13:45;84,28
25.09.2025 14:00;93,32
25.09.2025 14:15;92,02
25.09.2025 14:30;93,82
25.09.2025 14:45;97,42
25.09.2025 15:00;100,98
25.09.2025 15:15;103,78
25.09.2025 15:30;94,3
25.09.2025 15:45;91,78
25.09.2025 16:00;68,82
25.09.2025 16:15;85,34
25.09.2025 16:30;73
25.09.2025 16:45;87,82
25.09.2025 17:00;69,46
25.09.2025 17:15;63,04
25.09.2025 17:30;71,78
25.09.2025 17:45;83,48
25.09.2025 18:00;95,56
25.09.2025 18:15;87,18
25.09.2025 18:30;92,82
25.09.2025 18:45;81,82
25.09.2025 19:00;87,06
25.09.2025 19:15;91,18
25.09.2025 19:30;89,2
25.09.2025 19:45;79,66
25.09.2025 20:00;71,12
25.09.2025 20:15;71,04
25.09.2025 20:30;80,36
25.09.2025 20:45;88,56
25.09.2025 21:00;89,8
25.09.2025 21:15;78,02
25.09.2025 21:30;77,96
25.09.2025 21:45;67,02
25.09.2025 22:00;68,36
25.09.2025 22:15;63,26
25.09.2025 22:30;51,06
25.09.2025 22:45;63,36
25.09.2025 23:00;58,04
25.09.2025 23:15;47,14
25.09.2025 23:30;31,02
25.09.2025 23:45;25,38
26.09.2025 00:00;24,86
26.09.2025 00:15;25,38
26.09.2025 00:30;23,66
26.09.2025 00:45;25,6
26.09.2025 01:00;23,42
26.09.2025 01:15;24,7
26.09.2025 01:30;25,26
26.09.2025 01:45;24,74
26.09.2025 02:00;21,3
26.09.2025 02:15;12,22
26.09.2025 02:30;9,1
26.09.2025 02:45;10,12
26.09.2025 03:00;15,72
26.09.2025 03:15;11,22
26.09.2025 03:30;8,78
26.09.2025 03:45;8,02
26.09.2025 04:00;8,32
26.09.2025 04:15;7,78
26.09.2025 04:30;7,74
26.09.2025 04:45;12,5
26.09.2025 05:00;13,28
26.09.2025 05:15;17,58
26.09.2025 05:30;43,92
26.09.2025 05:45;66,62
26.09.2025 06:00;70,94
26.09.2025 06:15;70,4
26.09.2025 06:30;68,4
26.09.2025 06:45;89,2
26.09.2025 07:00;85,96
26.09.2025 07:15;90,88
26.09.2025 07:30;81,86
26.09.2025 07:45;89,72
26.09.2025 08:00;93,8
26.09.2025 08:15;86,04
26.09.2025 08:30;80,22
26.09.2025 08:45;75,02
26.09.2025 09:00;63,82
26.09.2025 09:15;72,78
26.09.2025 09:30;72,38
26.09.2025 09:45;79,16
26.09.2025 10:00;84,52
26.09.2025 10:15;80
26.09.2025 10:30;76
26.09.2025 10:45;77,98
26.09.2025 11:00;74,56
26.09.2025 11:15;75,44
26.09.2025 11:30;68
26.09.2025 11:45;54,9
26.09.2025 12:00;35,04
26.09.2025 12:15;58,84
26.09.2025 12:30;67,72
26.09.2025 12:45;73,52
26.09.2025 13:00;67,2
26.09.2025 13:15;53,48
26.09.2025 13:30;63
26.09.2025 13:45;71,92
26.09.2025 14:00;70,02
26.09.2025 14:15;65,68
26.09.2025 14:30;84,22
26.09.2025 14:45;79,52
26.09.2025 15:00;83,66
26.09.2025 15:15;79,08
26.09.2025 15:30;69,12
26.09.2025 15:45;68,24
26.09.2025 16:00;77,98
26.09.2025 16:15;75,16
26.09.2025 16:30;85
26.09.2025 16:45;73,3
26.09.2025 17:00;80,5
26.09.2025 17:15;87,98
26.09.2025 17:30;86,12
26.09.2025 17:45;68,4
26.09.2025 18:00;74,12
26.09.2025 18:15;83,94
26.09.2025 18:30;85,36
26.09.2025 18:45;78,54
26.09.2025 19:00;72,98
26.09.2025 19:15;64,66
26.09.2025 19:30;57,48
26.09.2025 19:45;28,92
26.09.2025 20:00;15,34
26.09.2025 20:15;9,78
26.09.2025 20:30;10
26.09.2025 20:45;10,08
26.09.2025 21:00;9
26.09.2025 21:15;9,52
26.09.2025 21:30;9,56
26.09.2025 21:45;8,88
26.09.2025 22:00;8,8
26.09.2025 22:15;9,08
26.09.2025 22:30;8,34
26.09.2025 22:45;8,56
26.09.2025 23:00;8,2
26.09.2025 23:15;7,74
26.09.2025 23:30;7,76
26.09.2025 23:45;8,02
27.09.2025 00:00;7,62
27.09.2025 00:15;7,08
27.09.2025 00:30;7,6
27.09.2025 00:45;7,2
27.09.2025 01:00;6,62
27.09.2025 01:15;7,3
27.09.2025 01:30;7,1
27.09.2025 01:45;6,4
27.09.2025 02:00;6,9
27.09.2025 02:15;7,6
27.09.2025 02:30;3,8
27.09.2025 02:45;6,06
27.09.2025 03:00;4,36
27.09.2025 03:15;3,56
27.09.2025 03:30;6,04
27.09.2025 03:45;4,38
27.09.2025 04:00;5,34
27.09.2025 04:15;4,42
27.09.2025 04:30;5,2
27.09.2025 04:45;9,74
27.09.2025 05:00;6,88
27.09.2025 05:15;6,14
27.09.2025 05:30;8,6
27.09.2025 05:45;11,04
27.09.2025 06:00;10,9
27.09.2025 06:15;9,92
27.09.2025 06:30;11,16
27.09.2025 06:45;11,42
27.09.2025 07:00;9,68
27.09.2025 07:15;9,98
27.09.2025 07:30;8,92
27.09.2025 07:45;6,6
27.09.2025 08:00;3,24
27.09.2025 08:15;3,82
27.09.2025 08:30;3,62
27.09.2025 08:45;0,36
27.09.2025 09:00;0
27.09.2025 09:15;0,1
27.09.2025 09:30;0
27.09.2025 09:45;0
27.09.2025 10:00;0
27.09.2025 10:15;0,06
27.09.2025 10:30;0,66
27.09.2025 10:45;0
27.09.2025 11:00;0
27.09.2025 11:15;0
27.09.2025 11:30;0
27.09.2025 11:45;0
27.09.2025 12:00;0
27.09.2025 12:15;0,44
27.09.2025 12:30;1,76
27.09.2025 12:45;2,94
27.09.2025 13:00;0,8
27.09.2025 13:15;0
27.09.2025 13:30;0
27.09.2025 13:45;0
27.09.2025 14:00;0
27.09.2025 14:15;0
27.09.2025 14:30;0
27.09.2025 14:45;0
27.09.2025 15:00;0
27.09.2025 15:15;0
27.09.2025 15:30;0,22
27.09.2025 15:45;0
27.09.2025 16:00;0
27.09.2025 16:15;0
27.09.2025 16:30;0
27.09.2025 16:45;0
27.09.2025 17:00;0
27.09.2025 17:15;0
27.09.2025 17:30;0
27.09.2025 17:45;0,64
27.09.2025 18:00;0,44
27.09.2025 18:15;2,12
27.09.2025 18:30;2,86
27.09.2025 18:45;2,78
27.09.2025 19:00;4,14
27.09.2025 19:15;4,38
27.09.2025 19:30;3,82
27.09.2025 19:45;4,66
27.09.2025 20:00;4,66
27.09.2025 20:15;3,84
27.09.2025 20:30;4,68
27.09.2025 20:45;5,14
27.09.2025 21:00;4,42
27.09.2025 21:15;4,38
27.09.2025 21:30;4,68
27.09.2025 21:45;4,12
27.09.2025 22:00;4,04
27.09.2025 22:15;4,26
27.09.2025 22:30;3,98
27.09.2025 22:45;3,86
27.09.2025 23:00;4,2
27.09.2025 23:15;4,14
27.09.2025 23:30;3,54
27.09.2025 23:45;8,12
28.09.2025 00:00;6,66
28.09.2025 00:15;3,34
28.09.2025 00:30;4,18
28.09.2025 00:45;4,34
28.09.2025 01:00;3,42
28.09.2025 01:15;4,22
28.09.2025 01:30;4,26
28.09.2025 01:45;3,36
28.09.2025 02:00;4,34
28.09.2025 02:15;4,62
28.09.2025 02:30;5,6
28.09.2025 02:45;6,26
28.09.2025 03:00;4,38
28.09.2025 03:15;3,34
28.09.2025 03:30;4,26
28.09.2025 03:45;9,36
28.09.2025 04:00;5,16
28.09.2025 04:15;4,08
28.09.2025 04:30;4,22
28.09.2025 04:45;3,9
28.09.2025 05:00;3,74
28.09.2025 05:15;4,38
28.09.2025 05:30;3,98
28.09.2025 05:45;3,64
28.09.2025 06:00;4,26
28.09.2025 06:15;4,24
28.09.2025 06:30;4,26
28.09.2025 06:45;10,54
28.09.2025 07:00;3,96
28.09.2025 07:15;2,58
28.09.2025 07:30;1,9
28.09.2025 07:45;0,7
28.09.2025 08:00;0
28.09.2025 08:15;0,08
28.09.2025 08:30;0
28.09.2025 08:45;0
28.09.2025 09:00;0
28.09.2025 09:15;0
28.09.2025 09:30;0
28.09.2025 09:45;0
28.09.2025 10:00;0
28.09.2025 10:15;0
28.09.2025 10:30;0
28.09.2025 10:45;0
28.09.2025 11:00;0
28.09.2025 11:15;0
28.09.2025 11:30;0
28.09.2025 11:45;0
28.09.2025 12:00;0
28.09.2025 12:15;0
28.09.2025 12:30;0
28.09.2025 12:45;0
28.09.2025 13:00;0
28.09.2025 13:15;0
28.09.2025 13:30;0
28.09.2025 13:45;0
28.09.2025 14:00;0
28.09.2025 14:15;0
28.09.2025 14:30;0
28.09.2025 14:45;0
28.09.2025 15:00;0
28.09.2025 15:15;0
28.09.2025 15:30;0
28.09.2025 15:45;0
28.09.2025 16:00;0
28.09.2025 16:15;0
28.09.2025 16:30;0
28.09.2025 16:45;0
28.09.2025 17:00;0,46
28.09.2025 17:15;0,02
28.09.2025 17:30;0
28.09.2025 17:45;0,68
28.09.2025 18:00;0,76
28.09.2025 18:15;2,48
28.09.2025 18:30;3,08
28.09.2025 18:45;2,88
28.09.2025 19:00;4,1
28.09.2025 19:15;4,48
28.09.2025 19:30;3,82
28.09.2025 19:45;4,78
28.09.2025 20:00;4,66
28.09.2025 20:15;4
28.09.2025 20:30;4,42
28.09.2025 20:45;4,72
28.09.2025 21:00;999,99
28.09.2025 21:15;4,32
28.09.2025 21:30;4,68
28.09.2025 21:45;4,4
28.09.2025 22:00;3,7
28.09.2025 22:15;5,56
28.09.2025 22:30;9,08
28.09.2025 22:45;3,66
28.09.2025 23:00;4,2
28.09.2025 23:15;4,22
28.09.2025 23:30;3,52
28.09.2025 23:45;4,54
29.09.2025 00:00;4,24
29.09.2025 00:15;3,44
29.09.2025 00:30;4,26
29.09.2025 00:45;4,26
29.09.2025 01:00;3,4
29.09.2025 01:15;4,18
29.09.2025 01:30;4,32
29.09.2025 01:45;3,5
29.09.2025 02:00;4,22
29.09.2025 02:15;4,26
29.09.2025 02:30;3,36
29.09.2025 02:45;4,32
29.09.2025 03:00;5,24
29.09.2025 03:15;5,52
29.09.2025 03:30;5
29.09.2025 03:45;4,36
29.09.2025 04:00;3,92
29.09.2025 04:15;3,72
29.09.2025 04:30;13,34
29.09.2025 04:45;4,76
29.09.2025 05:00;8,42
29.09.2025 05:15;11,12
29.09.2025 05:30;17,74
29.09.2025 05:45;43,5
29.09.2025 06:00;62,88
29.09.2025 06:15;61,02
29.09.2025 06:30;68,2
29.09.2025 06:45;74,58
29.09.2025 07:00;63,78
29.09.2025 07:15;51,12
29.09.2025 07:30;59,16
29.09.2025 07:45;57,96
29.09.2025 08:00;57
29.09.2025 08:15;65,28
29.09.2025 08:30;75,24
29.09.2025 08:45;71,82
29.09.2025 09:00;59,92
29.09.2025 09:15;66,74
29.09.2025 09:30;79,84
29.09.2025 09:45;71,84
29.09.2025 10:00;42,26
29.09.2025 10:15;37,72
29.09.2025 10:30;42,04
29.09.2025 10:45;62,74
29.09.2025 11:00;62,94
29.09.2025 11:15;68,82
29.09.2025 11:30;68,56
29.09.2025 11:45;54,12
29.09.2025 12:00;29,82
29.09.2025 12:15;32,36
29.09.2025 12:30;27,04
29.09.2025 12:45;34,18
29.09.2025 13:00;32,74
29.09.2025 13:15;34,88
29.09.2025 13:30;32,58
29.09.2025 13:45;26,98
29.09.2025 14:00;29,98
29.09.2025 14:15;40,64
29.09.2025 14:30;39,28
29.09.2025 14:45;40,02
29.09.2025 15:00;45,1
29.09.2025 15:15;41
29.09.2025 15:30;35,3
29.09.2025 15:45;31,8
29.09.2025 16:00;32,26
29.09.2025 16:15;50,88
29.09.2025 16:30;50,48
29.09.2025 16:45;61,28
29.09.2025 17:00;56,02
29.09.2025 17:15;48,52
29.09.2025 17:30;56,96
29.09.2025 17:45;68,88
29.09.2025 18:00;72,46
29.09.2025 18:15;63,36
29.09.2025 18:30;68,46
29.09.2025 18:45;69,52
29.09.2025 19:00;75,02
29.09.2025 19:15;70,96
29.09.2025 19:30;67,44
29.09.2025 19:45;73,18
29.09.2025 20:00;63,06
29.09.2025 20:15;69,12
29.09.2025 20:30;80,8
29.09.2025 20:45;76,14
29.09.2025 21:00;69,68
29.09.2025 21:15;73,48
29.09.2025 21:30;73,6
29.09.2025 21:45;72,04
29.09.2025 22:00;78,62
29.09.2025 22:15;78,68
29.09.2025 22:30;84,56
29.09.2025 22:45;81,8
29.09.2025 23:00;75,88
29.09.2025 23:15;68,12
29.09.2025 23:30;44,8
29.09.2025 23:45;28,18
30.09.2025 00:00;24,86
30.09.2025 00:15;25,62
30.09.2025 00:30;24,54
30.09.2025 00:45;12,32
30.09.2025 01:00;10,14
30.09.2025 01:15;10,3
30.09.2025 01:30;10,02
30.09.2025 01:45;10,02
30.09.2025 02:00;10,06
30.09.2025 02:15;9,7
30.09.2025 02:30;9,66
30.09.2025 02:45;9,7
30.09.2025 03:00;9,44
30.09.2025 03:15;9,42
30.09.2025 03:30;9,56
30.09.2025 03:45;8,88
30.09.2025 04:00;8,98
30.09.2025 04:15;8,08
30.09.2025 04:30;7,26
30.09.2025 04:45;8,52
30.09.2025 05:00;13,18
30.09.2025 05:15;13,84
30.09.2025 05:30;35,58
30.09.2025 05:45;52,2
30.09.2025 06:00;67,78
30.09.2025 06:15;82,36
30.09.2025 06:30;79,66
30.09.2025 06:45;82,8
30.09.2025 07:00;80,9
30.09.2025 07:15;79,98
30.09.2025 07:30;66,5
30.09.2025 07:45;72
30.09.2025 08:00;71,02
30.09.2025 08:15;76,68
30.09.2025 08:30;79,82
30.09.2025 08:45;88,66
30.09.2025 09:00;69,58
30.09.2025 09:15;86,34
30.09.2025 09:30;87,12
30.09.2025 09:45;84,98
30.09.2025 10:00;76,1
30.09.2025 10:15;62,24
30.09.2025 10:30;63
30.09.2025 10:45;69,62
30.09.2025 11:00;66,22
30.09.2025 11:15;76,7
30.09.2025 11:30;81,66
30.09.2025 11:45;74,06
30.09.2025 12:00;56,82
30.09.2025 12:15;60,36
30.09.2025 12:30;48,82
30.09.2025 12:45;55,08
30.09.2025 13:00;56,42
30.09.2025 13:15;60,82
30.09.2025 13:30;72,1
30.09.2025 13:45;68,34
30.09.2025 14:00;64
30.09.2025 14:15;64,5
30.09.2025 14:30;67,16
30.09.2025 14:45;69,66
30.09.2025 15:00;68,78
30.09.2025 15:15;71,52
30.09.2025 15:30;79,88
30.09.2025 15:45;77,62
30.09.2025 16:00;78,44
30.09.2025 16:15;76,9
30.09.2025 16:30;77,8
30.09.2025 16:45;72,78
30.09.2025 17:00;68,86
30.09.2025 17:15;72,42
30.09.2025 17:30;79
30.09.2025 17:45;82,44
30.09.2025 18:00;66,34
30.09.2025 18:15;64,68
30.09.2025 18:30;72,58
30.09.2025 18:45;72,04
30.09.2025 19:00;83,92
30.09.2025 19:15;81,08
30.09.2025 19:30;83,58
30.09.2025 19:45;89,76
30.09.2025 20:00;72,56
30.09.2025 20:15;89,08
30.09.2025 20:30;87,52
30.09.2025 20:45;91,1
30.09.2025 21:00;89,46
30.09.2025 21:15;83,32
30.09.2025 21:30;88,22
30.09.2025 21:45;86,7
30.09.2025 22:00;81,48
30.09.2025 22:15;86,16
30.09.2025 22:30;73,92
30.09.2025 22:45;71,78
30.09.2025 23:00;48,32
30.09.2025 23:15;37,46
30.09.2025 23:30;34,04
30.09.2025 23:45;34,68
01.10.2025 00:00;36,5
01.10.2025 00:15;36,82
01.10.2025 00:30;36,38
01.10.2025 00:45;33,94
01.10.2025 01:00;32,74
01.10.2025 01:15;24
01.10.2025 01:30;22,22
01.10.2025 01:45;23,48
01.10.2025 02:00;21,28
01.10.2025 02:15;20,16
01.10.2025 02:30;21,2
01.10.2025 02:45;22,86
01.10.2025 03:00;20,08
01.10.2025 03:15;21,82
01.10.2025 03:30;21,7
01.10.2025 03:45;24
01.10.2025 04:00;13,52
01.10.2025 04:15;7,14
01.10.2025 04:30;8,42
01.10.2025 04:45;7,12
01.10.2025 05:00;14,28
01.10.2025 05:15;24,54
01.10.2025 05:30;28,32
01.10.2025 05:45;46,36
01.10.2025 06:00;54,76
01.10.2025 06:15;63,02
01.10.2025 06:30;62,76
01.10.2025 06:45;60,74
01.10.2025 07:00;67,78
01.10.2025 07:15;63,42
01.10.2025 07:30;70,3
01.10.2025 07:45;72,94
01.10.2025 08:00;60,62
01.10.2025 08:15;73,58
01.10.2025 08:30;54,06
01.10.2025 08:45;39,36
01.10.2025 09:00;21,88
01.10.2025 09:15;23,96
01.10.2025 09:30;34,58
01.10.2025 09:45;22,24
01.10.2025 10:00;39,64
01.10.2025 10:15;43,24
01.10.2025 10:30;28,22
01.10.2025 10:45;16,5
01.10.2025 11:00;40,94
01.10.2025 11:15;43,92
01.10.2025 11:30;22,64
01.10.2025 11:45;8,86
01.10.2025 12:00;2,64
01.10.2025 12:15;13,5
01.10.2025 12:30;11,74
01.10.2025 12:45;16,36
01.10.2025 13:00;25,78
01.10.2025 13:15;43,28
01.10.2025 13:30;28,9
01.10.2025 13:45;33,56
01.10.2025 14:00;57,04
01.10.2025 14:15;25,34
01.10.2025 14:30;48,2
01.10.2025 14:45;57,42
01.10.2025 15:00;36
01.10.2025 15:15;54
01.10.2025 15:30;51,5
01.10.2025 15:45;63,82
01.10.2025 16:00;64,38
01.10.2025 16:15;61,62
01.10.2025 16:30;60,86
01.10.2025 16:45;57,78
01.10.2025 17:00;43,04
01.10.2025 17:15;54,06
01.10.2025 17:30;56,54
01.10.2025 17:45;54,64
01.10.2025 18:00;60,42
01.10.2025 18:15;63,74
01.10.2025 18:30;66,34
01.10.2025 18:45;72,06
01.10.2025 19:00;71,64
01.10.2025 19:15;72,6
01.10.2025 19:30;61,86
01.10.2025 19:45;52,42
01.10.2025 20:00;49,18
01.10.2025 20:15;67,46
01.10.2025 20:30;77,36
01.10.2025 20:45;78,26
01.10.2025 21:00;71,58
01.10.2025 21:15;80,12
01.10.2025 21:30;72,3
01.10.2025 21:45;70,02
01.10.2025 22:00;67,9
01.10.2025 22:15;68,36
01.10.2025 22:30;70,3
01.10.2025 22:45;63,38
01.10.2025 23:00;49,24
01.10.2025 23:15;35,52
01.10.2025 23:30;31,12
01.10.2025 23:45;19,78
02.10.2025 00:00;17,32
02.10.2025 00:15;15,46
02.10.2025 00:30;11,92
02.10.2025 00:45;10,98
02.10.2025 01:00;10,2
02.10.2025 01:15;11,88
02.10.2025 01:30;9,56
02.10.2025 01:45;11,24
02.10.2025 02:00;9,38
02.10.2025 02:15;9,24
02.10.2025 02:30;11,4
02.10.2025 02:45;9,54
02.10.2025 03:00;10,52
02.10.2025 03:15;8,64
02.10.2025 03:30;8,9
02.10.2025 03:45;14,44
02.10.2025 04:00;14,12
02.10.2025 04:15;9,66
02.10.2025 04:30;7,28
02.10.2025 04:45;7,4
02.10.2025 05:00;11,7
02.10.2025 05:15;12,72
02.10.2025 05:30;23,08
02.10.2025 05:45;45,72
02.10.2025 06:00;58,9
02.10.2025 06:15;71,5
02.10.2025 06:30;73,78
02.10.2025 06:45;80,26
02.10.2025 07:00;64,6
02.10.2025 07:15;60,66
02.10.2025 07:30;59,48
02.10.2025 07:45;59,88
02.10.2025 08:00;63
02.10.2025 08:15;62,14
02.10.2025 08:30;58,2
02.10.2025 08:45;57,54
02.10.2025 09:00;40,22
02.10.2025 09:15;33,62
02.10.2025 09:30;23,12
02.10.2025 09:45;15,08
02.10.2025 10:00;27,32
02.10.2025 10:15;38,06
02.10.2025 10:30;40,96
02.10.2025 10:45;34,14
02.10.2025 11:00;31,58
02.10.2025 11:15;32,96
02.10.2025 11:30;24,84
02.10.2025 11:45;37,48
02.10.2025 12:00;28,08
02.10.2025 12:15;19,68
02.10.2025 12:30;25,24
02.10.2025 12:45;32,86
02.10.2025 13:00;11,58
02.10.2025 13:15;34,1
02.10.2025 13:30;4,62
02.10.2025 13:45;2,22
02.10.2025 14:00;3,68
02.10.2025 14:15;44,08
02.10.2025 14:30;52,54
02.10.2025 14:45;54,92
02.10.2025 15:00;22,48
02.10.2025 15:15;51,84
02.10.2025 15:30;49,02
02.10.2025 15:45;47,32
02.10.2025 16:00;36,66
02.10.2025 16:15;47,96
02.10.2025 16:30;47,8
02.10.2025 16:45;47,36
02.10.2025 17:00;49,46
02.10.2025 17:15;59,82
02.10.2025 17:30;66,14
02.10.2025 17:45;63,36
02.10.2025 18:00;62,8
02.10.2025 18:15;64,92
02.10.2025 18:30;72,36
02.10.2025 18:45;73,92
02.10.2025 19:00;75,68
02.10.2025 19:15;75,46
02.10.2025 19:30;69,42
02.10.2025 19:45;66,7
02.10.2025 20:00;50,6
02.10.2025 20:15;54,58
02.10.2025 20:30;63,82
02.10.2025 20:45;58,96
02.10.2025 21:00;61,52
02.10.2025 21:15;51,44
02.10.2025 21:30;60,54
02.10.2025 21:45;60,02
02.10.2025 22:00;65,66
02.10.2025 22:15;55
02.10.2025 22:30;53,5
02.10.2025 22:45;15,74
02.10.2025 23:00;8,96
02.10.2025 23:15;8
02.10.2025 23:30;7,86
02.10.2025 23:45;7,78
03.10.2025 00:00;7,32
03.10.2025 00:15;7,18
03.10.2025 00:30;7,08
03.10.2025 00:45;7,22
03.10.2025 01:00;6,92
03.10.2025 01:15;6,88
03.10.2025 01:30;6,6
03.10.2025 01:45;6,74
03.10.2025 02:00;6,38
03.10.2025 02:15;6,52
03.10.2025 02:30;6,44
03.10.2025 02:45;6,18
03.10.2025 03:00;6,3
03.10.2025 03:15;6,12
03.10.2025 03:30;5,3
03.10.2025 03:45;3,96
03.10.2025 04:00;3,6
03.10.2025 04:15;3,78
03.10.2025 04:30;3,7
03.10.2025 04:45;7,36
03.10.2025 05:00;10,9
03.10.2025 05:15;8,78
03.10.2025 05:30;5,38
03.10.2025 05:45;6,76
03.10.2025 06:00;4,14
03.10.2025 06:15;3,92
03.10.2025 06:30;4,22
03.10.2025 06:45;4,12
03.10.2025 07:00;3,3
03.10.2025 07:15;2,92
03.10.2025 07:30;1,76
03.10.2025 07:45;0,1
03.10.2025 08:00;0,04
03.10.2025 08:15;0
03.10.2025 08:30;0
03.10.2025 08:45;0
03.10.2025 09:00;0
03.10.2025 09:15;0
03.10.2025 09:30;0
03.10.2025 09:45;0
03.10.2025 10:00;0
03.10.2025 10:15;0
03.10.2025 10:30;0
03.10.2025 10:45;0
03.10.2025 11:00;0
03.10.2025 11:15;0
03.10.2025 11:30;0
03.10.2025 11:45;0
03.10.2025 12:00;0
03.10.2025 12:15;0
03.10.2025 12:30;0
03.10.2025 12:45;0
03.10.2025 13:00;0
03.10.2025 13:15;0
03.10.2025 13:30;0
03.10.2025 13:45;0
03.10.2025 14:00;0
03.10.2025 14:15;0
03.10.2025 14:30;0
03.10.2025 14:45;0
03.10.2025 15:00;0
03.10.2025 15:15;0
03.10.2025 15:30;0
03.10.2025 15:45;0
03.10.2025 16:00;0
03.10.2025 16:15;0
03.10.2025 16:30;0
03.10.2025 16:45;0
03.10.2025 17:00;0
03.10.2025 17:15;0
03.10.2025 17:30;0
03.10.2025 17:45;0,58
03.10.2025 18:00;1,06
03.10.2025 18:15;2,14
03.10.2025 18:30;6,42
03.10.2025 18:45;3,38
03.10.2025 19:00;3,86
03.10.2025 19:15;4,2
03.10.2025 19:30;3,98
03.10.2025 19:45;4,2
03.10.2025 20:00;4,08
03.10.2025 20:15;4,04
03.10.2025 20:30;4
03.10.2025 20:45;3,68
03.10.2025 21:00;4,1
03.10.2025 21:15;3,92
03.10.2025 21:30;3,74
03.10.2025 21:45;4,86
03.10.2025 22:00;5,62
03.10.2025 22:15;3,8
03.10.2025 22:30;3,84
03.10.2025 22:45;3,7
03.10.2025 23:00;3,34
03.10.2025 23:15;3,34
03.10.2025 23:30;3,28
03.10.2025 23:45;3,52
04.10.2025 00:00;2,94
04.10.2025 00:15;3,08
04.10.2025 00:30;3,04
04.10.2025 00:45;2,9
04.10.2025 01:00;3,04
04.10.2025 01:15;3,96
04.10.2025 01:30;5,5
04.10.2025 01:45;3,32
04.10.2025 02:00;2,94
04.10.2025 02:15;3,16
04.10.2025 02:30;3,24
04.10.2025 02:45;2,86
04.10.2025 03:00;3,14
04.10.2025 03:15;3,02
04.10.2025 03:30;2,9
04.10.2025 03:45;4,74
04.10.2025 04:00;5,14
04.10.2025 04:15;3,84
04.10.2025 04:30;3,44
04.10.2025 04:45;3,32
04.10.2025 05:00;6,5
04.10.2025 05:15;5,22
04.10.2025 05:30;5,78
04.10.2025 05:45;5,94
04.10.2025 06:00;6,04
04.10.2025 06:15;5,84
04.10.2025 06:30;6,02
04.10.2025 06:45;5,76
04.10.2025 07:00;5,6
04.10.2025 07:15;4,38
04.10.2025 07:30;3,24
04.10.2025 07:45;4,2
04.10.2025 08:00;3,94
04.10.2025 08:15;4,4
04.10.2025 08:30;3,28
04.10.2025 08:45;6,38
04.10.2025 09:00;3,48
04.10.2025 09:15;4,58
04.10.2025 09:30;5,34
04.10.2025 09:45;2,8
04.10.2025 10:00;0,06
04.10.2025 10:15;1,14
04.10.2025 10:30;0,08
04.10.2025 10:45;0
04.10.2025 11:00;0
04.10.2025 11:15;0
04.10.2025 11:30;0
04.10.2025 11:45;0
04.10.2025 12:00;0
04.10.2025 12:15;0
04.10.2025 12:30;0
04.10.2025 12:45;0
04.10.2025 13:00;0
04.10.2025 13:15;0
04.10.2025 13:30;0
04.10.2025 13:45;0
04.10.2025 14:00;0
04.10.2025 14:15;0
04.10.2025 14:30;0
04.10.2025 14:45;0
04.10.2025 15:00;0,08
04.10.2025 15:15;0,16
04.10.2025 15:30;3,18
04.10.2025 15:45;1,68
04.10.2025 16:00;1,1
04.10.2025 16:15;0,84
04.10.2025 16:30;1,12
04.10.2025 16:45;1,04
04.10.2025 17:00;0,54
04.10.2025 17:15;0,38
04.10.2025 17:30;1,5
04.10.2025 17:45;1,88
04.10.2025 18:00;1,46
04.10.2025 18:15;2,5
04.10.2025 18:30;2,76
04.10.2025 18:45;5,9
04.10.2025 19:00;3,2
04.10.2025 19:15;3,28
04.10.2025 19:30;3,56
04.10.2025 19:45;3,26
04.10.2025 20:00;3,56
04.10.2025 20:15;3,28
04.10.2025 20:30;3,72
04.10.2025 20:45;3,56
04.10.2025 21:00;3,42
04.10.2025 21:15;3,76
04.10.2025 21:30;3,42
04.10.2025 21:45;3,62
04.10.2025 22:00;6,1
04.10.2025 22:15;3,32
04.10.2025 22:30;3,5
04.10.2025 22:45;3,26
04.10.2025 23:00;3,46
04.10.2025 23:15;3,24
04.10.2025 23:30;3,44
04.10.2025 23:45;3,22
05.10.2025 00:00;2,96
05.10.2025 00:15;3,28
05.10.2025 00:30;2,96
05.10.2025 00:45;3,12
05.10.2025 01:00;5,02
05.10.2025 01:15;4,32
05.10.2025 01:30;3
05.10.2025 01:45;2,9
05.10.2025 02:00;3,02
05.10.2025 02:15;2,88
05.10.2025 02:30;3,14
05.10.2025 02:45;2,84
05.10.2025 03:00;3,1
05.10.2025 03:15;2,86
05.10.2025 03:30;3,44
05.10.2025 03:45;3,06
05.10.2025 04:00;3,34
05.10.2025 04:15;4,12
05.10.2025 04:30;5,7
05.10.2025 04:45;7,72
05.10.2025 05:00;3,22
05.10.2025 05:15;3,52
05.10.2025 05:30;3,26
05.10.2025 05:45;3,22
05.10.2025 06:00;3,52
05.10.2025 06:15;3,42
05.10.2025 06:30;3,66
05.10.2025 06:45;3,38
05.10.2025 07:00;3,28
05.10.2025 07:15;2,62
05.10.2025 07:30;2,1
05.10.2025 07:45;0,38
05.10.2025 08:00;0
05.10.2025 08:15;0
05.10.2025 08:30;0
05.10.2025 08:45;0,04
05.10.2025 09:00;0
05.10.2025 09:15;0
05.10.2025 09:30;0
05.10.2025 09:45;0
05.10.2025 10:00;0
05.10.2025 10:15;0
05.10.2025 10:30;0
05.10.2025 10:45;0
05.10.2025 11:00;0
05.10.2025 11:15;0
05.10.2025 11:30;0
05.10.2025 11:45;0,08
05.10.2025 12:00;0,4
05.10.2025 12:15;0
05.10.2025 12:30;0
05.10.2025 12:45;0
05.10.2025 13:00;0
05.10.2025 13:15;0
05.10.2025 13:30;0
05.10.2025 13:45;0
05.10.2025 14:00;0
05.10.2025 14:15;0
05.10.2025 14:30;0,02
05.10.2025 14:45;0,22
05.10.2025 15:00;2,9
05.10.2025 15:15;0
05.10.2025 15:30;0
05.10.2025 15:45;0
05.10.2025 16:00;0
05.10.2025 16:15;0
05.10.2025 16:30;0
05.10.2025 16:45;0,2
05.10.2025 17:00;0
05.10.2025 17:15;0,02
05.10.2025 17:30;0,06
05.10.2025 17:45;0
05.10.2025 18:00;1,64
05.10.2025 18:15;1,12
05.10.2025 18:30;6,34
05.10.2025 18:45;2,82
05.10.2025 19:00;3,2
05.10.2025 19:15;3,5
05.10.2025 19:30;3,3
05.10.2025 19:45;3,6
05.10.2025 20:00;3,28
05.10.2025 20:15;3,44
05.10.2025 20:30;3,32
05.10.2025 20:45;3,3
05.10.2025 21:00;3,56
05.10.2025 21:15;3,38
05.10.2025 21:30;3,66
05.10.2025 21:45;3,32
05.10.2025 22:00;3,38
05.10.2025 22:15;3,76
05.10.2025 22:30;5,98
05.10.2025 22:45;3,56
05.10.2025 23:00;3,24
05.10.2025 23:15;3,48
05.10.2025 23:30;3,22
05.10.2025 23:45;3,6
06.10.2025 00:00;3,02
06.10.2025 00:15;3,22
06.10.2025 00:30;2,9
06.10.2025 00:45;2,86
06.10.2025 01:00;3,08
06.10.2025 01:15;2,92
06.10.2025 01:30;3,04
06.10.2025 01:45;3,12
06.10.2025 02:00;6,2
06.10.2025 02:15;3,06
06.10.2025 02:30;3,38
06.10.2025 02:45;3,06
06.10.2025 03:00;3,26
06.10.2025 03:15;2,94
06.10.2025 03:30;2,96
06.10.2025 03:45;3,2
06.10.2025 04:00;3,26
06.10.2025 04:15;3,42
06.10.2025 04:30;3,22
06.10.2025 04:45;7,58
06.10.2025 05:00;10,38
06.10.2025 05:15;14,04
06.10.2025 05:30;34,94
06.10.2025 05:45;59,92
06.10.2025 06:00;66,4
06.10.2025 06:15;80,16
06.10.2025 06:30;76,44
06.10.2025 06:45;83,1
06.10.2025 07:00;89,3
06.10.2025 07:15;103,56
06.10.2025 07:30;87,9
06.10.2025 07:45;75,64
06.10.2025 08:00;69,18
06.10.2025 08:15;60,14
06.10.2025 08:30;65,58
06.10.2025 08:45;48,82
06.10.2025 09:00;37,16
06.10.2025 09:15;50,16
06.10.2025 09:30;68,64
06.10.2025 09:45;62,78
06.10.2025 10:00;57,04
06.10.2025 10:15;60,62
06.10.2025 10:30;58,76
06.10.2025 10:45;63,38
06.10.2025 11:00;63,76
06.10.2025 11:15;52,54
06.10.2025 11:30;54,68
06.10.2025 11:45;41,78
06.10.2025 12:00;18,84
06.10.2025 12:15;16,74
06.10.2025 12:30;28,78
06.10.2025 12:45;20,34
06.10.2025 13:00;28,02
06.10.2025 13:15;35,32
06.10.2025 13:30;42,44
06.10.2025 13:45;41,78
06.10.2025 14:00;44,38
06.10.2025 14:15;36,96
06.10.2025 14:30;42,72
06.10.2025 14:45;44,44
06.10.2025 15:00;55
06.10.2025 15:15;47,68
06.10.2025 15:30;50,38
06.10.2025 15:45;55,56
06.10.2025 16:00;75,52
06.10.2025 16:15;73,88
06.10.2025 16:30;74,1
06.10.2025 16:45;74,44
06.10.2025 17:00;56,36
06.10.2025 17:15;58,24
06.10.2025 17:30;64,4
06.10.2025 17:45;73,12
06.10.2025 18:00;75,68
06.10.2025 18:15;70,06
06.10.2025 18:30;66,48
06.10.2025 18:45;59,6
06.10.2025 19:00;57,04
06.10.2025 19:15;58,6
06.10.2025 19:30;71,38
06.10.2025 19:45;85,76
06.10.2025 20:00;67,72
06.10.2025 20:15;63,8
06.10.2025 20:30;64,7
06.10.2025 20:45;73,7
06.10.2025 21:00;72,18
06.10.2025 21:15;77,88
06.10.2025 21:30;74,62
06.10.2025 21:45;51,9
06.10.2025 22:00;53,62
06.10.2025 22:15;55,78
06.10.2025 22:30;43,88
06.10.2025 22:45;42,22
06.10.2025 23:00;31,4
06.10.2025 23:15;23,78
06.10.2025 23:30;23,42
06.10.2025 23:45;24,22
07.10.2025 00:00;23,26
07.10.2025 00:15;23,16
07.10.2025 00:30;23,02
07.10.2025 00:45;22,3
07.10.2025 01:00;18,76
07.10.2025 01:15;8,8
07.10.2025 01:30;7,76
07.10.2025 01:45;7,44
07.10.2025 02:00;7,64
07.10.2025 02:15;8,84
07.10.2025 02:30;7,22
07.10.2025 02:45;10,2
07.10.2025 03:00;10,08
07.10.2025 03:15;6,52
07.10.2025 03:30;6,6
07.10.2025 03:45;6,46
07.10.2025 04:00;6,68
07.10.2025 04:15;6,9
07.10.2025 04:30;6,54
07.10.2025 04:45;11,32
07.10.2025 05:00;14,7
07.10.2025 05:15;20,08
07.10.2025 05:30;41,64
07.10.2025 05:45;36,46
07.10.2025 06:00;48,38
07.10.2025 06:15;53,6
07.10.2025 06:30;53,34
07.10.2025 06:45;66,34
07.10.2025 07:00;73,02
07.10.2025 07:15;73
07.10.2025 07:30;69,9
07.10.2025 07:45;66,52
07.10.2025 08:00;61,58
07.10.2025 08:15;53,92
07.10.2025 08:30;65,9
07.10.2025 08:45;70,14
07.10.2025 09:00;53,64
07.10.2025 09:15;69,78
07.10.2025 09:30;66,72
07.10.2025 09:45;73,04
07.10.2025 10:00;76,98
07.10.2025 10:15;68,12
07.10.2025 10:30;80,84
07.10.2025 10:45;74,7
07.10.2025 11:00;70,76
07.10.2025 11:15;66,64
07.10.2025 11:30;70,38
07.10.2025 11:45;66,64
07.10.2025 12:00;45,6
07.10.2025 12:15;45,22
07.10.2025 12:30;62,98
07.10.2025 12:45;72,58
07.10.2025 13:00;54,94
07.10.2025 13:15;57,08
07.10.2025 13:30;78,9
07.10.2025 13:45;63,18
07.10.2025 14:00;46,64
07.10.2025 14:15;56,64
07.10.2025 14:30;56
07.10.2025 14:45;54,2
07.10.2025 15:00;74,68
07.10.2025 15:15;82,86
07.10.2025 15:30;89,92
07.10.2025 15:45;91,76
07.10.2025 16:00;84,42
07.10.2025 16:15;91,12
07.10.2025 16:30;70,98
07.10.2025 16:45;86,58
07.10.2025 17:00;60,5
07.10.2025 17:15;62,34
07.10.2025 17:30;62,58
07.10.2025 17:45;59,14
07.10.2025 18:00;60,3
07.10.2025 18:15;81,94
07.10.2025 18:30;100,52
07.10.2025 18:45;80,98
07.10.2025 19:00;64,88
07.10.2025 19:15;72,54
07.10.2025 19:30;60,44
07.10.2025 19:45;54,26
07.10.2025 20:00;50,66
07.10.2025 20:15;59,76
07.10.2025 20:30;56,8
07.10.2025 20:45;73,18
07.10.2025 21:00;67,74
07.10.2025 21:15;59,04
07.10.2025 21:30;42,98
07.10.2025 21:45;39,56
07.10.2025 22:00;40,94
07.10.2025 22:15;44,08
07.10.2025 22:30;33,92
07.10.2025 22:45;25,26
07.10.2025 23:00;18,56
07.10.2025 23:15;15,08
07.10.2025 23:30;14,36
07.10.2025 23:45;14,32
08.10.2025 00:00;14,72
08.10.2025 00:15;13,18
08.10.2025 00:30;15,1
08.10.2025 00:45;18,22
08.10.2025 01:00;13,32
08.10.2025 01:15;12,54
08.10.2025 01:30;12,98
08.10.2025 01:45;12,88
08.10.2025 02:00;12,04
08.10.2025 02:15;12,2
08.10.2025 02:30;12,48
08.10.2025 02:45;11,86
08.10.2025 03:00;11,42
08.10.2025 03:15;11,74
08.10.2025 03:30;11,54
08.10.2025 03:45;10,96
08.10.2025 04:00;10,82
08.10.2025 04:15;11,46
08.10.2025 04:30;10,24
08.10.2025 04:45;12,12
08.10.2025 05:00;13,56
08.10.2025 05:15;21,4
08.10.2025 05:30;39,74
08.10.2025 05:45;47,56
08.10.2025 06:00;58,7
08.10.2025 06:15;64,88
08.10.2025 06:30;71,48
08.10.2025 06:45;68,94
08.10.2025 07:00;79,94
08.10.2025 07:15;70,4
08.10.2025 07:30;71,6
08.10.2025 07:45;70,8
08.10.2025 08:00;69,04
08.10.2025 08:15;65,6
08.10.2025 08:30;59,96
08.10.2025 08:45;62,76
08.10.2025 09:00;49,36
08.10.2025 09:15;43,68
08.10.2025 09:30;52,16
08.10.2025 09:45;46,42
08.10.2025 10:00;54,66
08.10.2025 10:15;62,66
08.10.2025 10:30;50,58
08.10.2025 10:45;46,26
08.10.2025 11:00;31,3
08.10.2025 11:15;53,54
08.10.2025 11:30;57,46
08.10.2025 11:45;51,82
08.10.2025 12:00;46,54
08.10.2025 12:15;62,18
08.10.2025 12:30;54,7
08.10.2025 12:45;49
08.10.2025 13:00;52,92
08.10.2025 13:15;52,94
08.10.2025 13:30;64,88
08.10.2025 13:45;36,3
08.10.2025 14:00;52,8
08.10.2025 14:15;43,96
08.10.2025 14:30;47,1
08.10.2025 14:45;50,34
08.10.2025 15:00;51,1
08.10.2025 15:15;45,32
08.10.2025 15:30;43,06
08.10.2025 15:45;62,02
08.10.2025 16:00;56,16
08.10.2025 16:15;66,98
08.10.2025 16:30;66,86
08.10.2025 16:45;70,32
08.10.2025 17:00;61,52
08.10.2025 17:15;64,88
08.10.2025 17:30;59,78
08.10.2025 17:45;60,38
08.10.2025 18:00;61,52
08.10.2025 18:15;57,02
08.10.2025 18:30;73,78
08.10.2025 18:45;85,74
08.10.2025 19:00;82,92
08.10.2025 19:15;87,46
08.10.2025 19:30;78,56
08.10.2025 19:45;83,1
08.10.2025 20:00;56,3
08.10.2025 20:15;53,96
08.10.2025 20:30;63,36
08.10.2025 20:45;68,74
08.10.2025 21:00;83,02
08.10.2025 21:15;105
08.10.2025 21:30;110,5
08.10.2025 21:45;110,28
08.10.2025 22:00;109,42
08.10.2025 22:15;91,86
08.10.2025 22:30;76,2
08.10.2025 22:45;84,1
08.10.2025 23:00;75,24
08.10.2025 23:15;54,3
08.10.2025 23:30;39,24
08.10.2025 23:45;30,12
09.10.2025 00:00;22,8
09.10.2025 00:15;21,86
09.10.2025 00:30;22,62
09.10.2025 00:45;21,56
09.10.2025 01:00;22,74
09.10.2025 01:15;21,26
09.10.2025 01:30;22,1
09.10.2025 01:45;13,96
09.10.2025 02:00;8,14
09.10.2025 02:15;8,36
09.10.2025 02:30;8,06
09.10.2025 02:45;8,1
09.10.2025 03:00;7,82
09.10.2025 03:15;7,8
09.10.2025 03:30;7,68
09.10.2025 03:45;7,74
09.10.2025 04:00;7,2
09.10.2025 04:15;7,56
09.10.2025 04:30;7,36
09.10.2025 04:45;11,5
09.10.2025 05:00;12,76
09.10.2025 05:15;15,86
09.10.2025 05:30;44,48
09.10.2025 05:45;67,32
09.10.2025 06:00;87,44
09.10.2025 06:15;94,66
09.10.2025 06:30;93,66
09.10.2025 06:45;99,36
09.10.2025 07:00;89,88
09.10.2025 07:15;99,76
09.10.2025 07:30;97,7
09.10.2025 07:45;101,7
09.10.2025 08:00;94,94
09.10.2025 08:15;92,16
09.10.2025 08:30;92,2
09.10.2025 08:45;88,86
09.10.2025 09:00;77,42
09.10.2025 09:15;76,12
09.10.2025 09:30;91,66
09.10.2025 09:45;89,14
09.10.2025 10:00;81,6
09.10.2025 10:15;77,76
09.10.2025 10:30;69,28
09.10.2025 10:45;60,8
09.10.2025 11:00;66,66
09.10.2025 11:15;62,04
09.10.2025 11:30;57,06
09.10.2025 11:45;48,24
09.10.2025 12:00;14,62
09.10.2025 12:15;62,78
09.10.2025 12:30;78,04
09.10.2025 12:45;88,1
09.10.2025 13:00;76,68
09.10.2025 13:15;75,22
09.10.2025 13:30;75,76
09.10.2025 13:45;78,66
09.10.2025 14:00;77,3
09.10.2025 14:15;84,94
09.10.2025 14:30;88,92
09.10.2025 14:45;87,86
09.10.2025 15:00;91,58
09.10.2025 15:15;100,4
09.10.2025 15:30;82,7
09.10.2025 15:45;88,28
09.10.2025 16:00;96,24
09.10.2025 16:15;100,7
09.10.2025 16:30;88,04
09.10.2025 16:45;60,44
09.10.2025 17:00;36,26
09.10.2025 17:15;44,14
09.10.2025 17:30;47,5
09.10.2025 17:45;43,96
09.10.2025 18:00;41,06
09.10.2025 18:15;28,46
09.10.2025 18:30;29,96
09.10.2025 18:45;30,1
09.10.2025 19:00;35,48
09.10.2025 19:15;31,86
09.10.2025 19:30;31,6
09.10.2025 19:45;27,48
09.10.2025 20:00;24,3
09.10.2025 20:15;21,4
09.10.2025 20:30;32,78
09.10.2025 20:45;31,46
09.10.2025 21:00;35,26
09.10.2025 21:15;32,3
09.10.2025 21:30;30,44
09.10.2025 21:45;30,12
09.10.2025 22:00;30,84
09.10.2025 22:15;32,04
09.10.2025 22:30;33,48
09.10.2025 22:45;20,72
09.10.2025 23:00;14,48
09.10.2025 23:15;13,04
09.10.2025 23:30;16,44
09.10.2025 23:45;12,78
10.10.2025 00:00;12,26
10.10.2025 00:15;12,74
10.10.2025 00:30;13,8
10.10.2025 00:45;14,7
10.10.2025 01:00;12,12
10.10.2025 01:15;12,5
10.10.2025 01:30;13,74
10.10.2025 01:45;12,8
10.10.2025 02:00;12,48
10.10.2025 02:15;11,24
10.10.2025 02:30;12,92
10.10.2025 02:45;14,08
10.10.2025 03:00;11,64
10.10.2025 03:15;11,3
10.10.2025 03:30;11,16
10.10.2025 03:45;14,76
10.10.2025 04:00;10,66
10.10.2025 04:15;11,6
10.10.2025 04:30;10,78
10.10.2025 04:45;17,88
10.10.2025 05:00;18,96
10.10.2025 05:15;19,5
10.10.2025 05:30;40,48
10.10.2025 05:45;68,54
10.10.2025 06:00;73,18
10.10.2025 06:15;80,16
10.10.2025 06:30;70,9
10.10.2025 06:45;62,86
10.10.2025 07:00;78,44
10.10.2025 07:15;86,32
10.10.2025 07:30;91,78
10.10.2025 07:45;94,78
10.10.2025 08:00;88,14
10.10.2025 08:15;86,24
10.10.2025 08:30;82,64
10.10.2025 08:45;73,02
10.10.2025 09:00;73,28
10.10.2025 09:15;62,44
10.10.2025 09:30;73,22
10.10.2025 09:45;93,14
10.10.2025 10:00;89,08
10.10.2025 10:15;73,96
10.10.2025 10:30;68,4
10.10.2025 10:45;81,16
10.10.2025 11:00;76,84
10.10.2025 11:15;82,04
10.10.2025 11:30;73,2
10.10.2025 11:45;81,62
10.10.2025 12:00;68,06
10.10.2025 12:15;77,88
10.10.2025 12:30;91,34
10.10.2025 12:45;86,34
10.10.2025 13:00;82,08
10.10.2025 13:15;91,28
10.10.2025 13:30;66,74
10.10.2025 13:45;24,18
10.10.2025 14:00;4,94
10.10.2025 14:15;10,78
10.10.2025 14:30;23,2
10.10.2025 14:45;26,76
10.10.2025 15:00;26,36
10.10.2025 15:15;26,74
10.10.2025 15:30;22,78
10.10.2025 15:45;26,12
10.10.2025 16:00;24,96
10.10.2025 16:15;21,22
10.10.2025 16:30;26,04
10.10.2025 16:45;27,86
10.10.2025 17:00;15,64
10.10.2025 17:15;22,74
10.10.2025 17:30;30,08
10.10.2025 17:45;25,96
10.10.2025 18:00;20,5
10.10.2025 18:15;21,72
10.10.2025 18:30;23,56
10.10.2025 18:45;25,18
10.10.2025 19:00;24,32
10.10.2025 19:15;21,88
10.10.2025 19:30;22,82
10.10.2025 19:45;29,04
10.10.2025 20:00;17,18
10.10.2025 20:15;11,7
10.10.2025 20:30;11,7
10.10.2025 20:45;11,66
10.10.2025 21:00;11,82
10.10.2025 21:15;8,74
10.10.2025 21:30;9,54
10.10.2025 21:45;9,66
10.10.2025 22:00;9,3
10.10.2025 22:15;10,96
10.10.2025 22:30;9,26
10.10.2025 22:45;9
10.10.2025 23:00;8,86
10.10.2025 23:15;7,64
10.10.2025 23:30;8,3
10.10.2025 23:45;8,36
11.10.2025 00:00;7,28
11.10.2025 00:15;7,14
11.10.2025 00:30;7,56
11.10.2025 00:45;9,7
11.10.2025 01:00;5,96
11.10.2025 01:15;6,74
11.10.2025 01:30;6,54
11.10.2025 01:45;5,98
11.10.2025 02:00;5,74
11.10.2025 02:15;6,18
11.10.2025 02:30;4,9
11.10.2025 02:45;3,76
11.10.2025 03:00;4,6
11.10.2025 03:15;7,2
11.10.2025 03:30;4,66
11.10.2025 03:45;4,06
11.10.2025 04:00;5,12
11.10.2025 04:15;4,96
11.10.2025 04:30;4,08
11.10.2025 04:45;5,36
11.10.2025 05:00;9,14
11.10.2025 05:15;9,46
11.10.2025 05:30;10,02
11.10.2025 05:45;13,56
11.10.2025 06:00;12,18
11.10.2025 06:15;10,76
11.10.2025 06:30;12,12
11.10.2025 06:45;12,7
11.10.2025 07:00;11,3
11.10.2025 07:15;10,22
11.10.2025 07:30;13,04
11.10.2025 07:45;11,8
11.10.2025 08:00;8,48
11.10.2025 08:15;8
11.10.2025 08:30;10,16
11.10.2025 08:45;4,6
11.10.2025 09:00;1,88
11.10.2025 09:15;2,42
11.10.2025 09:30;2,64
11.10.2025 09:45;1,7
11.10.2025 10:00;0,42
11.10.2025 10:15;0,14
11.10.2025 10:30;0
11.10.2025 10:45;0
11.10.2025 11:00;0
11.10.2025 11:15;0
11.10.2025 11:30;0
11.10.2025 11:45;0
11.10.2025 12:00;0
11.10.2025 12:15;0
11.10.2025 12:30;0
11.10.2025 12:45;0
11.10.2025 13:00;0,84
11.10.2025 13:15;0
11.10.2025 13:30;0
11.10.2025 13:45;0
11.10.2025 14:00;0
11.10.2025 14:15;0,06
11.10.2025 14:30;0
11.10.2025 14:45;0
11.10.2025 15:00;0
11.10.2025 15:15;0
11.10.2025 15:30;0
11.10.2025 15:45;0,06
11.10.2025 16:00;0,1
11.10.2025 16:15;0,62
11.10.2025 16:30;3,16
11.10.2025 16:45;0,88
11.10.2025 17:00;0,4
11.10.2025 17:15;2,1
11.10.2025 17:30;2,96
11.10.2025 17:45;2,84
11.10.2025 18:00;4,66
11.10.2025 18:15;4,88
11.10.2025 18:30;5
11.10.2025 18:45;6,08
11.10.2025 19:00;5,16
11.10.2025 19:15;5,74
11.10.2025 19:30;7,06
11.10.2025 19:45;5,08
11.10.2025 20:00;5,32
11.10.2025 20:15;4,82
11.10.2025 20:30;5,68
11.10.2025 20:45;5,62
11.10.2025 21:00;4,32
11.10.2025 21:15;6,8
11.10.2025 21:30;7,46
11.10.2025 21:45;5,56
11.10.2025 22:00;7,84
11.10.2025 22:15;5,36
11.10.2025 22:30;5,12
11.10.2025 22:45;4,16
11.10.2025 23:00;5,26
11.10.2025 23:15;5,08
11.10.2025 23:30;4,46
11.10.2025 23:45;5,52
12.10.2025 00:00;5,96
12.10.2025 00:15;5,6
12.10.2025 00:30;7,46
12.10.2025 00:45;4,78
12.10.2025 01:00;5,02
12.10.2025 01:15;3,86
12.10.2025 01:30;4,66
12.10.2025 01:45;5,34
12.10.2025 02:00;4,16
12.10.2025 02:15;4,74
12.10.2025 02:30;4,88
12.10.2025 02:45;4,32
12.10.2025 03:00;8
12.10.2025 03:15;4,7
12.10.2025 03:30;4,7
12.10.2025 03:45;4,04
12.10.2025 04:00;4,98
12.10.2025 04:15;4,94
12.10.2025 04:30;4,54
12.10.2025 04:45;4,74
12.10.2025 05:00;4,9
12.10.2025 05:15;5,16
12.10.2025 05:30;7,62
12.10.2025 05:45;5,12
12.10.2025 06:00;5,14
12.10.2025 06:15;4,44
12.10.2025 06:30;4,7
12.10.2025 06:45;5,06
12.10.2025 07:00;4,62
12.10.2025 07:15;4,2
12.10.2025 07:30;4,92
12.10.2025 07:45;5,06
12.10.2025 08:00;6,26
12.10.2025 08:15;2,62
12.10.2025 08:30;2,4
12.10.2025 08:45;1,82
12.10.2025 09:00;0,06
12.10.2025 09:15;0,48
12.10.2025 09:30;0
12.10.2025 09:45;0
12.10.2025 10:00;0
12.10.2025 10:15;0
12.10.2025 10:30;0
12.10.2025 10:45;0
12.10.2025 11:00;0,34
12.10.2025 11:15;0,14
12.10.2025 11:30;0
12.10.2025 11:45;0
12.10.2025 12:00;0
12.10.2025 12:15;0
12.10.2025 12:30;0
12.10.2025 12:45;0
12.10.2025 13:00;0,12
12.10.2025 13:15;0
12.10.2025 13:30;0
12.10.2025 13:45;0
12.10.2025 14:00;0
12.10.2025 14:15;0
12.10.2025 14:30;0
12.10.2025 14:45;0
12.10.2025 15:00;0
12.10.2025 15:15;0
12.10.2025 15:30;0,18
12.10.2025 15:45;0
12.10.2025 16:00;0
12.10.2025 16:15;0,08
12.10.2025 16:30;0,32
12.10.2025 16:45;0,54
12.10.2025 17:00;0,2
12.10.2025 17:15;1,84
12.10.2025 17:30;2,82
12.10.2025 17:45;2,64
12.10.2025 18:00;7,88
12.10.2025 18:15;4,48
12.10.2025 18:30;4,52
12.10.2025 18:45;4,32
12.10.2025 19:00;5,06
12.10.2025 19:15;5,2
12.10.2025 19:30;4,18
12.10.2025 19:45;4,94
12.10.2025 20:00;5,28
12.10.2025 20:15;4,82
12.10.2025 20:30;8,56
12.10.2025 20:45;5,82
12.10.2025 21:00;5,08
12.10.2025 21:15;4,14
12.10.2025 21:30;5,18
12.10.2025 21:45;5,48
12.10.2025 22:00;6,86
12.10.2025 22:15;5,76
12.10.2025 22:30;5,1
12.10.2025 22:45;5,34
12.10.2025 23:00;7,62
12.10.2025 23:15;5,36
12.10.2025 23:30;5,26
12.10.2025 23:45;4,96
13.10.2025 00:00;3,72
13.10.2025 00:15;4,86
13.10.2025 00:30;4,58
13.10.2025 00:45;3,84
13.10.2025 01:00;4,76
13.10.2025 01:15;4,66
13.10.2025 01:30;7,7
13.10.2025 01:45;4,44
13.10.2025 02:00;4,74
13.10.2025 02:15;5,08
13.10.2025 02:30;4,26
13.10.2025 02:45;4,38
13.10.2025 03:00;4,9
13.10.2025 03:15;4,68
13.10.2025 03:30;3,82
13.10.2025 03:45;4,9
13.10.2025 04:00;7,48
13.10.2025 04:15;5,46
13.10.2025 04:30;4,76
13.10.2025 04:45;4,94
13.10.2025 05:00;10,42
13.10.2025 05:15;10,48
13.10.2025 05:30;19,26
13.10.2025 05:45;45,04
13.10.2025 06:00;67,82
13.10.2025 06:15;83,24
13.10.2025 06:30;88,92
13.10.2025 06:45;87,96
13.10.2025 07:00;89,02
13.10.2025 07:15;88,84
13.10.2025 07:30;87,52
13.10.2025 07:45;89,68
13.10.2025 08:00;83,46
13.10.2025 08:15;98,44
13.10.2025 08:30;93,02
13.10.2025 08:45;92,22
13.10.2025 09:00;74,32
13.10.2025 09:15;77,22
13.10.2025 09:30;86,12
13.10.2025 09:45;71,2
13.10.2025 10:00;74,38
13.10.2025 10:15;82,84
13.10.2025 10:30;79,08
13.10.2025 10:45;86,22
13.10.2025 11:00;72,9
13.10.2025 11:15;65,7
13.10.2025 11:30;74,68
13.10.2025 11:45;71,2
13.10.2025 12:00;57,36
13.10.2025 12:15;55,4
13.10.2025 12:30;47,78
13.10.2025 12:45;44,38
13.10.2025 13:00;33,4
13.10.2025 13:15;54,62
13.10.2025 13:30;60,04
13.10.2025 13:45;49,92
13.10.2025 14:00;48,92
13.10.2025 14:15;59,36
13.10.2025 14:30;65,48
13.10.2025 14:45;64,74
13.10.2025 15:00;56,26
13.10.2025 15:15;54,88
13.10.2025 15:30;60,48
13.10.2025 15:45;51,7
13.10.2025 16:00;58,88
13.10.2025 16:15;58,58
13.10.2025 16:30;45,86
13.10.2025 16:45;76,9
13.10.2025 17:00;49,84
13.10.2025 17:15;55,16
13.10.2025 17:30;70,46
13.10.2025 17:45;75,26
13.10.2025 18:00;79,76
13.10.2025 18:15;84,36
13.10.2025 18:30;83,2
13.10.2025 18:45;80,6
13.10.2025 19:00;83,76
13.10.2025 19:15;83,72
13.10.2025 19:30;90,18
13.10.2025 19:45;77,34
13.10.2025 20:00;62,82
13.10.2025 20:15;71,7
13.10.2025 20:30;78,2
13.10.2025 20:45;86
13.10.2025 21:00;84,28
13.10.2025 21:15;82,58
13.10.2025 21:30;80,82
13.10.2025 21:45;83,5
13.10.2025 22:00;87,58
13.10.2025 22:15;85,28
13.10.2025 22:30;81,08
13.10.2025 22:45;60,78
13.10.2025 23:00;42,32
13.10.2025 23:15;22,2
13.10.2025 23:30;15,9
13.10.2025 23:45;11,54
14.10.2025 00:00;11,02
14.10.2025 00:15;10,56
14.10.2025 00:30;10,52
14.10.2025 00:45;10,64
14.10.2025 01:00;10,24
14.10.2025 01:15;10,28
14.10.2025 01:30;10,28
14.10.2025 01:45;9,9
14.10.2025 02:00;10,28
14.10.2025 02:15;11,5
14.10.2025 02:30;7,86
14.10.2025 02:45;8,1
14.10.2025 03:00;7,8
14.10.2025 03:15;7,82
14.10.2025 03:30;7,96
14.10.2025 03:45;7,7
14.10.2025 04:00;7,78
14.10.2025 04:15;8,06
14.10.2025 04:30;7,68
14.10.2025 04:45;10,64
14.10.2025 05:00;11,86
14.10.2025 05:15;15,36
14.10.2025 05:30;41,34
14.10.2025 05:45;78,34
14.10.2025 06:00;78,22
14.10.2025 06:15;88,72
14.10.2025 06:30;87,64
14.10.2025 06:45;94,66
14.10.2025 07:00;91,42
14.10.2025 07:15;90,28
14.10.2025 07:30;88,26
14.10.2025 07:45;85,48
14.10.2025 08:00;84,96
14.10.2025 08:15;76,22
14.10.2025 08:30;67,4
14.10.2025 08:45;67,14
14.10.2025 09:00;54,98
14.10.2025 09:15;58,6
14.10.2025 09:30;60,54
14.10.2025 09:45;49,98
14.10.2025 10:00;44,16
14.10.2025 10:15;46,44
14.10.2025 10:30;44,6
14.10.2025 10:45;43,8
14.10.2025 11:00;34,72
14.10.2025 11:15;30,54
14.10.2025 11:30;21,2
14.10.2025 11:45;24,26
14.10.2025 12:00;11,3
14.10.2025 12:15;22,34
14.10.2025 12:30;30,24
14.10.2025 12:45;39,2
14.10.2025 13:00;39,34
14.10.2025 13:15;35,9
14.10.2025 13:30;41,5
14.10.2025 13:45;39,82
14.10.2025 14:00;31,16
14.10.2025 14:15;41,08
14.10.2025 14:30;41,34
14.10.2025 14:45;44,56
14.10.2025 15:00;44,06
14.10.2025 15:15;39,82
14.10.2025 15:30;49,36
14.10.2025 15:45;48,38
14.10.2025 16:00;48,16
14.10.2025 16:15;54,5
14.10.2025 16:30;52,58
14.10.2025 16:45;62,12
14.10.2025 17:00;50,58
14.10.2025 17:15;70,72
14.10.2025 17:30;85,06
14.10.2025 17:45;80,34
14.10.2025 18:00;78,64
14.10.2025 18:15;76,6
14.10.2025 18:30;71,74
14.10.2025 18:45;73,68
14.10.2025 19:00;78,68
14.10.2025 19:15;81,54
14.10.2025 19:30;75,2
14.10.2025 19:45;77,76
14.10.2025 20:00;55,48
14.10.2025 20:15;63,86
14.10.2025 20:30;72,04
14.10.2025 20:45;71,24
14.10.2025 21:00;75,36
14.10.2025 21:15;74
14.10.2025 21:30;72,96
14.10.2025 21:45;65,94
14.10.2025 22:00;64,08
14.10.2025 22:15;72,8
14.10.2025 22:30;72,74
14.10.2025 22:45;67,96
14.10.2025 23:00;52,06
14.10.2025 23:15;43,3
14.10.2025 23:30;42,4
14.10.2025 23:45;41,6
15.10.2025 00:00;33,7
15.10.2025 00:15;27,6
15.10.2025 00:30;24,9
15.10.2025 00:45;30,06
15.10.2025 01:00;26,08
15.10.2025 01:15;25,04
15.10.2025 01:30;26,42
15.10.2025 01:45;11,12
15.10.2025 02:00;9,36
15.10.2025 02:15;9,3
15.10.2025 02:30;8,96
15.10.2025 02:45;9,16
15.10.2025 03:00;10,78
15.10.2025 03:15;10,78
15.10.2025 03:30;8,82
15.10.2025 03:45;7,4
15.10.2025 04:00;7,72
15.10.2025 04:15;8,02
15.10.2025 04:30;7,54
15.10.2025 04:45;7,44
15.10.2025 05:00;11,44
15.10.2025 05:15;14,88
15.10.2025 05:30;34,72
15.10.2025 05:45;47,24
15.10.2025 06:00;61,44
15.10.2025 06:15;78,16
15.10.2025 06:30;80,1
15.10.2025 06:45;77,08
15.10.2025 07:00;78,84
15.10.2025 07:15;92,94
15.10.2025 07:30;90,62
15.10.2025 07:45;73,88
15.10.2025 08:00;70,08
15.10.2025 08:15;60,74
15.10.2025 08:30;59,02
15.10.2025 08:45;64,98
15.10.2025 09:00;55,48
15.10.2025 09:15;66,86
15.10.2025 09:30;63,06
15.10.2025 09:45;46,94
15.10.2025 10:00;41,42
15.10.2025 10:15;61,52
15.10.2025 10:30;68,32
15.10.2025 10:45;64,06
15.10.2025 11:00;53,14
15.10.2025 11:15;50,62
15.10.2025 11:30;46,84
15.10.2025 11:45;39,48
15.10.2025 12:00;32,64
15.10.2025 12:15;39,64
15.10.2025 12:30;44,26
15.10.2025 12:45;44,74
15.10.2025 13:00;54,86
15.10.2025 13:15;40,4
15.10.2025 13:30;45,34
15.10.2025 13:45;57,04
15.10.2025 14:00;65,82
15.10.2025 14:15;66,34
15.10.2025 14:30;68,04
15.10.2025 14:45;25,1
15.10.2025 15:00;35,1
15.10.2025 15:15;59,68
15.10.2025 15:30;35,96
15.10.2025 15:45;30,2
15.10.2025 16:00;31,62
15.10.2025 16:15;57,96
15.10.2025 16:30;56,54
15.10.2025 16:45;59,68
15.10.2025 17:00;42,26
15.10.2025 17:15;53,64
15.10.2025 17:30;59,52
15.10.2025 17:45;75,2
15.10.2025 18:00;79,42
15.10.2025 18:15;81,6
15.10.2025 18:30;79,1
15.10.2025 18:45;77,76
15.10.2025 19:00;78,64
15.10.2025 19:15;75,14
15.10.2025 19:30;74,26
15.10.2025 19:45;62,86
15.10.2025 20:00;40,62
15.10.2025 20:15;61,68
15.10.2025 20:30;74,58
15.10.2025 20:45;77,44
15.10.2025 21:00;78,32
15.10.2025 21:15;75,56
15.10.2025 21:30;74,98
15.10.2025 21:45;87,02
15.10.2025 22:00;80,62
15.10.2025 22:15;73,38
15.10.2025 22:30;67,76
15.10.2025 22:45;64,34
15.10.2025 23:00;67,84
15.10.2025 23:15;54,04
15.10.2025 23:30;41,1
15.10.2025 23:45;32,3
16.10.2025 00:00;20,96
16.10.2025 00:15;11,24
16.10.2025 00:30;10,78
16.10.2025 00:45;10,56
16.10.2025 01:00;10,62
16.10.2025 01:15;10,54
16.10.2025 01:30;10,4
16.10.2025 01:45;10,34
16.10.2025 02:00;10,52
16.10.2025 02:15;12,56
16.10.2025 02:30;9,92
16.10.2025 02:45;9,52
16.10.2025 03:00;9,24
16.10.2025 03:15;9,24
16.10.2025 03:30;8,76
16.10.2025 03:45;9,3
16.10.2025 04:00;8,8
16.10.2025 04:15;8,8
16.10.2025 04:30;12,02
16.10.2025 04:45;8,86
16.10.2025 05:00;12,62
16.10.2025 05:15;17,04
16.10.2025 05:30;39,9
16.10.2025 05:45;71,34
16.10.2025 06:00;78,9
16.10.2025 06:15;77,98
16.10.2025 06:30;76,4
16.10.2025 06:45;74,2
16.10.2025 07:00;75,02
16.10.2025 07:15;73,28
16.10.2025 07:30;73,98
16.10.2025 07:45;72,56
16.10.2025 08:00;72,1
16.10.2025 08:15;73,78
16.10.2025 08:30;69,46
16.10.2025 08:45;71,08
16.10.2025 09:00;47,22
16.10.2025 09:15;55,44
16.10.2025 09:30;66,88
16.10.2025 09:45;57,58
16.10.2025 10:00;63,18
16.10.2025 10:15;60,84
16.10.2025 10:30;56,7
16.10.2025 10:45;43,2
16.10.2025 11:00;39,86
16.10.2025 11:15;44,86
16.10.2025 11:30;53,44
16.10.2025 11:45;52,64
16.10.2025 12:00;43,66
16.10.2025 12:15;50,52
16.10.2025 12:30;50,36
16.10.2025 12:45;48,04
16.10.2025 13:00;33,76
16.10.2025 13:15;45,68
16.10.2025 13:30;48,74
16.10.2025 13:45;32,28
16.10.2025 14:00;41,44
16.10.2025 14:15;55,16
16.10.2025 14:30;60,4
16.10.2025 14:45;49,16
16.10.2025 15:00;42,4
16.10.2025 15:15;54,26
16.10.2025 15:30;67,72
16.10.2025 15:45;77,68
16.10.2025 16:00;74,92
16.10.2025 16:15;76,64
16.10.2025 16:30;71,88
16.10.2025 16:45;78,58
16.10.2025 17:00;54,7
16.10.2025 17:15;82,26
16.10.2025 17:30;78,6
16.10.2025 17:45;79,5
16.10.2025 18:00;78,04
16.10.2025 18:15;69,86
16.10.2025 18:30;76,58
16.10.2025 18:45;79,54
16.10.2025 19:00;74,48
16.10.2025 19:15;75,96
16.10.2025 19:30;83,14
16.10.2025 19:45;87,16
16.10.2025 20:00;68,78
16.10.2025 20:15;75,32
16.10.2025 20:30;83,72
16.10.2025 20:45;75,62
16.10.2025 21:00;66,08
16.10.2025 21:15;63,8
16.10.2025 21:30;77,3
16.10.2025 21:45;75,34
16.10.2025 22:00;76,1
16.10.2025 22:15;64,28
16.10.2025 22:30;60,32
16.10.2025 22:45;57,94
16.10.2025 23:00;47,14
16.10.2025 23:15;42,46
16.10.2025 23:30;43,42
16.10.2025 23:45;42,12
17.10.2025 00:00;39,54
17.10.2025 00:15;41,94
17.10.2025 00:30;38,64
17.10.2025 00:45;40,46
17.10.2025 01:00;33,5
17.10.2025 01:15;22,84
17.10.2025 01:30;24,4
17.10.2025 01:45;28,66
17.10.2025 02:00;21,48
17.10.2025 02:15;26,16
17.10.2025 02:30;24,66
17.10.2025 02:45;21,38
17.10.2025 03:00;26,34
17.10.2025 03:15;13,16
17.10.2025 03:30;8,74
17.10.2025 03:45;8,44
17.10.2025 04:00;7,42
17.10.2025 04:15;7,4
17.10.2025 04:30;7,12
17.10.2025 04:45;7,2
17.10.2025 05:00;9,96
17.10.2025 05:15;15,26
17.10.2025 05:30;44,24
17.10.2025 05:45;66,14
17.10.2025 06:00;75,36
17.10.2025 06:15;77,52
17.10.2025 06:30;90,14
17.10.2025 06:45;94,84
17.10.2025 07:00;84,52
17.10.2025 07:15;81,9
17.10.2025 07:30;75,48
17.10.2025 07:45;66,02
17.10.2025 08:00;67,38
17.10.2025 08:15;73,5
17.10.2025 08:30;74,7
17.10.2025 08:45;78
17.10.2025 09:00;64,32
17.10.2025 09:15;62,58
17.10.2025 09:30;71,18
17.10.2025 09:45;65,36
17.10.2025 10:00;62,1
17.10.2025 10:15;64,44
17.10.2025 10:30;58,42
17.10.2025 10:45;52,76
17.10.2025 11:00;50,16
17.10.2025 11:15;49,3
17.10.2025 11:30;56,48
17.10.2025 11:45;65,7
17.10.2025 12:00;47,14
17.10.2025 12:15;54,72
17.10.2025 12:30;47,36
17.10.2025 12:45;64,7
17.10.2025 13:00;84,52
17.10.2025 13:15;80,8
17.10.2025 13:30;74,76
17.10.2025 13:45;61
17.10.2025 14:00;65,12
17.10.2025 14:15;70,86
17.10.2025 14:30;57,64
17.10.2025 14:45;52,08
17.10.2025 15:00;65,96
17.10.2025 15:15;69,1
17.10.2025 15:30;75,34
17.10.2025 15:45;76,56
17.10.2025 16:00;77,82
17.10.2025 16:15;75,56
17.10.2025 16:30;82,74
17.10.2025 16:45;79,68
17.10.2025 17:00;60,02
17.10.2025 17:15;69,02
17.10.2025 17:30;75,66
17.10.2025 17:45;76,14
17.10.2025 18:00;79,9
17.10.2025 18:15;79,38
17.10.2025 18:30;71,3
17.10.2025 18:45;80,72
17.10.2025 19:00;83,6
17.10.2025 19:15;87,76
17.10.2025 19:30;80,98
17.10.2025 19:45;55,58
17.10.2025 20:00;26,6
17.10.2025 20:15;11,52
17.10.2025 20:30;8,3
17.10.2025 20:45;8,34
17.10.2025 21:00;8,14
17.10.2025 21:15;8,18
17.10.2025 21:30;8,38
17.10.2025 21:45;7,98
17.10.2025 22:00;7,86
17.10.2025 22:15;8,24
17.10.2025 22:30;7,8
17.10.2025 22:45;9,06
17.10.2025 23:00;8,14
17.10.2025 23:15;6,58
17.10.2025 23:30;6,2
17.10.2025 23:45;6,36
18.10.2025 00:00;5,58
18.10.2025 00:15;5,3
18.10.2025 00:30;5,46
18.10.2025 00:45;5,3
18.10.2025 01:00;5
18.10.2025 01:15;3,44
18.10.2025 01:30;3,22
18.10.2025 01:45;3,24
18.10.2025 02:00;3,54
18.10.2025 02:15;7,02
18.10.2025 02:30;3,52
18.10.2025 02:45;3,32
18.10.2025 03:00;2,92
18.10.2025 03:15;2,92
18.10.2025 03:30;3,22
18.10.2025 03:45;2,9
18.10.2025 04:00;3,26
18.10.2025 04:15;3,44
18.10.2025 04:30;3,26
18.10.2025 04:45;3,18
18.10.2025 05:00;3,74
18.10.2025 05:15;5,12
18.10.2025 05:30;6,08
18.10.2025 05:45;6,38
18.10.2025 06:00;7,1
18.10.2025 06:15;7,44
18.10.2025 06:30;7,42
18.10.2025 06:45;9,28
18.10.2025 07:00;6,48
18.10.2025 07:15;6,04
18.10.2025 07:30;6,04
18.10.2025 07:45;6,38
18.10.2025 08:00;5,78
18.10.2025 08:15;5,12
18.10.2025 08:30;5,14
18.10.2025 08:45;4,28
18.10.2025 09:00;2,76
18.10.2025 09:15;1,26
18.10.2025 09:30;0,04
18.10.2025 09:45;0,1
18.10.2025 10:00;0
18.10.2025 10:15;0
18.10.2025 10:30;0
18.10.2025 10:45;0
18.10.2025 11:00;0
18.10.2025 11:15;0
18.10.2025 11:30;0
18.10.2025 11:45;0
18.10.2025 12:00;0
18.10.2025 12:15;0
18.10.2025 12:30;0
18.10.2025 12:45;0
18.10.2025 13:00;0
18.10.2025 13:15;0
18.10.2025 13:30;0
18.10.2025 13:45;0
18.10.2025 14:00;0
18.10.2025 14:15;0
18.10.2025 14:30;0
18.10.2025 14:45;0
18.10.2025 15:00;0
18.10.2025 15:15;0
18.10.2025 15:30;0
18.10.2025 15:45;0
18.10.2025 16:00;0
18.10.2025 16:15;0
18.10.2025 16:30;0
18.10.2025 16:45;0
18.10.2025 17:00;0
18.10.2025 17:15;0,24
18.10.2025 17:30;1,02
18.10.2025 17:45;1,9
18.10.2025 18:00;5,92
18.10.2025 18:15;6,3
18.10.2025 18:30;6,54
18.10.2025 18:45;6,92
18.10.2025 19:00;6,74
18.10.2025 19:15;7,1
18.10.2025 19:30;6,92
18.10.2025 19:45;9,72
18.10.2025 20:00;7,12
18.10.2025 20:15;6,82
18.10.2025 20:30;7,06
18.10.2025 20:45;6,88
18.10.2025 21:00;3,98
18.10.2025 21:15;4,7
18.10.2025 21:30;3,96
18.10.2025 21:45;4,8
18.10.2025 22:00;4,22
18.10.2025 22:15;3,76
18.10.2025 22:30;3,46
18.10.2025 22:45;3,6
18.10.2025 23:00;3,88
18.10.2025 23:15;6,22
18.10.2025 23:30;3,96
18.10.2025 23:45;3,6
19.10.2025 00:00;3
19.10.2025 00:15;3,26
19.10.2025 00:30;3,04
19.10.2025 00:45;3,14
19.10.2025 01:00;2,96
19.10.2025 01:15;4,46
19.10.2025 01:30;5,34
19.10.2025 01:45;3,68
19.10.2025 02:00;2,94
19.10.2025 02:15;3,26
19.10.2025 02:30;2,94
19.10.2025 02:45;3,02
19.10.2025 03:00;3,26
19.10.2025 03:15;3,16
19.10.2025 03:30;5,42
19.10.2025 03:45;3,42
19.10.2025 04:00;3,34
19.10.2025 04:15;3,4
19.10.2025 04:30;3,28
19.10.2025 04:45;3,36
19.10.2025 05:00;3,84
19.10.2025 05:15;3,64
19.10.2025 05:30;3,28
19.10.2025 05:45;3,44
19.10.2025 06:00;3,3
19.10.2025 06:15;3,3
19.10.2025 06:30;3,42
19.10.2025 06:45;3,28
19.10.2025 07:00;2,92
19.10.2025 07:15;4,46
19.10.2025 07:30;4
19.10.2025 07:45;2,4
19.10.2025 08:00;0,76
19.10.2025 08:15;0
19.10.2025 08:30;0,08
19.10.2025 08:45;0
19.10.2025 09:00;0
19.10.2025 09:15;0
19.10.2025 09:30;0
19.10.2025 09:45;0
19.10.2025 10:00;0
19.10.2025 10:15;0
19.10.2025 10:30;0
19.10.2025 10:45;0
19.10.2025 11:00;0
19.10.2025 11:15;0
19.10.2025 11:30;0
19.10.2025 11:45;0
19.10.2025 12:00;0
19.10.2025 12:15;0
19.10.2025 12:30;0
19.10.2025 12:45;0
19.10.2025 13:00;0
19.10.2025 13:15;0
19.10.2025 13:30;0
19.10.2025 13:45;0
19.10.2025 14:00;0
19.10.2025 14:15;0
19.10.2025 14:30;0
19.10.2025 14:45;0
19.10.2025 15:00;0
19.10.2025 15:15;0
19.10.2025 15:30;0
19.10.2025 15:45;0
19.10.2025 16:00;0
19.10.2025 16:15;0
19.10.2025 16:30;0
19.10.2025 16:45;0,02
20.10.2025 17:00;43,72
20.10.2025 17:15;56,06
20.10.2025 17:30;60,78
20.10.2025 17:45;57,7
20.10.2025 18:00;51,26
20.10.2025 18:15;61,26
20.10.2025 18:30;60,42
20.10.2025 18:45;63,7
20.10.2025 19:00;64,56
20.10.2025 19:15;65,82
20.10.2025 19:30;64,42
20.10.2025 19:45;62,18
20.10.2025 20:00;47,96
20.10.2025 20:15;45,9
20.10.2025 20:30;61
20.10.2025 20:45;62,08
20.10.2025 21:00;64,1
20.10.2025 21:15;62,5
20.10.2025 21:30;61,14
20.10.2025 21:45;55
20.10.2025 22:00;58,36
20.10.2025 22:15;50,2
20.10.2025 22:30;46,36
20.10.2025 22:45;52,86
20.10.2025 23:00;37,82
20.10.2025 23:15;22,52
20.10.2025 23:30;13,8
20.10.2025 23:45;13,74
21.10.2025 00:00;10,62
21.10.2025 00:15;10,44
21.10.2025 00:30;10,26
21.10.2025 00:45;10,46
21.10.2025 01:00;10,38
21.10.2025 01:15;10,12
21.10.2025 01:30;10,02
21.10.2025 01:45;10
21.10.2025 02:00;9,94
21.10.2025 02:15;12,18
21.10.2025 02:30;9,36
21.10.2025 02:45;8,92
21.10.2025 03:00;8,42
21.10.2025 03:15;6,96
21.10.2025 03:30;7,24
21.10.2025 03:45;7,22
21.10.2025 04:00;6,92
21.10.2025 04:15;7,24
21.10.2025 04:30;8,64
21.10.2025 04:45;12,12
21.10.2025 05:00;12,34
21.10.2025 05:15;14,58
21.10.2025 05:30;33,86
21.10.2025 05:45;42,26
21.10.2025 06:00;45,04
21.10.2025 06:15;48,46
21.10.2025 06:30;47,84
21.10.2025 06:45;47,72
21.10.2025 07:00;52,76
21.10.2025 07:15;55,8
21.10.2025 07:30;54,14
21.10.2025 07:45;48,64
21.10.2025 08:00;46,46
21.10.2025 08:15;55,84
21.10.2025 08:30;54,58
21.10.2025 08:45;50,6
21.10.2025 09:00;46,54
21.10.2025 09:15;53,44
21.10.2025 09:30;52,94
21.10.2025 09:45;38,12
21.10.2025 10:00;32,46
21.10.2025 10:15;40,32
21.10.2025 10:30;39,62
21.10.2025 10:45;39,3
21.10.2025 11:00;42,54
21.10.2025 11:15;26,42
21.10.2025 11:30;21,04
21.10.2025 11:45;34,68
21.10.2025 12:00;23,14
21.10.2025 12:15;8,92
21.10.2025 12:30;36,58
21.10.2025 12:45;34,92
21.10.2025 13:00;33,22
21.10.2025 13:15;34,52
21.10.2025 13:30;32,4
21.10.2025 13:45;29,4
21.10.2025 14:00;34,46
21.10.2025 14:15;25
21.10.2025 14:30;27,08
21.10.2025 14:45;51,06
21.10.2025 15:00;51,94
21.10.2025 15:15;48,58
21.10.2025 15:30;47,9
21.10.2025 15:45;61,84
21.10.2025 16:00;62,46
21.10.2025 16:15;62,06
21.10.2025 16:30;66,54
21.10.2025 16:45;65,16
21.10.2025 17:00;62,56
21.10.2025 17:15;72,84
21.10.2025 17:30;73,74
21.10.2025 17:45;74,86
21.10.2025 18:00;77,54
21.10.2025 18:15;73,58
21.10.2025 18:30;78,64
21.10.2025 18:45;75,46
21.10.2025 19:00;79,52
21.10.2025 19:15;79,5
21.10.2025 19:30;73,64
21.10.2025 19:45;72,96
21.10.2025 20:00;52,42
21.10.2025 20:15;59,86
21.10.2025 20:30;71,06
21.10.2025 20:45;81,04
21.10.2025 21:00;71,72
21.10.2025 21:15;74,2
21.10.2025 21:30;73,16
21.10.2025 21:45;73,62
21.10.2025 22:00;76,14
21.10.2025 22:15;77,26
21.10.2025 22:30;73,92
21.10.2025 22:45;65,24
21.10.2025 23:00;43,86
21.10.2025 23:15;41,2
21.10.2025 23:30;32,66
21.10.2025 23:45;34,2
22.10.2025 00:00;31,94
22.10.2025 00:15;21,1
22.10.2025 00:30;18,86
22.10.2025 00:45;11,18
22.10.2025 01:00;10,64
22.10.2025 01:15;10,34
22.10.2025 01:30;10,84
22.10.2025 01:45;10,5
22.10.2025 02:00;10,38
22.10.2025 02:15;9,06
22.10.2025 02:30;8,6
22.10.2025 02:45;9,96
22.10.2025 03:00;7,82
22.10.2025 03:15;7,42
22.10.2025 03:30;7,08
22.10.2025 03:45;7,3
22.10.2025 04:00;7,54
22.10.2025 04:15;7,16
22.10.2025 04:30;7,04
22.10.2025 04:45;10,74
22.10.2025 05:00;12,58
22.10.2025 05:15;15,1
22.10.2025 05:30;43,1
22.10.2025 05:45;64,56
22.10.2025 06:00;65,26
22.10.2025 06:15;59,48
22.10.2025 06:30;64,28
22.10.2025 06:45;64,36
22.10.2025 07:00;60,8
22.10.2025 07:15;69,32
22.10.2025 07:30;69,34
22.10.2025 07:45;71,42
22.10.2025 08:00;73,38
22.10.2025 08:15;67,86
22.10.2025 08:30;72,84
22.10.2025 08:45;69,8
22.10.2025 09:00;45,86
22.10.2025 09:15;67,58
22.10.2025 09:30;73,18
22.10.2025 09:45;74,44
22.10.2025 10:00;68,42
22.10.2025 10:15;68,12
22.10.2025 10:30;67,78
22.10.2025 10:45;59,28
22.10.2025 11:00;54,4
22.10.2025 11:15;48,64
22.10.2025 11:30;61,72
22.10.2025 11:45;48,78
22.10.2025 12:00;40,08
22.10.2025 12:15;50,72
22.10.2025 12:30;62,26
22.10.2025 12:45;62,44
22.10.2025 13:00;56,76
22.10.2025 13:15;51,44
22.10.2025 13:30;52,6
22.10.2025 13:45;68,9
22.10.2025 14:00;43,84
22.10.2025 14:15;61,04
22.10.2025 14:30;33,22
22.10.2025 14:45;48,12
22.10.2025 15:00;56,22
22.10.2025 15:15;56,2
22.10.2025 15:30;54,54
22.10.2025 15:45;49,94
22.10.2025 16:00;59,02
22.10.2025 16:15;59,72
22.10.2025 16:30;62,56
22.10.2025 16:45;50,36
22.10.2025 17:00;32,76
22.10.2025 17:15;30,56
22.10.2025 17:30;29,04
22.10.2025 17:45;31,5
22.10.2025 18:00;35,18
22.10.2025 18:15;29,22
22.10.2025 18:30;30,26
22.10.2025 18:45;39,44
22.10.2025 19:00;41,24
22.10.2025 19:15;38,24
22.10.2025 19:30;51,98
22.10.2025 19:45;50,56
22.10.2025 20:00;41,22
22.10.2025 20:15;43,5
22.10.2025 20:30;50,28
22.10.2025 20:45;50,22
22.10.2025 21:00;51,24
22.10.2025 21:15;45,56
22.10.2025 21:30;48,68
22.10.2025 21:45;48,04
22.10.2025 22:00;46,36
22.10.2025 22:15;42,04
22.10.2025 22:30;40,34
22.10.2025 22:45;29,74
22.10.2025 23:00;21,46
22.10.2025 23:15;18,38
22.10.2025 23:30;12,42
22.10.2025 23:45;12,18
23.10.2025 00:00;12,04
23.10.2025 00:15;12,84
23.10.2025 00:30;11,68
23.10.2025 00:45;11,52
23.10.2025 01:00;12,02
23.10.2025 01:15;11,86
23.10.2025 01:30;11,06
23.10.2025 01:45;12,52
23.10.2025 02:00;10,42
23.10.2025 02:15;10,08
23.10.2025 02:30;9,36
23.10.2025 02:45;9,06
23.10.2025 03:00;9,14
23.10.2025 03:15;9,34
23.10.2025 03:30;8,86
23.10.2025 03:45;8,3
23.10.2025 04:00;8,54
23.10.2025 04:15;9,08
23.10.2025 04:30;9,42
23.10.2025 04:45;11,78
23.10.2025 05:00;12,02
23.10.2025 05:15;14,5
23.10.2025 05:30;40,1
23.10.2025 05:45;51,86
23.10.2025 06:00;49,66
23.10.2025 06:15;49,14
23.10.2025 06:30;48,8
23.10.2025 06:45;45,48
23.10.2025 07:00;48,02
23.10.2025 07:15;48,34
23.10.2025 07:30;52,44
23.10.2025 07:45;49,88
23.10.2025 08:00;50,28
23.10.2025 08:15;51,58
23.10.2025 08:30;42,68
23.10.2025 08:45;49,86
23.10.2025 09:00;39,98
23.10.2025 09:15;49,28
23.10.2025 09:30;57,06
23.10.2025 09:45;61,24
23.10.2025 10:00;56,98
23.10.2025 10:15;57,16
23.10.2025 10:30;56,18
23.10.2025 10:45;59,48
23.10.2025 11:00;54,44
23.10.2025 11:15;50,1
23.10.2025 11:30;49,28
23.10.2025 11:45;47,52
23.10.2025 12:00;44,76
23.10.2025 12:15;59,06
23.10.2025 12:30;61,64
23.10.2025 12:45;58,3
23.10.2025 13:00;65,42
23.10.2025 13:15;90,28
23.10.2025 13:30;89,72
23.10.2025 13:45;86,98
23.10.2025 14:00;84,06
23.10.2025 14:15;65,82
23.10.2025 14:30;60,4
23.10.2025 14:45;46,06
23.10.2025 15:00;57,34
23.10.2025 15:15;75,7
23.10.2025 15:30;70,94
23.10.2025 15:45;74,3
23.10.2025 16:00;84,7
23.10.2025 16:15;69,64
23.10.2025 16:30;59,6
23.10.2025 16:45;53,2
23.10.2025 17:00;53,32
23.10.2025 17:15;59,4
23.10.2025 17:30;65,7
23.10.2025 17:45;69,88
23.10.2025 18:00;72,14
23.10.2025 18:15;77,68
23.10.2025 18:30;78,88
23.10.2025 18:45;77,7
23.10.2025 19:00;74,52
23.10.2025 19:15;82,6
23.10.2025 19:30;80,6
23.10.2025 19:45;77,04
23.10.2025 20:00;65,3
23.10.2025 20:15;70,68
23.10.2025 20:30;80,52
23.10.2025 20:45;81,28
23.10.2025 21:00;83,96
23.10.2025 21:15;78,6
23.10.2025 21:30;76,36
23.10.2025 21:45;72,32
23.10.2025 22:00;76,72
23.10.2025 22:15;84,34
23.10.2025 22:30;80,68
23.10.2025 22:45;73,7
23.10.2025 23:00;48,8
23.10.2025 23:15;31,5
23.10.2025 23:30;25,64
23.10.2025 23:45;13,32
24.10.2025 00:00;9,24
24.10.2025 00:15;9,06
24.10.2025 00:30;8,66
24.10.2025 00:45;8,36
24.10.2025 01:00;8,38
24.10.2025 01:15;8,98
24.10.2025 01:30;8,92
24.10.2025 01:45;7,98
24.10.2025 02:00;9,28
24.10.2025 02:15;10,48
24.10.2025 02:30;8,62
24.10.2025 02:45;8,2
24.10.2025 03:00;7,62
24.10.2025 03:15;7,88
24.10.2025 03:30;7,58
24.10.2025 03:45;7,88
24.10.2025 04:00;8
24.10.2025 04:15;8,32
24.10.2025 04:30;9,72
24.10.2025 04:45;11,5
24.10.2025 05:00;13,54
24.10.2025 05:15;15,08
24.10.2025 05:30;50,1
24.10.2025 05:45;77,86
24.10.2025 06:00;87,94
24.10.2025 06:15;91,48
24.10.2025 06:30;102
24.10.2025 06:45;97,84
24.10.2025 07:00;89,1
24.10.2025 07:15;104,94
24.10.2025 07:30;100,18
24.10.2025 07:45;99,32
24.10.2025 08:00;104,04
24.10.2025 08:15;101,8
24.10.2025 08:30;93,06
24.10.2025 08:45;90,94
24.10.2025 09:00;79,72
24.10.2025 09:15;91,36
24.10.2025 09:30;92,1
24.10.2025 09:45;82,82
24.10.2025 10:00;78
24.10.2025 10:15;58,24
24.10.2025 10:30;65,52
24.10.2025 10:45;72,94
24.10.2025 11:00;64,24
24.10.2025 11:15;57,68
24.10.2025 11:30;43,8
24.10.2025 11:45;61,52
24.10.2025 12:00;34,16
24.10.2025 12:15;45,98
24.10.2025 12:30;63,06
24.10.2025 12:45;39,8
24.10.2025 13:00;50,9
24.10.2025 13:15;49,2
24.10.2025 13:30;34,24
24.10.2025 13:45;43,18
24.10.2025 14:00;25,54
24.10.2025 14:15;5,78
24.10.2025 14:30;2,36
24.10.2025 14:45;6,86
24.10.2025 15:00;3,18
24.10.2025 15:15;13,14
24.10.2025 15:30;5,48
24.10.2025 15:45;15,94
24.10.2025 16:00;8,46
24.10.2025 16:15;1,58
24.10.2025 16:30;13,1
24.10.2025 16:45;18,88
24.10.2025 17:00;11,24
24.10.2025 17:15;17,04
24.10.2025 17:30;20,04
24.10.2025 17:45;20,74
24.10.2025 18:00;22,84
24.10.2025 18:15;21,58
24.10.2025 18:30;22,94
24.10.2025 18:45;22,62
24.10.2025 19:00;22,3
24.10.2025 19:15;22,6
24.10.2025 19:30;20,66
24.10.2025 19:45;18,28
24.10.2025 20:00;15,7
24.10.2025 20:15;12,02
24.10.2025 20:30;9,18
24.10.2025 20:45;9,22
24.10.2025 21:00;9,08
24.10.2025 21:15;7,72
24.10.2025 21:30;6,82
24.10.2025 21:45;6,9
24.10.2025 22:00;6,8
24.10.2025 22:15;6,82
24.10.2025 22:30;6,82
24.10.2025 22:45;9,02
24.10.2025 23:00;6,2
24.10.2025 23:15;6,08
24.10.2025 23:30;5,8
24.10.2025 23:45;5,52
25.10.2025 00:00;4,94
25.10.2025 00:15;5,02
25.10.2025 00:30;5,02
25.10.2025 00:45;4,7
25.10.2025 01:00;4,8
25.10.2025 01:15;4,66
25.10.2025 01:30;6,7
25.10.2025 01:45;5,22
25.10.2025 02:00;4,56
25.10.2025 02:15;4,56
25.10.2025 02:30;4,64
25.10.2025 02:45;4,52
25.10.2025 03:00;4,62
25.10.2025 03:15;4,34
25.10.2025 03:30;4,26
25.10.2025 03:45;4,38
25.10.2025 04:00;4,66
25.10.2025 04:15;5,5
25.10.2025 04:30;7,86
25.10.2025 04:45;5,18
25.10.2025 05:00;9,56
25.10.2025 05:15;9,7
25.10.2025 05:30;10,54
25.10.2025 05:45;10,54
25.10.2025 06:00;10,24
25.10.2025 06:15;11,8
25.10.2025 06:30;12,18
25.10.2025 06:45;11,22
25.10.2025 07:00;10,64
25.10.2025 07:15;11,04
25.10.2025 07:30;10,6
25.10.2025 07:45;10,48
25.10.2025 08:00;10
25.10.2025 08:15;12,08
25.10.2025 08:30;7,66
25.10.2025 08:45;6,14
25.10.2025 09:00;3,3
25.10.2025 09:15;0,12
25.10.2025 09:30;0,52
25.10.2025 09:45;0,72
25.10.2025 10:00;1,54
25.10.2025 10:15;2,46
25.10.2025 10:30;3,3
25.10.2025 10:45;0
25.10.2025 11:00;0,82
25.10.2025 11:15;0
25.10.2025 11:30;0
25.10.2025 11:45;1,76
25.10.2025 12:00;4,46
25.10.2025 12:15;5,24
25.10.2025 12:30;7,54
25.10.2025 12:45;7,26
25.10.2025 13:00;2,66
25.10.2025 13:15;0,7
25.10.2025 13:30;0,12
25.10.2025 13:45;0
25.10.2025 14:00;0
25.10.2025 14:15;0,12
25.10.2025 14:30;0
25.10.2025 14:45;0
25.10.2025 15:00;0
25.10.2025 15:15;0,04
25.10.2025 15:30;0
25.10.2025 15:45;0
25.10.2025 16:00;0
25.10.2025 16:15;0
25.10.2025 16:30;0,92
25.10.2025 16:45;1,8
25.10.2025 17:00;1,16
25.10.2025 17:15;2,32
25.10.2025 17:30;1,42
25.10.2025 17:45;3,16
25.10.2025 18:00;3,88
25.10.2025 18:15;4,38
25.10.2025 18:30;4,52
25.10.2025 18:45;4,28
25.10.2025 19:00;4,24
25.10.2025 19:15;4,36
25.10.2025 19:30;4,56
25.10.2025 19:45;8,44
25.10.2025 20:00;5,46
25.10.2025 20:15;4,96
25.10.2025 20:30;4,6
25.10.2025 20:45;4,64
25.10.2025 21:00;4,56
25.10.2025 21:15;4,98
25.10.2025 21:30;6,5
25.10.2025 21:45;5,72
25.10.2025 22:00;4,36
25.10.2025 22:15;4,26
25.10.2025 22:30;4,48
25.10.2025 22:45;4,52
25.10.2025 23:00;4,46
25.10.2025 23:15;4,46
25.10.2025 23:30;4,7
25.10.2025 23:45;7,16
26.10.2025 00:00;4,3
26.10.2025 00:15;4,16
26.10.2025 00:30;4,12
26.10.2025 00:45;4,2
26.10.2025 01:00;3,94
26.10.2025 01:15;4,1
26.10.2025 01:30;4,22
26.10.2025 01:45;4,3
26.10.2025 02:00;4,16
26.10.2025 02:15;4,18
26.10.2025 02:30;6,66
26.10.2025 02:45;4,28
26.10.2025 03:00;4
26.10.2025 03:15;3,98
26.10.2025 03:30;4,02
26.10.2025 03:45;4,2
26.10.2025 04:00;4,5
26.10.2025 04:15;6,98
26.10.2025 04:30;4,68
26.10.2025 04:45;4,46
26.10.2025 05:00;4,44
26.10.2025 05:15;4,52
26.10.2025 05:30;4,42
26.10.2025 05:45;4,46
26.10.2025 06:00;4,48
26.10.2025 06:15;4,44
26.10.2025 06:30;4,2
26.10.2025 06:45;4,16
26.10.2025 07:00;5,12
26.10.2025 07:15;4,24
26.10.2025 07:30;1,26
26.10.2025 07:45;0,18
26.10.2025 08:00;0,04
26.10.2025 08:15;1,3
26.10.2025 08:30;0,8
26.10.2025 08:45;0,04
26.10.2025 09:00;0
26.10.2025 09:15;0
26.10.2025 09:30;0
26.10.2025 09:45;0
26.10.2025 10:00;0
26.10.2025 10:15;0,2
26.10.2025 10:30;0
26.10.2025 10:45;0
26.10.2025 11:00;0
26.10.2025 11:15;0,02
26.10.2025 11:30;0
26.10.2025 11:45;0
26.10.2025 12:00;0
26.10.2025 12:15;0
26.10.2025 12:30;0
26.10.2025 12:45;0
26.10.2025 13:00;0
26.10.2025 13:15;0
26.10.2025 13:30;0
26.10.2025 13:45;0
26.10.2025 14:00;0
26.10.2025 14:15;0
26.10.2025 14:30;0
26.10.2025 14:45;0
26.10.2025 15:00;0
26.10.2025 15:15;0
26.10.2025 15:30;0,04
26.10.2025 15:45;0
26.10.2025 16:00;2,2
26.10.2025 16:15;1,54
26.10.2025 16:30;2,26
26.10.2025 16:45;3,08
26.10.2025 17:00;3,66
26.10.2025 17:15;4,2
26.10.2025 17:30;4,52
26.10.2025 17:45;4,56
26.10.2025 18:00;4,52
26.10.2025 18:15;4,52
26.10.2025 18:30;6,64
26.10.2025 18:45;6,74
26.10.2025 19:00;4,58
26.10.2025 19:15;4,48
26.10.2025 19:30;4,1
26.10.2025 19:45;4,14
26.10.2025 20:00;4,52
26.10.2025 20:15;4,56
26.10.2025 20:30;4,6
26.10.2025 20:45;4,52
26.10.2025 21:00;5,98
26.10.2025 21:15;6,34
26.10.2025 21:30;4,96
26.10.2025 21:45;4,9
26.10.2025 22:00;4,74
26.10.2025 22:15;4,16
26.10.2025 22:30;6,74
26.10.2025 22:45;4,34
26.10.2025 23:00;4,46
26.10.2025 23:15;4,44
26.10.2025 23:30;4,56
26.10.2025 23:45;4,46
27.10.2025 00:00;4,16
27.10.2025 00:15;4,16
27.10.2025 00:30;4,12
27.10.2025 00:45;4,2
27.10.2025 01:00;4,06
27.10.2025 01:15;6,3
27.10.2025 01:30;3,98
27.10.2025 01:45;4,3
27.10.2025 02:00;4,24
27.10.2025 02:15;4,26
27.10.2025 02:30;4,26
27.10.2025 02:45;4,26
27.10.2025 03:00;4,32
27.10.2025 03:15;4,18
27.10.2025 03:30;4,16
27.10.2025 03:45;6,14
27.10.2025 04:00;4,74
27.10.2025 04:15;4,22
27.10.2025 04:30;4,62
27.10.2025 04:45;4,54
27.10.2025 05:00;8,66
27.10.2025 05:15;11,56
27.10.2025 05:30;21,52
27.10.2025 05:45;41,6
27.10.2025 06:00;49,88
27.10.2025 06:15;66,74
27.10.2025 06:30;70,1
27.10.2025 06:45;73,24
27.10.2025 07:00;70,56
27.10.2025 07:15;62,1
27.10.2025 07:30;74,2
27.10.2025 07:45;67,96
27.10.2025 08:00;72,64
27.10.2025 08:15;67,74
27.10.2025 08:30;67,1
27.10.2025 08:45;74,74
27.10.2025 09:00;57
27.10.2025 09:15;70,2
27.10.2025 09:30;72,56
27.10.2025 09:45;76,94
27.10.2025 10:00;74,78
27.10.2025 10:15;76,54
27.10.2025 10:30;69,66
27.10.2025 10:45;71,46
27.10.2025 11:00;73,66
27.10.2025 11:15;59,62
27.10.2025 11:30;57,24
27.10.2025 11:45;53,36
27.10.2025 12:00;38,38
27.10.2025 12:15;45,86
27.10.2025 12:30;60
27.10.2025 12:45;67,9
27.10.2025 13:00;74,42
27.10.2025 13:15;76,14
27.10.2025 13:30;77,02
27.10.2025 13:45;75,12
27.10.2025 14:00;73
27.10.2025 14:15;75,14
27.10.2025 14:30;74,38
27.10.2025 14:45;60,08
27.10.2025 15:00;60,1
27.10.2025 15:15;62,92
27.10.2025 15:30;74,96
27.10.2025 15:45;62,92
27.10.2025 16:00;67,78
27.10.2025 16:15;73,84
27.10.2025 16:30;68,76
27.10.2025 16:45;61,98
27.10.2025 17:00;50,78
27.10.2025 17:15;60,9
27.10.2025 17:30;64,86
27.10.2025 17:45;66,3
27.10.2025 18:00;71,92
27.10.2025 18:15;72,5
27.10.2025 18:30;66,74
27.10.2025 18:45;77,52
27.10.2025 19:00;70,2
27.10.2025 19:15;67,12
27.10.2025 19:30;70,46
27.10.2025 19:45;73,74
27.10.2025 20:00;52,14
27.10.2025 20:15;46,72
27.10.2025 20:30;61,1
27.10.2025 20:45;63,22
27.10.2025 21:00;67,86
27.10.2025 21:15;67,06
27.10.2025 21:30;71,96
27.10.2025 21:45;70
27.10.2025 22:00;67,04
27.10.2025 22:15;64,26
27.10.2025 22:30;69,62
27.10.2025 22:45;66,72
27.10.2025 23:00;49,14
27.10.2025 23:15;41,96
27.10.2025 23:30;36,78
27.10.2025 23:45;22,86
28.10.2025 00:00;12,56
28.10.2025 00:15;11,66
28.10.2025 00:30;11,96
28.10.2025 00:45;12,02
28.10.2025 01:00;11,38
28.10.2025 01:15;14,2
28.10.2025 01:30;11,94
28.10.2025 01:45;11,22
28.10.2025 02:00;10,76
28.10.2025 02:15;11,12
28.10.2025 02:30;11,08
28.10.2025 02:45;10,78
28.10.2025 03:00;12
28.10.2025 03:15;10,28
28.10.2025 03:30;9,44
28.10.2025 03:45;9,28
28.10.2025 04:00;9,86
28.10.2025 04:15;9,28
28.10.2025 04:30;11,94
28.10.2025 04:45;9,68
28.10.2025 05:00;12,72
28.10.2025 05:15;17,36
28.10.2025 05:30;36,68
28.10.2025 05:45;54,66
28.10.2025 06:00;57,22
28.10.2025 06:15;57,08
28.10.2025 06:30;73,86
28.10.2025 06:45;74,74
28.10.2025 07:00;73,04
28.10.2025 07:15;79,96
28.10.2025 07:30;67,36
28.10.2025 07:45;60,84
28.10.2025 08:00;61,98
28.10.2025 08:15;72,5
28.10.2025 08:30;67,02
28.10.2025 08:45;67,8
28.10.2025 09:00;41,66
28.10.2025 09:15;41,92
28.10.2025 09:30;56,88
28.10.2025 09:45;60,12
28.10.2025 10:00;62,04
28.10.2025 10:15;63,3
28.10.2025 10:30;58,4
28.10.2025 10:45;57,2
28.10.2025 11:00;54,26
28.10.2025 11:15;55,14
28.10.2025 11:30;60,18
28.10.2025 11:45;60,9
28.10.2025 12:00;49,6
28.10.2025 12:15;62,96
28.10.2025 12:30;59,06
28.10.2025 12:45;52,92
28.10.2025 13:00;45,2
28.10.2025 13:15;58,06
28.10.2025 13:30;61,8
28.10.2025 13:45;61,3
28.10.2025 14:00;54,24
28.10.2025 14:15;56,4
28.10.2025 14:30;68,12
28.10.2025 14:45;81,84
28.10.2025 15:00;76,02
28.10.2025 15:15;81,66
28.10.2025 15:30;85,04
28.10.2025 15:45;92,96
28.10.2025 16:00;84,82
28.10.2025 16:15;81,4
28.10.2025 16:30;87,18
28.10.2025 16:45;86,06
28.10.2025 17:00;76,38
28.10.2025 17:15;83,7
28.10.2025 17:30;77,42
28.10.2025 17:45;80,76
28.10.2025 18:00;85,68
28.10.2025 18:15;84,02
28.10.2025 18:30;80
28.10.2025 18:45;93,4
28.10.2025 19:00;87,64
28.10.2025 19:15;80
28.10.2025 19:30;86,68
28.10.2025 19:45;87,3
28.10.2025 20:00;67,3
28.10.2025 20:15;74,64
28.10.2025 20:30;82,42
28.10.2025 20:45;80,96
28.10.2025 21:00;81,88
28.10.2025 21:15;81,06
28.10.2025 21:30;84,02
28.10.2025 21:45;94,66
28.10.2025 22:00;89,74
28.10.2025 22:15;88,34
28.10.2025 22:30;86,2
28.10.2025 22:45;85,02
28.10.2025 23:00;59,58
28.10.2025 23:15;47,1
28.10.2025 23:30;37,94
28.10.2025 23:45;20,82
29.10.2025 00:00;18
29.10.2025 00:15;19,36
29.10.2025 00:30;21,7
29.10.2025 00:45;23,88
29.10.2025 01:00;22,02
29.10.2025 01:15;13,88
29.10.2025 01:30;11,38
29.10.2025 01:45;11,96
29.10.2025 02:00;11,52
29.10.2025 02:15;10,84
29.10.2025 02:30;11,02
29.10.2025 02:45;11,22
29.10.2025 03:00;10,52
29.10.2025 03:15;13,08
29.10.2025 03:30;11,38
29.10.2025 03:45;10,5
29.10.2025 04:00;10,76
29.10.2025 04:15;11,08
29.10.2025 04:30;10,52
29.10.2025 04:45;8,26
29.10.2025 05:00;12,8
29.10.2025 05:15;18,48
29.10.2025 05:30;31,68
29.10.2025 05:45;54,54
29.10.2025 06:00;66,4
29.10.2025 06:15;65
29.10.2025 06:30;68,36
29.10.2025 06:45;67,5
29.10.2025 07:00;68,72
29.10.2025 07:15;82,32
29.10.2025 07:30;81,94
29.10.2025 07:45;86,34
29.10.2025 08:00;79,4
29.10.2025 08:15;60,76
29.10.2025 08:30;56,08
29.10.2025 08:45;62,96
29.10.2025 09:00;53,4
29.10.2025 09:15;54,68
29.10.2025 09:30;45,42
29.10.2025 09:45;56,24
29.10.2025 10:00;48,46
29.10.2025 10:15;53,74
29.10.2025 10:30;53,56
29.10.2025 10:45;42,68
29.10.2025 11:00;47,9
29.10.2025 11:15;28,62
29.10.2025 11:30;26,36
29.10.2025 11:45;44,04
29.10.2025 12:00;36,44
29.10.2025 12:15;44,08
29.10.2025 12:30;49,02
29.10.2025 12:45;58,76
29.10.2025 13:00;61,94
29.10.2025 13:15;60,24
29.10.2025 13:30;53,9
29.10.2025 13:45;57,34
29.10.2025 14:00;60,28
29.10.2025 14:15;54,14
29.10.2025 14:30;58,5
29.10.2025 14:45;56,94
29.10.2025 15:00;59,52
29.10.2025 15:15;74,04
29.10.2025 15:30;77
29.10.2025 15:45;73,08
29.10.2025 16:00;78,04
29.10.2025 16:15;84,62
29.10.2025 16:30;88,74
29.10.2025 16:45;80,58
29.10.2025 17:00;62,7
29.10.2025 17:15;75,66
29.10.2025 17:30;77,76
29.10.2025 17:45;81,56
29.10.2025 18:00;81,3
29.10.2025 18:15;85,9
29.10.2025 18:30;85,66
29.10.2025 18:45;74,16
29.10.2025 19:00;86,76
29.10.2025 19:15;85,98
29.10.2025 19:30;72,04
29.10.2025 19:45;69,06
29.10.2025 20:00;60,7
29.10.2025 20:15;66,72
29.10.2025 20:30;72,24
29.10.2025 20:45;71,58
29.10.2025 21:00;66,7
29.10.2025 21:15;69,9
29.10.2025 21:30;67,32
29.10.2025 21:45;62,58
29.10.2025 22:00;71,12
29.10.2025 22:15;71,52
29.10.2025 22:30;57,48
29.10.2025 22:45;48,88
29.10.2025 23:00;33,54
29.10.2025 23:15;25,88
29.10.2025 23:30;23,46
29.10.2025 23:45;19,32
30.10.2025 00:00;25,32
30.10.2025 00:15;23,24
30.10.2025 00:30;19,52
30.10.2025 00:45;20,78
30.10.2025 01:00;11,7
30.10.2025 01:15;8,26
30.10.2025 01:30;8,16
30.10.2025 01:45;8,76
30.10.2025 02:00;8,72
30.10.2025 02:15;8,34
30.10.2025 02:30;8,16
30.10.2025 02:45;8,08
30.10.2025 03:00;8,82
30.10.2025 03:15;10,96
30.10.2025 03:30;7,3
30.10.2025 03:45;7,36
30.10.2025 04:00;7,28
30.10.2025 04:15;7,88
30.10.2025 04:30;7,78
30.10.2025 04:45;7,18
30.10.2025 05:00;10,08
30.10.2025 05:15;12,86
30.10.2025 05:30;16,58
30.10.2025 05:45;34,74
30.10.2025 06:00;42,38
30.10.2025 06:15;41,5
30.10.2025 06:30;44,56
30.10.2025 06:45;33,26
30.10.2025 07:00;52,24
30.10.2025 07:15;53,14
30.10.2025 07:30;48,62
30.10.2025 07:45;51,72
30.10.2025 08:00;56,78
30.10.2025 08:15;53,78
30.10.2025 08:30;52,22
30.10.2025 08:45;36,76
30.10.2025 09:00;32,18
30.10.2025 09:15;23,24
30.10.2025 09:30;33,5
30.10.2025 09:45;20,98
30.10.2025 10:00;17,2
30.10.2025 10:15;24,04
30.10.2025 10:30;5,24
30.10.2025 10:45;31,12
30.10.2025 11:00;19,82
30.10.2025 11:15;7,5
30.10.2025 11:30;23,34
30.10.2025 11:45;38,82
30.10.2025 12:00;31,54
30.10.2025 12:15;21,02
30.10.2025 12:30;30,44
30.10.2025 12:45;31,98
30.10.2025 13:00;16,76
30.10.2025 13:15;42,72
30.10.2025 13:30;37,56
30.10.2025 13:45;44,42
30.10.2025 14:00;44,66
30.10.2025 14:15;42,7
30.10.2025 14:30;41,5
30.10.2025 14:45;45,66
30.10.2025 15:00;46,72
30.10.2025 15:15;52,22
30.10.2025 15:30;54,54
30.10.2025 15:45;59,96
30.10.2025 16:00;66,64
30.10.2025 16:15;62,94
30.10.2025 16:30;69,58
30.10.2025 16:45;64,86
30.10.2025 17:00;51,78
30.10.2025 17:15;59,6
30.10.2025 17:30;65,8
30.10.2025 17:45;68,86
30.10.2025 18:00;73,82
30.10.2025 18:15;72,76
30.10.2025 18:30;69,6
30.10.2025 18:45;70,64
30.10.2025 19:00;66,28
30.10.2025 19:15;61,5
30.10.2025 19:30;55,2
30.10.2025 19:45;55,12
30.10.2025 20:00;45,32
30.10.2025 20:15;57,82
30.10.2025 20:30;68,8
30.10.2025 20:45;63,82
30.10.2025 21:00;60,76
30.10.2025 21:15;66,22
30.10.2025 21:30;66,94
30.10.2025 21:45;68,7
30.10.2025 22:00;68,42
30.10.2025 22:15;64,92
30.10.2025 22:30;64,16
30.10.2025 22:45;50,94
30.10.2025 23:00;35,26
30.10.2025 23:15;31,76
30.10.2025 23:30;30,3
30.10.2025 23:45;26,1
31.10.2025 00:00;27,9
31.10.2025 00:15;29,52
31.10.2025 00:30;24,96
31.10.2025 00:45;26,2
31.10.2025 01:00;23,34
31.10.2025 01:15;20,2
31.10.2025 01:30;19,62
31.10.2025 01:45;23,98
31.10.2025 02:00;18,78
31.10.2025 02:15;19,78
31.10.2025 02:30;21,16
31.10.2025 02:45;20,98
31.10.2025 03:00;18,44
31.10.2025 03:15;19,56
31.10.2025 03:30;21,62
31.10.2025 03:45;17,24
31.10.2025 04:00;16,6
31.10.2025 04:15;18
31.10.2025 04:30;15,7
31.10.2025 04:45;14,42
31.10.2025 05:00;18,88
31.10.2025 05:15;20,58
31.10.2025 05:30;32,22
31.10.2025 05:45;48,28
31.10.2025 06:00;57,16
31.10.2025 06:15;64,52
31.10.2025 06:30;63,42
31.10.2025 06:45;54,86
31.10.2025 07:00;61,34
31.10.2025 07:15;60,96
31.10.2025 07:30;62,16
31.10.2025 07:45;57,96
31.10.2025 08:00;55,2
31.10.2025 08:15;54,22
31.10.2025 08:30;53,48
31.10.2025 08:45;50,08
31.10.2025 09:00;42,34
31.10.2025 09:15;34,82
31.10.2025 09:30;35,4
31.10.2025 09:45;39,34
31.10.2025 10:00;31,76
31.10.2025 10:15;25,88
31.10.2025 10:30;25,94
31.10.2025 10:45;28,1
31.10.2025 11:00;25,48
31.10.2025 11:15;20,74
31.10.2025 11:30;20,02
31.10.2025 11:45;21,88
31.10.2025 12:00;19,04
31.10.2025 12:15;18,04
31.10.2025 12:30;26,96
31.10.2025 12:45;22,06
31.10.2025 13:00;27,1
31.10.2025 13:15;25,52
31.10.2025 13:30;26,96
31.10.2025 13:45;27,88
31.10.2025 14:00;23,92
31.10.2025 14:15;41,88
31.10.2025 14:30;41,96
31.10.2025 14:45;47,38
31.10.2025 15:00;46,4
31.10.2025 15:15;54,76
31.10.2025 15:30;59,28
31.10.2025 15:45;62,28
31.10.2025 16:00;59,94
31.10.2025 16:15;55,1
31.10.2025 16:30;52,3
31.10.2025 16:45;56,28
31.10.2025 17:00;45,44
31.10.2025 17:15;62,16
31.10.2025 17:30;60,52
31.10.2025 17:45;57,24
31.10.2025 18:00;56,96
31.10.2025 18:15;59,26
31.10.2025 18:30;56,72
31.10.2025 18:45;53,72
31.10.2025 19:00;57,78
31.10.2025 19:15;59,74
31.10.2025 19:30;52,84
31.10.2025 19:45;45,52
31.10.2025 20:00;29,58
31.10.2025 20:15;9,98
31.10.2025 20:30;6,24
31.10.2025 20:45;5,9
31.10.2025 21:00;5,42
31.10.2025 21:15;5,94
31.10.2025 21:30;6
31.10.2025 21:45;5,94
31.10.2025 22:00;5,7
31.10.2025 22:15;5,64
31.10.2025 22:30;5,24
31.10.2025 22:45;7,64
31.10.2025 23:00;5,26
31.10.2025 23:15;5,08
31.10.2025 23:30;4,84
31.10.2025 23:45;4,72
01.11.2025 00:00;4,54
01.11.2025 00:15;3,38
01.11.2025 00:30;4
01.11.2025 00:45;3,96
01.11.2025 01:00;3,86
01.11.2025 01:15;4,04
01.11.2025 01:30;3,84
01.11.2025 01:45;4,04
01.11.2025 02:00;5,2
01.11.2025 02:15;4,44
01.11.2025 02:30;3,94
01.11.2025 02:45;3,84
01.11.2025 03:00;4
01.11.2025 03:15;3,8
01.11.2025 03:30;3,86
01.11.2025 03:45;3,18
01.11.2025 04:00;4,3
01.11.2025 04:15;4,46
01.11.2025 04:30;4,26
01.11.2025 04:45;4,42
01.11.2025 05:00;4,36
01.11.2025 05:15;5,28
01.11.2025 05:30;5,7
01.11.2025 05:45;4,4
01.11.2025 06:00;4,2
01.11.2025 06:15;4,4
01.11.2025 06:30;4,08
01.11.2025 06:45;3,42
01.11.2025 07:00;2,14
01.11.2025 07:15;0,6
01.11.2025 07:30;0,4
01.11.2025 07:45;0,1
01.11.2025 08:00;0
01.11.2025 08:15;0
01.11.2025 08:30;0
01.11.2025 08:45;0
01.11.2025 09:00;0
01.11.2025 09:15;0
01.11.2025 09:30;0
01.11.2025 09:45;0
01.11.2025 10:00;0
01.11.2025 10:15;0
01.11.2025 10:30;0
01.11.2025 10:45;0
01.11.2025 11:00;0
01.11.2025 11:15;0
01.11.2025 11:30;0
01.11.2025 11:45;0
01.11.2025 12:00;0
01.11.2025 12:15;0
01.11.2025 12:30;0
01.11.2025 12:45;0
01.11.2025 13:00;0
01.11.2025 13:15;0
01.11.2025 13:30;0
01.11.2025 13:45;0
01.11.2025 14:00;0
01.11.2025 14:15;0
01.11.2025 14:30;0,66
01.11.2025 14:45;0,56
01.11.2025 15:00;3,12
01.11.2025 15:15;1,08
01.11.2025 15:30;1,48
01.11.2025 15:45;1,82
01.11.2025 16:00;2,92
01.11.2025 16:15;3,44
01.11.2025 16:30;3,78
01.11.2025 16:45;3,8
01.11.2025 17:00;4,12
01.11.2025 17:15;4,08
01.11.2025 17:30;3,68
01.11.2025 17:45;4,28
01.11.2025 18:00;6,3
01.11.2025 18:15;6,14
01.11.2025 18:30;4,42
01.11.2025 18:45;4,4
01.11.2025 19:00;4,06
01.11.2025 19:15;3,86
01.11.2025 19:30;4,38
01.11.2025 19:45;4,24
01.11.2025 20:00;4,38
01.11.2025 20:15;4,28
01.11.2025 20:30;4,3
01.11.2025 20:45;3,88
01.11.2025 21:00;3,78
01.11.2025 21:15;4,22
01.11.2025 21:30;4,44
01.11.2025 21:45;4,8
01.11.2025 22:00;6,98
01.11.2025 22:15;4,84
01.11.2025 22:30;3,94
01.11.2025 22:45;3,82
01.11.2025 23:00;4,16
01.11.2025 23:15;4,3
01.11.2025 23:30;4,16
01.11.2025 23:45;4,4
02.11.2025 00:00;3,64
02.11.2025 00:15;3,12
02.11.2025 00:30;3,96
02.11.2025 00:45;3,76
02.11.2025 01:00;4,18
02.11.2025 01:15;6,98
02.11.2025 01:30;3,9
02.11.2025 01:45;3,34
02.11.2025 02:00;3,9
02.11.2025 02:15;3,94
02.11.2025 02:30;4,02
02.11.2025 02:45;3,9
02.11.2025 03:00;3,94
02.11.2025 03:15;3,1
02.11.2025 03:30;3,86
02.11.2025 03:45;3,86
02.11.2025 04:00;4,34
02.11.2025 04:15;4,3
02.11.2025 04:30;7,34
02.11.2025 04:45;3,54
02.11.2025 05:00;4,36
02.11.2025 05:15;4,36
02.11.2025 05:30;4,36
02.11.2025 05:45;4,32
02.11.2025 06:00;3,92
02.11.2025 06:15;3,68
02.11.2025 06:30;4,32
02.11.2025 06:45;4,02
02.11.2025 07:00;4,02
02.11.2025 07:15;3,5
02.11.2025 07:30;2,54
02.11.2025 07:45;6,82
02.11.2025 08:00;3,74
02.11.2025 08:15;3,12
02.11.2025 08:30;2,74
02.11.2025 08:45;1,56
02.11.2025 09:00;1,12
02.11.2025 09:15;1,38
02.11.2025 09:30;1,7
02.11.2025 09:45;1
02.11.2025 10:00;0,62
02.11.2025 10:15;0,02
02.11.2025 10:30;0,22
02.11.2025 10:45;0,32
02.11.2025 11:00;0,6
02.11.2025 11:15;0,68
02.11.2025 11:30;0,2
02.11.2025 11:45;0,1
02.11.2025 12:00;0,1
02.11.2025 12:15;0
02.11.2025 12:30;0
02.11.2025 12:45;0
02.11.2025 13:00;0
02.11.2025 13:15;0
02.11.2025 13:30;0,26
02.11.2025 13:45;0,08
02.11.2025 14:00;0,4
02.11.2025 14:15;0,78
02.11.2025 14:30;0,16
02.11.2025 14:45;0,28
02.11.2025 15:00;1
02.11.2025 15:15;3,18
02.11.2025 15:30;3,6
02.11.2025 15:45;2,56
02.11.2025 16:00;2,4
02.11.2025 16:15;3,5
02.11.2025 16:30;3,78
02.11.2025 16:45;4,14
02.11.2025 17:00;4,12
02.11.2025 17:15;4,4
02.11.2025 17:30;3,48
02.11.2025 17:45;4,32
02.11.2025 18:00;4,44
02.11.2025 18:15;4,48
02.11.2025 18:30;4,6
02.11.2025 18:45;4,82
02.11.2025 19:00;6,12
02.11.2025 19:15;4,56
02.11.2025 19:30;4,36
02.11.2025 19:45;4,64
02.11.2025 20:00;4,06
02.11.2025 20:15;3,68
02.11.2025 20:30;4,48
02.11.2025 20:45;4,22
02.11.2025 21:00;4,4
02.11.2025 21:15;4,32
02.11.2025 21:30;3,76
02.11.2025 21:45;4,18
02.11.2025 22:00;4,82
02.11.2025 22:15;7,5
02.11.2025 22:30;4,54
02.11.2025 22:45;4
02.11.2025 23:00;3,82
02.11.2025 23:15;4,52
02.11.2025 23:30;4,18
02.11.2025 23:45;4,36
03.11.2025 00:00;4
03.11.2025 00:15;3,28
03.11.2025 00:30;3,84
03.11.2025 00:45;4,1
03.11.2025 01:00;4,08
03.11.2025 01:15;4,04
03.11.2025 01:30;3,82
03.11.2025 01:45;3,52
03.11.2025 02:00;4,1
03.11.2025 02:15;6,82
03.11.2025 02:30;4,2
03.11.2025 02:45;3,92
03.11.2025 03:00;3,42
03.11.2025 03:15;4,04
03.11.2025 03:30;4
03.11.2025 03:45;4,08
03.11.2025 04:00;4,46
03.11.2025 04:15;4
03.11.2025 04:30;3,96
03.11.2025 04:45;8,12
03.11.2025 05:00;9,9
03.11.2025 05:15;10,78
03.11.2025 05:30;38,14
03.11.2025 05:45;62,58
03.11.2025 06:00;65,76
03.11.2025 06:15;67,68
03.11.2025 06:30;67,02
03.11.2025 06:45;70,46
03.11.2025 07:00;71,06
03.11.2025 07:15;66,08
03.11.2025 07:30;70,96
03.11.2025 07:45;61,76
03.11.2025 08:00;65,12
03.11.2025 08:15;54,88
03.11.2025 08:30;62,98
03.11.2025 08:45;59,36
03.11.2025 09:00;39,2
03.11.2025 09:15;48,08
03.11.2025 09:30;47,88
03.11.2025 09:45;52,86
03.11.2025 10:00;54,72
03.11.2025 10:15;57,42
03.11.2025 10:30;57,88
03.11.2025 10:45;56,06
03.11.2025 11:00;52,84
03.11.2025 11:15;49,7
03.11.2025 11:30;59,72
03.11.2025 11:45;56,76
03.11.2025 12:00;41,18
03.11.2025 12:15;48,32
03.11.2025 12:30;35,66
03.11.2025 12:45;50,08
03.11.2025 13:00;54,36
03.11.2025 13:15;53,42
03.11.2025 13:30;38,62
03.11.2025 13:45;42,18
03.11.2025 14:00;52
03.11.2025 14:15;53,74
03.11.2025 14:30;56,92
03.11.2025 14:45;51,24
03.11.2025 15:00;54,64
03.11.2025 15:15;57,92
03.11.2025 15:30;62,2
03.11.2025 15:45;60,88
03.11.2025 16:00;62,02
03.11.2025 16:15;55,38
03.11.2025 16:30;47,1
03.11.2025 16:45;47,32
03.11.2025 17:00;44,3
03.11.2025 17:15;45,74
03.11.2025 17:30;48,56
03.11.2025 17:45;47,56
03.11.2025 18:00;51,48
03.11.2025 18:15;47,8
03.11.2025 18:30;48,22
03.11.2025 18:45;47,88
03.11.2025 19:00;45,32
03.11.2025 19:15;44,36
03.11.2025 19:30;41,8
03.11.2025 19:45;42,78
03.11.2025 20:00;34,74
03.11.2025 20:15;39,84
03.11.2025 20:30;43,94
03.11.2025 20:45;39,62
03.11.2025 21:00;40,5
03.11.2025 21:15;37,8
03.11.2025 21:30;33,66
03.11.2025 21:45;41
03.11.2025 22:00;42,16
03.11.2025 22:15;36,94
03.11.2025 22:30;41,12
03.11.2025 22:45;38,22
03.11.2025 23:00;26,84
03.11.2025 23:15;29,4
03.11.2025 23:30;29,26
03.11.2025 23:45;24,38
04.11.2025 00:00;29,5
04.11.2025 00:15;28,96
04.11.2025 00:30;24,04
04.11.2025 00:45;29,6
04.11.2025 01:00;27,94
04.11.2025 01:15;23,9
04.11.2025 01:30;29,84
04.11.2025 01:45;27,78
04.11.2025 02:00;23
04.11.2025 02:15;27,88
04.11.2025 02:30;26,04
04.11.2025 02:45;23,92
04.11.2025 03:00;28,32
04.11.2025 03:15;25,12
04.11.2025 03:30;25,08
04.11.2025 03:45;28,52
04.11.2025 04:00;25,5
04.11.2025 04:15;25,5
04.11.2025 04:30;28,38
04.11.2025 04:45;27,1
04.11.2025 05:00;31,66
04.11.2025 05:15;34,24
04.11.2025 05:30;51,6
04.11.2025 05:45;73,5
04.11.2025 06:00;77,2
04.11.2025 06:15;73,38
04.11.2025 06:30;70,02
04.11.2025 06:45;71,32
04.11.2025 07:00;60,92
04.11.2025 07:15;58,72
04.11.2025 07:30;66,62
04.11.2025 07:45;62,98
04.11.2025 08:00;60,3
04.11.2025 08:15;56,46
04.11.2025 08:30;53,08
04.11.2025 08:45;51
04.11.2025 09:00;33,1
04.11.2025 09:15;40,72
04.11.2025 09:30;39,52
04.11.2025 09:45;43,32
04.11.2025 10:00;43,38
04.11.2025 10:15;32,24
04.11.2025 10:30;28,38
04.11.2025 10:45;33,9
04.11.2025 11:00;28,28
04.11.2025 11:15;32,28
04.11.2025 11:30;21,08
04.11.2025 11:45;19,68
04.11.2025 12:00;11,02
04.11.2025 12:15;26,92
04.11.2025 12:30;33,02
04.11.2025 12:45;31,16
04.11.2025 13:00;35,92
04.11.2025 13:15;34,68
04.11.2025 13:30;28,56
04.11.2025 13:45;36,88
04.11.2025 14:00;42,26
04.11.2025 14:15;55
04.11.2025 14:30;68,56
04.11.2025 14:45;70,18
04.11.2025 15:00;75,04
04.11.2025 15:15;73,86
04.11.2025 15:30;84,24
04.11.2025 15:45;82,66
04.11.2025 16:00;81,92
04.11.2025 16:15;87,2
04.11.2025 16:30;74,78
04.11.2025 16:45;77,52
04.11.2025 17:00;58,76
04.11.2025 17:15;52,14
04.11.2025 17:30;49,38
04.11.2025 17:45;47,56
04.11.2025 18:00;47,54
04.11.2025 18:15;46,78
04.11.2025 18:30;48,06
04.11.2025 18:45;48,26
04.11.2025 19:00;47,08
04.11.2025 19:15;43,24
04.11.2025 19:30;46,6
04.11.2025 19:45;46,76
04.11.2025 20:00;41,62
04.11.2025 20:15;42,08
04.11.2025 20:30;47,4
04.11.2025 20:45;48,06
04.11.2025 21:00;48,5
04.11.2025 21:15;43,96
04.11.2025 21:30;45,56
04.11.2025 21:45;46,76
04.11.2025 22:00;43,88
04.11.2025 22:15;47,2
04.11.2025 22:30;43,92
04.11.2025 22:45;45,08
04.11.2025 23:00;38,32
04.11.2025 23:15;38,6
04.11.2025 23:30;33,3
04.11.2025 23:45;36,9
05.11.2025 00:00;37,48
05.11.2025 00:15;36,74
05.11.2025 00:30;33,02
05.11.2025 00:45;36,66
05.11.2025 01:00;36,58
05.11.2025 01:15;36,54
05.11.2025 01:30;32,48
05.11.2025 01:45;34,34
05.11.2025 02:00;38,26
05.11.2025 02:15;35,88
05.11.2025 02:30;36,08
05.11.2025 02:45;33,34
05.11.2025 03:00;33,12
05.11.2025 03:15;35,14
05.11.2025 03:30;30,96
05.11.2025 03:45;26,86
05.11.2025 04:00;26,46
05.11.2025 04:15;28,82
05.11.2025 04:30;24,54
05.11.2025 04:45;31,1
05.11.2025 05:00;31,62
05.11.2025 05:15;33,08
05.11.2025 05:30;55,48
05.11.2025 05:45;73,12
05.11.2025 06:00;80,82
05.11.2025 06:15;75,04
05.11.2025 06:30;87,96
05.11.2025 06:45;88,14
05.11.2025 07:00;85,34
05.11.2025 07:15;85,28
05.11.2025 07:30;84,32
05.11.2025 07:45;81,4
05.11.2025 08:00;74,92
05.11.2025 08:15;71,06
05.11.2025 08:30;61,34
05.11.2025 08:45;60,2
05.11.2025 09:00;40,48
05.11.2025 09:15;52,74
05.11.2025 09:30;60,5
05.11.2025 09:45;49,68
05.11.2025 10:00;51,68
05.11.2025 10:15;48,72
05.11.2025 10:30;44,56
05.11.2025 10:45;42,48
05.11.2025 11:00;45,96
05.11.2025 11:15;49,92
05.11.2025 11:30;44,08
05.11.2025 11:45;42,62
05.11.2025 12:00;25,26
05.11.2025 12:15;40,58
05.11.2025 12:30;44,22
05.11.2025 12:45;48,26
05.11.2025 13:00;52,32
05.11.2025 13:15;56,62
05.11.2025 13:30;44,44
05.11.2025 13:45;53,04
05.11.2025 14:00;49,26
05.11.2025 14:15;61,4
05.11.2025 14:30;69,72
05.11.2025 14:45;74,54
05.11.2025 15:00;76,36
05.11.2025 15:15;80,52
05.11.2025 15:30;78,12
05.11.2025 15:45;78,02
05.11.2025 16:00;80,66
05.11.2025 16:15;78,34
05.11.2025 16:30;82,92
05.11.2025 16:45;83,42
05.11.2025 17:00;72,54
05.11.2025 17:15;68,66
05.11.2025 17:30;65,56
05.11.2025 17:45;66,44
05.11.2025 18:00;74,3
05.11.2025 18:15;73,3
05.11.2025 18:30;68,36
05.11.2025 18:45;65,98
05.11.2025 19:00;81,58
05.11.2025 19:15;80,6
05.11.2025 19:30;77,7
05.11.2025 19:45;86,12
05.11.2025 20:00;72,1
05.11.2025 20:15;69,64
05.11.2025 20:30;72,06
05.11.2025 20:45;67,48
05.11.2025 21:00;68,26
05.11.2025 21:15;60,82
05.11.2025 21:30;57,76
05.11.2025 21:45;52,14
05.11.2025 22:00;46,96
05.11.2025 22:15;47,58
05.11.2025 22:30;45,52
05.11.2025 22:45;43,4
05.11.2025 23:00;35,4
05.11.2025 23:15;34,02
05.11.2025 23:30;29,44
05.11.2025 23:45;32,62
06.11.2025 00:00;33,32
06.11.2025 00:15;32,92
06.11.2025 00:30;29,96
06.11.2025 00:45;26,38
06.11.2025 01:00;27,8
06.11.2025 01:15;24,56
06.11.2025 01:30;24,08
06.11.2025 01:45;28,02
06.11.2025 02:00;22,96
06.11.2025 02:15;25,24
06.11.2025 02:30;27,12
06.11.2025 02:45;22,46
06.11.2025 03:00;26,6
06.11.2025 03:15;25,7
06.11.2025 03:30;22,74
06.11.2025 03:45;26,6
06.11.2025 04:00;26,26
06.11.2025 04:15;23,58
06.11.2025 04:30;27,2
06.11.2025 04:45;26,86
06.11.2025 05:00;30,16
06.11.2025 05:15;33,96
06.11.2025 05:30;36,18
06.11.2025 05:45;69,26
06.11.2025 06:00;75,62
06.11.2025 06:15;84,8
06.11.2025 06:30;91,04
06.11.2025 06:45;86,58
06.11.2025 07:00;76,98
06.11.2025 07:15;78,02
06.11.2025 07:30;84,64
06.11.2025 07:45;88,38
06.11.2025 08:00;88,38
06.11.2025 08:15;82,8
06.11.2025 08:30;87,26
06.11.2025 08:45;68,94
06.11.2025 09:00;52,02
06.11.2025 09:15;66,42
06.11.2025 09:30;71,66
06.11.2025 09:45;78,36
06.11.2025 10:00;75,32
06.11.2025 10:15;75
06.11.2025 10:30;72,52
06.11.2025 10:45;75,12
06.11.2025 11:00;68,34
06.11.2025 11:15;71,14
06.11.2025 11:30;66,46
06.11.2025 11:45;64,18
06.11.2025 12:00;47,8
06.11.2025 12:15;40,12
06.11.2025 12:30;66,36
06.11.2025 12:45;60,8
06.11.2025 13:00;65,92
06.11.2025 13:15;46,06
06.11.2025 13:30;42,76
06.11.2025 13:45;54,66
06.11.2025 14:00;47,94
06.11.2025 14:15;52,14
06.11.2025 14:30;48,88
06.11.2025 14:45;41,94
06.11.2025 15:00;43,48
06.11.2025 15:15;52,38
06.11.2025 15:30;58,58
06.11.2025 15:45;59,88
06.11.2025 16:00;62,02
06.11.2025 16:15;57,6
06.11.2025 16:30;54,16
06.11.2025 16:45;49,18
06.11.2025 17:00;42,86
06.11.2025 17:15;52,46
06.11.2025 17:30;59,1
06.11.2025 17:45;61,58
06.11.2025 18:00;57,9
06.11.2025 18:15;59,4
06.11.2025 18:30;61,98
06.11.2025 18:45;61,22
06.11.2025 19:00;60,14
06.11.2025 19:15;61,36
06.11.2025 19:30;59,04
06.11.2025 19:45;56,2
06.11.2025 20:00;48,76
06.11.2025 20:15;55,14
06.11.2025 20:30;57,04
06.11.2025 20:45;55,98
06.11.2025 21:00;55,44
06.11.2025 21:15;55,62
06.11.2025 21:30;52,94
06.11.2025 21:45;54,1
06.11.2025 22:00;55,84
06.11.2025 22:15;56,82
06.11.2025 22:30;53,68
06.11.2025 22:45;52,38
06.11.2025 23:00;43,52
06.11.2025 23:15;41,96
06.11.2025 23:30;42,9
06.11.2025 23:45;41,88
07.11.2025 00:00;41,38
07.11.2025 00:15;42,42
07.11.2025 00:30;42,5
07.11.2025 00:45;42,16
07.11.2025 01:00;42,16
07.11.2025 01:15;41,54
07.11.2025 01:30;42,04
07.11.2025 01:45;41,4
07.11.2025 02:00;41,32
07.11.2025 02:15;41,2
07.11.2025 02:30;41,26
07.11.2025 02:45;40,96
07.11.2025 03:00;41,24
07.11.2025 03:15;36
07.11.2025 03:30;30,42
07.11.2025 03:45;29,98
07.11.2025 04:00;25,92
07.11.2025 04:15;29,3
07.11.2025 04:30;30,02
07.11.2025 04:45;30,38
07.11.2025 05:00;33,12
07.11.2025 05:15;36,34
07.11.2025 05:30;57,76
07.11.2025 05:45;67,66
07.11.2025 06:00;71,32
07.11.2025 06:15;71,12
07.11.2025 06:30;73,14
07.11.2025 06:45;89,96
07.11.2025 07:00;85,84
07.11.2025 07:15;85,44
07.11.2025 07:30;87,82
07.11.2025 07:45;75,92
07.11.2025 08:00;85,32
07.11.2025 08:15;84,46
07.11.2025 08:30;91,36
07.11.2025 08:45;78,3
07.11.2025 09:00;57,92
07.11.2025 09:15;71,94
07.11.2025 09:30;93,46
07.11.2025 09:45;80,06
07.11.2025 10:00;76,12
07.11.2025 10:15;90,32
07.11.2025 10:30;85,94
07.11.2025 10:45;88,22
07.11.2025 11:00;89,12
07.11.2025 11:15;91,34
07.11.2025 11:30;98,5
07.11.2025 11:45;91,06
07.11.2025 12:00;55,3
07.11.2025 12:15;77,62
07.11.2025 12:30;85,6
07.11.2025 12:45;74,86
07.11.2025 13:00;82,82
07.11.2025 13:15;78,6
07.11.2025 13:30;66,26
07.11.2025 13:45;31,46
07.11.2025 14:00;23,48
07.11.2025 14:15;22,4
07.11.2025 14:30;27,02
07.11.2025 14:45;26,76
07.11.2025 15:00;25,18
07.11.2025 15:15;29,48
07.11.2025 15:30;29,82
07.11.2025 15:45;29,86
07.11.2025 16:00;36,62
07.11.2025 16:15;27,9
07.11.2025 16:30;30,54
07.11.2025 16:45;34,18
07.11.2025 17:00;26,62
07.11.2025 17:15;32,26
07.11.2025 17:30;33,84
07.11.2025 17:45;31,58
07.11.2025 18:00;32,24
07.11.2025 18:15;34,28
07.11.2025 18:30;34,22
07.11.2025 18:45;35,22
07.11.2025 19:00;29,7
07.11.2025 19:15;36,04
07.11.2025 19:30;29,06
07.11.2025 19:45;19
07.11.2025 20:00;16,26
07.11.2025 20:15;10,44
07.11.2025 20:30;9,96
07.11.2025 20:45;9,82
07.11.2025 21:00;9,82
07.11.2025 21:15;12,5
07.11.2025 21:30;9,7
07.11.2025 21:45;9,64
07.11.2025 22:00;9,3
07.11.2025 22:15;9,22
07.11.2025 22:30;9,16
07.11.2025 22:45;9,04
07.11.2025 23:00;8,52
07.11.2025 23:15;8,26
07.11.2025 23:30;8,14
07.11.2025 23:45;10,8
08.11.2025 00:00;7,78
08.11.2025 00:15;6,64
08.11.2025 00:30;6,5
08.11.2025 00:45;6,2
08.11.2025 01:00;5,8
08.11.2025 01:15;5,78
08.11.2025 01:30;5,94
08.11.2025 01:45;5,9
08.11.2025 02:00;5,82
08.11.2025 02:15;5,76
08.11.2025 02:30;5,84
08.11.2025 02:45;5,74
08.11.2025 03:00;5,9
08.11.2025 03:15;7,72
08.11.2025 03:30;4,14
08.11.2025 03:45;4,28
08.11.2025 04:00;4,38
08.11.2025 04:15;4,52
08.11.2025 04:30;4,4
08.11.2025 04:45;4,52
08.11.2025 05:00;4,42
08.11.2025 05:15;4,6
08.11.2025 05:30;4,48
08.11.2025 05:45;4,82
08.11.2025 06:00;7,66
08.11.2025 06:15;4,82
08.11.2025 06:30;4,52
08.11.2025 06:45;4,54
08.11.2025 07:00;4,06
08.11.2025 07:15;4,24
08.11.2025 07:30;3,96
08.11.2025 07:45;3,58
08.11.2025 08:00;3,3
08.11.2025 08:15;2,92
08.11.2025 08:30;2,5
08.11.2025 08:45;4,9
08.11.2025 09:00;1,86
08.11.2025 09:15;1,72
08.11.2025 09:30;0,96
08.11.2025 09:45;0,76
08.11.2025 10:00;0,72
08.11.2025 10:15;0,66
08.11.2025 10:30;0,78
08.11.2025 10:45;0,56
08.11.2025 11:00;0,48
08.11.2025 11:15;0,62
08.11.2025 11:30;3,56
08.11.2025 11:45;0,7
08.11.2025 12:00;0,58
08.11.2025 12:15;0,46
08.11.2025 12:30;0,26
08.11.2025 12:45;0,48
08.11.2025 13:00;0,58
08.11.2025 13:15;0,62
08.11.2025 13:30;0,82
08.11.2025 13:45;0,9
08.11.2025 14:00;1,22
08.11.2025 14:15;1,74
08.11.2025 14:30;1,78
08.11.2025 14:45;1,82
08.11.2025 15:00;3,46
08.11.2025 15:15;3,7
08.11.2025 15:30;3,18
08.11.2025 15:45;3,44
08.11.2025 16:00;3,84
08.11.2025 16:15;4,18
08.11.2025 16:30;4,14
08.11.2025 16:45;4,64
08.11.2025 17:00;5,1
08.11.2025 17:15;4,7
08.11.2025 17:30;4,56
08.11.2025 17:45;4,76
08.11.2025 18:00;8,22
08.11.2025 18:15;4,46
08.11.2025 18:30;4,46
08.11.2025 18:45;4,54
08.11.2025 19:00;4,5
08.11.2025 19:15;4,5
08.11.2025 19:30;4,54
08.11.2025 19:45;4,48
08.11.2025 20:00;4,54
08.11.2025 20:15;4,44
08.11.2025 20:30;4,56
08.11.2025 20:45;4,54
08.11.2025 21:00;4,48
08.11.2025 21:15;4,46
08.11.2025 21:30;4,5
08.11.2025 21:45;6,86
08.11.2025 22:00;4,66
08.11.2025 22:15;4,7
08.11.2025 22:30;4,78
08.11.2025 22:45;4,64
08.11.2025 23:00;4,4
08.11.2025 23:15;4,42
08.11.2025 23:30;4,6
08.11.2025 23:45;4,48
09.11.2025 00:00;4,12
09.11.2025 00:15;4,1
09.11.2025 00:30;5,26
09.11.2025 00:45;5,5
09.11.2025 01:00;4,04
09.11.2025 01:15;4,22
09.11.2025 01:30;4,12
09.11.2025 01:45;4,08
09.11.2025 02:00;4,14
09.11.2025 02:15;4,12
09.11.2025 02:30;4,1
09.11.2025 02:45;4,14
09.11.2025 03:00;4,24
09.11.2025 03:15;4,2
09.11.2025 03:30;8,3
09.11.2025 03:45;5,44
09.11.2025 04:00;4,5
09.11.2025 04:15;4,44
09.11.2025 04:30;4,44
09.11.2025 04:45;4,54
09.11.2025 05:00;4,42
09.11.2025 05:15;4,44
09.11.2025 05:30;4,46
09.11.2025 05:45;4,44
09.11.2025 06:00;4,5
09.11.2025 06:15;6,64
09.11.2025 06:30;5,9
09.11.2025 06:45;4,48
09.11.2025 07:00;4
09.11.2025 07:15;3,88
09.11.2025 07:30;3,76
09.11.2025 07:45;3,04
09.11.2025 08:00;2,44
09.11.2025 08:15;2
09.11.2025 08:30;1,34
09.11.2025 08:45;1,52
09.11.2025 09:00;0,88
09.11.2025 09:15;0,78
09.11.2025 09:30;0,58
09.11.2025 09:45;0,24
09.11.2025 10:00;0,42
09.11.2025 10:15;0,94
09.11.2025 10:30;0,64
09.11.2025 10:45;0,52
09.11.2025 11:00;0,56
09.11.2025 11:15;0,6
09.11.2025 11:30;0,56
09.11.2025 11:45;0
09.11.2025 12:00;0
09.11.2025 12:15;0
09.11.2025 12:30;0
09.11.2025 12:45;0,18
09.11.2025 13:00;
09.11.2025 13:15;
09.11.2025 13:30;
09.11.2025 13:45;
09.11.2025 14:00;
09.11.2025 14:15;
09.11.2025 14:30;
09.11.2025 14:45;
09.11.2025 15:00;1,38
09.11.2025 15:15;2,06
09.11.2025 15:30;3,16
09.11.2025 15:45;5,14
09.11.2025 16:00;3,2
09.11.2025 16:15;3,7
09.11.2025 16:30;3,98
09.11.2025 16:45;4,04
09.11.2025 17:00;4,46
09.11.2025 17:15;4,48
09.11.2025 17:30;4,46
09.11.2025 17:45;4,44
09.11.2025 18:00;4,54
09.11.2025 18:15;4,4
09.11.2025 18:30;6,74
09.11.2025 18:45;4,7
09.11.2025 19:00;4,86
09.11.2025 19:15;4,8
09.11.2025 19:30;4,46
09.11.2025 19:45;4,56
09.11.2025 20:00;4,54
09.11.2025 20:15;4,48
09.11.2025 20:30;4,66
09.11.2025 20:45;4,5
09.11.2025 21:00;4,56
09.11.2025 21:15;7,04
09.11.2025 21:30;4,54
09.11.2025 21:45;4,48
09.11.2025 22:00;4,5
09.11.2025 22:15;4,42
09.11.2025 22:30;4,5
09.11.2025 22:45;4,42
09.11.2025 23:00;4,54
09.11.2025 23:15;4,58
09.11.2025 23:30;4,4
09.11.2025 23:45;4,6
10.11.2025 00:00;5,44
10.11.2025 00:15;5,32
10.11.2025 00:30;4,1
10.11.2025 00:45;4,1
10.11.2025 01:00;4,22
10.11.2025 01:15;4,1
10.11.2025 01:30;4,06
10.11.2025 01:45;4,1
10.11.2025 02:00;4,06
10.11.2025 02:15;4,18
10.11.2025 02:30;4,18
10.11.2025 02:45;4,14
10.11.2025 03:00;6,44
10.11.2025 03:15;4,26
10.11.2025 03:30;4,28
10.11.2025 03:45;4,22
10.11.2025 04:00;5,46
10.11.2025 04:15;5,84
10.11.2025 04:30;5,08
10.11.2025 04:45;4,42
10.11.2025 05:00;6,44
10.11.2025 05:15;8,54
10.11.2025 05:30;13,92
10.11.2025 05:45;23,76
10.11.2025 06:00;29,94
10.11.2025 06:15;45,98
10.11.2025 06:30;55,34
10.11.2025 06:45;63,54
10.11.2025 07:00;69,14
10.11.2025 07:15;70,06
10.11.2025 07:30;76,76
10.11.2025 07:45;77,9
10.11.2025 08:00;78,2
10.11.2025 08:15;78,66
10.11.2025 08:30;80,56
10.11.2025 08:45;84,46
10.11.2025 09:00;79,6
10.11.2025 09:15;92,52
10.11.2025 09:30;85,06
10.11.2025 09:45;73,54
10.11.2025 10:00;80,8
10.11.2025 10:15;76,42
10.11.2025 10:30;78,44
10.11.2025 10:45;68,92
10.11.2025 11:00;70,28
10.11.2025 11:15;76,74
10.11.2025 11:30;79
10.11.2025 11:45;83,5
10.11.2025 12:00;66,18
10.11.2025 12:15;75,14
10.11.2025 12:30;76,36
10.11.2025 12:45;67,82
10.11.2025 13:00;74,24
10.11.2025 13:15;63,46
10.11.2025 13:30;64,82
10.11.2025 13:45;52,12
10.11.2025 14:00;64,44
10.11.2025 14:15;74,26
10.11.2025 14:30;77,92
10.11.2025 14:45;85,04
10.11.2025 15:00;90,42
10.11.2025 15:15;86,98
10.11.2025 15:30;82,74
10.11.2025 15:45;83,62
10.11.2025 16:00;76,6
10.11.2025 16:15;87,84
10.11.2025 16:30;84,88
10.11.2025 16:45;67,36
10.11.2025 17:00;59,12
10.11.2025 17:15;69,34
10.11.2025 17:30;87,48
10.11.2025 17:45;81,7
10.11.2025 18:00;77,6
10.11.2025 18:15;82,14
10.11.2025 18:30;77,76
10.11.2025 18:45;74,92
10.11.2025 19:00;79,86
10.11.2025 19:15;70,78
10.11.2025 19:30;61,48
10.11.2025 19:45;76,22
10.11.2025 20:00;56,8
10.11.2025 20:15;69,28
10.11.2025 20:30;73,74
10.11.2025 20:45;79,72
10.11.2025 21:00;83,44
10.11.2025 21:15;84,12
10.11.2025 21:30;77,96
10.11.2025 21:45;73,92
10.11.2025 22:00;73,38
10.11.2025 22:15;80,42
10.11.2025 22:30;73,2
10.11.2025 22:45;74,34
10.11.2025 23:00;68,1
10.11.2025 23:15;50,82
10.11.2025 23:30;45,42
10.11.2025 23:45;46,66
11.11.2025 00:00;44,4
11.11.2025 00:15;41,02
11.11.2025 00:30;39,64
11.11.2025 00:45;38,46
11.11.2025 01:00;37,08
11.11.2025 01:15;37,1
11.11.2025 01:30;41,7
11.11.2025 01:45;39,18
11.11.2025 02:00;35,46
11.11.2025 02:15;39,8
11.11.2025 02:30;35,68
11.11.2025 02:45;28,6
11.11.2025 03:00;24,72
11.11.2025 03:15;21,22
11.11.2025 03:30;17,84
11.11.2025 03:45;11,4
11.11.2025 04:00;11,42
11.11.2025 04:15;10,96
11.11.2025 04:30;10,34
11.11.2025 04:45;10,76
11.11.2025 05:00;15,54
11.11.2025 05:15;16,16
11.11.2025 05:30;19,1
11.11.2025 05:45;30,44
11.11.2025 06:00;35,16
11.11.2025 06:15;58,28
11.11.2025 06:30;67,24
11.11.2025 06:45;65,76
11.11.2025 07:00;75,36
11.11.2025 07:15;84,96
11.11.2025 07:30;85,96
11.11.2025 07:45;80,04
11.11.2025 08:00;80,16
11.11.2025 08:15;84,64
11.11.2025 08:30;81,34
11.11.2025 08:45;89,76
11.11.2025 09:00;72,16
11.11.2025 09:15;70,94
11.11.2025 09:30;85,48
11.11.2025 09:45;84,12
11.11.2025 10:00;68,36
11.11.2025 10:15;66
11.11.2025 10:30;72,08
11.11.2025 10:45;77,22
11.11.2025 11:00;65,5
11.11.2025 11:15;65,24
11.11.2025 11:30;61,28
11.11.2025 11:45;52,58
11.11.2025 12:00;38,12
11.11.2025 12:15;46,04
11.11.2025 12:30;47,14
11.11.2025 12:45;33,84
11.11.2025 13:00;50,94
11.11.2025 13:15;49,2
11.11.2025 13:30;45,6
11.11.2025 13:45;39,42
11.11.2025 14:00;54,22
11.11.2025 14:15;63,34
11.11.2025 14:30;74,64
11.11.2025 14:45;77,56
11.11.2025 15:00;68,5
11.11.2025 15:15;67,08
11.11.2025 15:30;80,02
11.11.2025 15:45;78,02
11.11.2025 16:00;81,84
11.11.2025 16:15;87,32
11.11.2025 16:30;86,96
11.11.2025 16:45;84,14
11.11.2025 17:00;62,98
11.11.2025 17:15;72,96
11.11.2025 17:30;81,8
11.11.2025 17:45;81,8
11.11.2025 18:00;84,34
11.11.2025 18:15;81,32
11.11.2025 18:30;79,98
11.11.2025 18:45;75,58
11.11.2025 19:00;82,32
11.11.2025 19:15;81,1
11.11.2025 19:30;84,86
11.11.2025 19:45;82,88
11.11.2025 20:00;58,22
11.11.2025 20:15;74,06
11.11.2025 20:30;80,14
11.11.2025 20:45;74,5
11.11.2025 21:00;74,58
11.11.2025 21:15;73,78
11.11.2025 21:30;79,08
11.11.2025 21:45;74,86
11.11.2025 22:00;80,5
11.11.2025 22:15;76,62
11.11.2025 22:30;81,16
11.11.2025 22:45;73,04
11.11.2025 23:00;45,2
11.11.2025 23:15;37,66
11.11.2025 23:30;35,86
11.11.2025 23:45;33,02
12.11.2025 00:00;23,28
12.11.2025 00:15;25,42
12.11.2025 00:30;28,12
12.11.2025 00:45;22,28
12.11.2025 01:00;23,44
12.11.2025 01:15;24,26
12.11.2025 01:30;26,84
12.11.2025 01:45;13,78
12.11.2025 02:00;10,5
12.11.2025 02:15;11,7
12.11.2025 02:30;11,5
12.11.2025 02:45;12,3
12.11.2025 03:00;10,6
12.11.2025 03:15;9,9
12.11.2025 03:30;10,48
12.11.2025 03:45;12,7
12.11.2025 04:00;10,56
12.11.2025 04:15;10,04
12.11.2025 04:30;9,68
12.11.2025 04:45;10,24
12.11.2025 05:00;14,32
12.11.2025 05:15;14,02
12.11.2025 05:30;16,12
12.11.2025 05:45;19,16
12.11.2025 06:00;21,02
12.11.2025 06:15;29,74
12.11.2025 06:30;54,38
12.11.2025 06:45;60,66
12.11.2025 07:00;68,4
12.11.2025 07:15;75,16
12.11.2025 07:30;67,3
12.11.2025 07:45;75,82
12.11.2025 08:00;74,6
12.11.2025 08:15;69,3
12.11.2025 08:30;65,44
12.11.2025 08:45;73,26
12.11.2025 09:00;48
12.11.2025 09:15;57,8
12.11.2025 09:30;62,14
12.11.2025 09:45;59,6
12.11.2025 10:00;57,88
12.11.2025 10:15;64,14
12.11.2025 10:30;68,86
12.11.2025 10:45;68,14
12.11.2025 11:00;70,86
12.11.2025 11:15;70,88
12.11.2025 11:30;67,04
12.11.2025 11:45;63,24
12.11.2025 12:00;58,66
12.11.2025 12:15;51,88
12.11.2025 12:30;49,92
12.11.2025 12:45;64,32
12.11.2025 13:00;68,52
12.11.2025 13:15;63,32
12.11.2025 13:30;67,42
12.11.2025 13:45;65,9
12.11.2025 14:00;71,78
12.11.2025 14:15;66,8
12.11.2025 14:30;70,82
12.11.2025 14:45;78,68
12.11.2025 15:00;67,04
12.11.2025 15:15;72,84
12.11.2025 15:30;67,7
12.11.2025 15:45;76,78
12.11.2025 16:00;75,28
12.11.2025 16:15;83,98
12.11.2025 16:30;81,82
12.11.2025 16:45;87,52
12.11.2025 17:00;66,2
12.11.2025 17:15;73,58
12.11.2025 17:30;86,78
12.11.2025 17:45;75,96
12.11.2025 18:00;71,88
12.11.2025 18:15;73,34
12.11.2025 18:30;72,46
12.11.2025 18:45;65,14
12.11.2025 19:00;73,04
12.11.2025 19:15;69,56
12.11.2025 19:30;70,06
12.11.2025 19:45;71,8
12.11.2025 20:00;51,26
12.11.2025 20:15;56,28
12.11.2025 20:30;68,98
12.11.2025 20:45;79,18
12.11.2025 21:00;80,52
12.11.2025 21:15;72,28
12.11.2025 21:30;80,68
12.11.2025 21:45;84,04
12.11.2025 22:00;77,02
12.11.2025 22:15;73,2
12.11.2025 22:30;73,16
12.11.2025 22:45;64,52
12.11.2025 23:00;58,5
12.11.2025 23:15;28,56
12.11.2025 23:30;17,74
12.11.2025 23:45;14,28
13.11.2025 00:00;13,8
13.11.2025 00:15;13,8
13.11.2025 00:30;14,32
13.11.2025 00:45;13,78
13.11.2025 01:00;13,42
13.11.2025 01:15;13,08
13.11.2025 01:30;14,2
13.11.2025 01:45;13,96
13.11.2025 02:00;13,18
13.11.2025 02:15;12,8
13.11.2025 02:30;12,24
13.11.2025 02:45;12,08
13.11.2025 03:00;11,86
13.11.2025 03:15;11,48
13.11.2025 03:30;12,38
13.11.2025 03:45;11,82
13.11.2025 04:00;14,32
13.11.2025 04:15;11,52
13.11.2025 04:30;10,6
13.11.2025 04:45;10,16
13.11.2025 05:00;12,08
13.11.2025 05:15;11,34
13.11.2025 05:30;14,54
13.11.2025 05:45;18,48
13.11.2025 06:00;17,16
13.11.2025 06:15;18,16
13.11.2025 06:30;18,42
13.11.2025 06:45;23,88
13.11.2025 07:00;30,1
13.11.2025 07:15;43,22
13.11.2025 07:30;61,4
13.11.2025 07:45;61,04
13.11.2025 08:00;71,64
13.11.2025 08:15;67,16
13.11.2025 08:30;65,46
13.11.2025 08:45;50,38
13.11.2025 09:00;64,56
13.11.2025 09:15;64,6
13.11.2025 09:30;57,28
13.11.2025 09:45;65,8
13.11.2025 10:00;67,04
13.11.2025 10:15;58,84
13.11.2025 10:30;59,9
13.11.2025 10:45;54,5
13.11.2025 11:00;53,94
13.11.2025 11:15;44,78
13.11.2025 11:30;45,24
13.11.2025 11:45;47,38
13.11.2025 12:00;41,7
13.11.2025 12:15;40,92
13.11.2025 12:30;34,88
13.11.2025 12:45;35,46
13.11.2025 13:00;31,84
13.11.2025 13:15;41,6
13.11.2025 13:30;53,42
13.11.2025 13:45;59,18
13.11.2025 14:00;53,54
13.11.2025 14:15;60,28
13.11.2025 14:30;63,94
13.11.2025 14:45;71,64
13.11.2025 15:00;76,38
13.11.2025 15:15;96,88
13.11.2025 15:30;99,46
13.11.2025 15:45;95,84
13.11.2025 16:00;97,66
13.11.2025 16:15;98,74
13.11.2025 16:30;98,1
13.11.2025 16:45;101,58
13.11.2025 17:00;86,6
13.11.2025 17:15;92,72
13.11.2025 17:30;89,92
13.11.2025 17:45;76
13.11.2025 18:00;91,56
13.11.2025 18:15;98,36
13.11.2025 18:30;102,84
13.11.2025 18:45;109,1
13.11.2025 19:00;86,6
13.11.2025 19:15;106,36
13.11.2025 19:30;88,34
13.11.2025 19:45;93,3
13.11.2025 20:00;82,38
13.11.2025 20:15;95,34
13.11.2025 20:30;101,42
13.11.2025 20:45;102,94
13.11.2025 21:00;101,72
13.11.2025 21:15;100,92
13.11.2025 21:30;103,52
13.11.2025 21:45;97,66
13.11.2025 22:00;97,82
13.11.2025 22:15;88,8
13.11.2025 22:30;84,86
13.11.2025 22:45;72,02
13.11.2025 23:00;57,44
13.11.2025 23:15;36,26
13.11.2025 23:30;33,04
13.11.2025 23:45;25,98
14.11.2025 00:00;26,12
14.11.2025 00:15;27,3
14.11.2025 00:30;28,86
14.11.2025 00:45;31,02
14.11.2025 01:00;22,76
14.11.2025 01:15;25,14
14.11.2025 01:30;21,76
14.11.2025 01:45;23,48
14.11.2025 02:00;25,9
14.11.2025 02:15;18,6
14.11.2025 02:30;8,1
14.11.2025 02:45;7,32
14.11.2025 03:00;10,28
14.11.2025 03:15;8,22
14.11.2025 03:30;6,88
14.11.2025 03:45;6,62
14.11.2025 04:00;6,92
14.11.2025 04:15;7,28
14.11.2025 04:30;7,34
14.11.2025 04:45;7,48
14.11.2025 05:00;9,62
14.11.2025 05:15;12,18
14.11.2025 05:30;17,96
14.11.2025 05:45;22,22
14.11.2025 06:00;29,9
14.11.2025 06:15;47,78
14.11.2025 06:30;57,76
14.11.2025 06:45;67,3
14.11.2025 07:00;70,34
14.11.2025 07:15;63,3
14.11.2025 07:30;73,64
14.11.2025 07:45;78,64
14.11.2025 08:00;74,22
14.11.2025 08:15;72,6
14.11.2025 08:30;84,06
14.11.2025 08:45;83,48
14.11.2025 09:00;59,82
14.11.2025 09:15;70,98
14.11.2025 09:30;80,24
14.11.2025 09:45;63,34
14.11.2025 10:00;56,72
14.11.2025 10:15;72,4
14.11.2025 10:30;65,82
14.11.2025 10:45;78,26
14.11.2025 11:00;74,2
14.11.2025 11:15;73,02
14.11.2025 11:30;73,86
14.11.2025 11:45;65,48
14.11.2025 12:00;49,94
14.11.2025 12:15;37,7
14.11.2025 12:30;40,98
14.11.2025 12:45;45,66
14.11.2025 13:00;60,46
14.11.2025 13:15;47,38
14.11.2025 13:30;62,64
14.11.2025 13:45;67,5
14.11.2025 14:00;58,74
14.11.2025 14:15;67,6
14.11.2025 14:30;65,4
14.11.2025 14:45;83,56
14.11.2025 15:00;78,22
14.11.2025 15:15;74,5
14.11.2025 15:30;85,18
14.11.2025 15:45;79,68
14.11.2025 16:00;79,04
14.11.2025 16:15;92,5
14.11.2025 16:30;91,36
14.11.2025 16:45;92,52
14.11.2025 17:00;61,46
14.11.2025 17:15;68
14.11.2025 17:30;71,58
14.11.2025 17:45;78,8
14.11.2025 18:00;71,5
14.11.2025 18:15;67,2
14.11.2025 18:30;52,96
14.11.2025 18:45;49,26
14.11.2025 19:00;49,94
14.11.2025 19:15;50,64
14.11.2025 19:30;43,76
14.11.2025 19:45;47,16
14.11.2025 20:00;45,16
14.11.2025 20:15;34,52
14.11.2025 20:30;35,3
14.11.2025 20:45;34,98
14.11.2025 21:00;31,9
14.11.2025 21:15;35,28
14.11.2025 21:30;33,82
14.11.2025 21:45;31,72
14.11.2025 22:00;35,52
14.11.2025 22:15;33,44
14.11.2025 22:30;31,2
14.11.2025 22:45;36,14
14.11.2025 23:00;32,98
14.11.2025 23:15;31,94
14.11.2025 23:30;34,56
14.11.2025 23:45;29,94
15.11.2025 00:00;29,32
15.11.2025 00:15;33,08
15.11.2025 00:30;32,62
15.11.2025 00:45;27,78
15.11.2025 01:00;32,04
15.11.2025 01:15;25,94
15.11.2025 01:30;15,54
15.11.2025 01:45;19,22
15.11.2025 02:00;14,36
15.11.2025 02:15;14,88
15.11.2025 02:30;19,06
15.11.2025 02:45;15
15.11.2025 03:00;15,42
15.11.2025 03:15;14,94
15.11.2025 03:30;18,4
15.11.2025 03:45;14,92
15.11.2025 04:00;14,58
15.11.2025 04:15;20,28
15.11.2025 04:30;14,54
15.11.2025 04:45;15,44
15.11.2025 05:00;17,68
15.11.2025 05:15;16,14
15.11.2025 05:30;15,94
15.11.2025 05:45;16,8
15.11.2025 06:00;27,86
15.11.2025 06:15;55,02
15.11.2025 06:30;53,88
15.11.2025 06:45;49,54
15.11.2025 07:00;56,66
15.11.2025 07:15;49,94
15.11.2025 07:30;46,82
15.11.2025 07:45;50,74
15.11.2025 08:00;47,86
15.11.2025 08:15;45,14
15.11.2025 08:30;41,6
15.11.2025 08:45;36,58
15.11.2025 09:00;31,98
15.11.2025 09:15;33,54
15.11.2025 09:30;36,78
15.11.2025 09:45;25,72
15.11.2025 10:00;16,5
15.11.2025 10:15;5,92
15.11.2025 10:30;1,62
15.11.2025 10:45;3,82
15.11.2025 11:00;2,06
15.11.2025 11:15;1,4
15.11.2025 11:30;1,12
15.11.2025 11:45;0
15.11.2025 12:00;0
15.11.2025 12:15;0
15.11.2025 12:30;0
15.11.2025 12:45;0
15.11.2025 13:00;0
15.11.2025 13:15;0
15.11.2025 13:30;0
15.11.2025 13:45;0,06
15.11.2025 14:00;0,22
15.11.2025 14:15;0,04
15.11.2025 14:30;1,84
15.11.2025 14:45;0,34
15.11.2025 15:00;0,64
15.11.2025 15:15;1,08
15.11.2025 15:30;0,64
15.11.2025 15:45;0,56
15.11.2025 16:00;2,76
15.11.2025 16:15;4,28
15.11.2025 16:30;4,72
15.11.2025 16:45;5,26
15.11.2025 17:00;5,16
15.11.2025 17:15;4,94
15.11.2025 17:30;5,1
15.11.2025 17:45;6,18
15.11.2025 18:00;6,24
15.11.2025 18:15;5,2
15.11.2025 18:30;5,06
15.11.2025 18:45;5,1
15.11.2025 19:00;5
15.11.2025 19:15;4,86
15.11.2025 19:30;5,14
15.11.2025 19:45;5,06
15.11.2025 20:00;5,04
15.11.2025 20:15;5,06
15.11.2025 20:30;4,94
15.11.2025 20:45;5,22
15.11.2025 21:00;6,5
15.11.2025 21:15;5,7
15.11.2025 21:30;4,98
15.11.2025 21:45;4,96
15.11.2025 22:00;5,32
15.11.2025 22:15;5,34
15.11.2025 22:30;5,04
15.11.2025 22:45;4,86
15.11.2025 23:00;5,18
15.11.2025 23:15;5,02
15.11.2025 23:30;4,98
15.11.2025 23:45;7,14
16.11.2025 00:00;6,48
16.11.2025 00:15;6,16
16.11.2025 00:30;5,48
16.11.2025 00:45;4,66
16.11.2025 01:00;4,62
16.11.2025 01:15;4,56
16.11.2025 01:30;4,62
16.11.2025 01:45;4,7
16.11.2025 02:00;4,66
16.11.2025 02:15;4,58
16.11.2025 02:30;4,76
16.11.2025 02:45;4,48
16.11.2025 03:00;4,74
16.11.2025 03:15;4,6
16.11.2025 03:30;5,1
16.11.2025 03:45;6,34
16.11.2025 04:00;5,1
16.11.2025 04:15;4,84
16.11.2025 04:30;5,14
16.11.2025 04:45;4,92
16.11.2025 05:00;4,96
16.11.2025 05:15;4,92
16.11.2025 05:30;5,1
16.11.2025 05:45;4,94
16.11.2025 06:00;5
16.11.2025 06:15;5,24
16.11.2025 06:30;4,9
16.11.2025 06:45;5,12
16.11.2025 07:00;6,9
16.11.2025 07:15;4,58
16.11.2025 07:30;3,98
16.11.2025 07:45;2,92
16.11.2025 08:00;1,5
16.11.2025 08:15;0,86
16.11.2025 08:30;0,5
16.11.2025 08:45;0,68
16.11.2025 09:00;0,04
16.11.2025 09:15;0
16.11.2025 09:30;0,02
16.11.2025 09:45;0
16.11.2025 10:00;0
16.11.2025 10:15;0
16.11.2025 10:30;0,44
16.11.2025 10:45;0
16.11.2025 11:00;0
16.11.2025 11:15;0
16.11.2025 11:30;0
16.11.2025 11:45;0
16.11.2025 12:00;0
16.11.2025 12:15;0
16.11.2025 12:30;0
16.11.2025 12:45;0
16.11.2025 13:00;0,02
16.11.2025 13:15;0,06
16.11.2025 13:30;0,42
16.11.2025 13:45;0,6
16.11.2025 14:00;1,6
16.11.2025 14:15;0,4
16.11.2025 14:30;0,54
16.11.2025 14:45;0,84
16.11.2025 15:00;1,38
16.11.2025 15:15;1,56
16.11.2025 15:30;2,12
16.11.2025 15:45;2,76
16.11.2025 16:00;3,88
16.11.2025 16:15;4,22
16.11.2025 16:30;4,52
16.11.2025 16:45;4,78
16.11.2025 17:00;5,04
16.11.2025 17:15;7,06
16.11.2025 17:30;5,7
16.11.2025 17:45;5,12
16.11.2025 18:00;5,14
16.11.2025 18:15;5,02
16.11.2025 18:30;5,18
16.11.2025 18:45;5,32
16.11.2025 19:00;5,14
16.11.2025 19:15;5,1
16.11.2025 19:30;4,98
16.11.2025 19:45;5,22
16.11.2025 20:00;4,94
16.11.2025 20:15;5,08
16.11.2025 20:30;5,1
16.11.2025 20:45;5,12
16.11.2025 21:00;4,94
16.11.2025 21:15;7,4
16.11.2025 21:30;5,02
16.11.2025 21:45;5,08
16.11.2025 22:00;5,06
16.11.2025 22:15;4,9
16.11.2025 22:30;5,02
16.11.2025 22:45;4,96
16.11.2025 23:00;5,04
16.11.2025 23:15;4,98
16.11.2025 23:30;5,18
16.11.2025 23:45;5,06
17.11.2025 00:00;4,8
17.11.2025 00:15;5,9
17.11.2025 00:30;6,52
17.11.2025 00:45;6,96
17.11.2025 01:00;5,54
17.11.2025 01:15;4,78
17.11.2025 01:30;4,64
17.11.2025 01:45;4,84
17.11.2025 02:00;4,74
17.11.2025 02:15;4,66
17.11.2025 02:30;4,7
17.11.2025 02:45;4,6
17.11.2025 03:00;4,68
17.11.2025 03:15;4,6
17.11.2025 03:30;4,76
17.11.2025 03:45;4,6
17.11.2025 04:00;4,9
17.11.2025 04:15;5,36
17.11.2025 04:30;6,8
17.11.2025 04:45;9
17.11.2025 05:00;11,62
17.11.2025 05:15;14,32
17.11.2025 05:30;48,78
17.11.2025 05:45;60,6
17.11.2025 06:00;65,72
17.11.2025 06:15;72,64
17.11.2025 06:30;76,48
17.11.2025 06:45;70,9
17.11.2025 07:00;70
17.11.2025 07:15;64,52
17.11.2025 07:30;78,92
17.11.2025 07:45;77,14
17.11.2025 08:00;83,52
17.11.2025 08:15;78,64
17.11.2025 08:30;72,74
17.11.2025 08:45;71,72
17.11.2025 09:00;50,3
17.11.2025 09:15;79,76
17.11.2025 09:30;75,9
17.11.2025 09:45;77,26
17.11.2025 10:00;74,26
17.11.2025 10:15;78,26
17.11.2025 10:30;77,86
17.11.2025 10:45;74,14
17.11.2025 11:00;70,52
17.11.2025 11:15;68,26
17.11.2025 11:30;74,4
17.11.2025 11:45;68,76
17.11.2025 12:00;40,94
17.11.2025 12:15;51,62
17.11.2025 12:30;64,64
17.11.2025 12:45;75,56
17.11.2025 13:00;64,6
17.11.2025 13:15;58,86
17.11.2025 13:30;49,66
17.11.2025 13:45;53,94
17.11.2025 14:00;57,38
17.11.2025 14:15;47,06
17.11.2025 14:30;52,16
17.11.2025 14:45;57,92
17.11.2025 15:00;57,1
17.11.2025 15:15;55,14
17.11.2025 15:30;48,44
17.11.2025 15:45;47,14
17.11.2025 16:00;45,9
17.11.2025 16:15;50
17.11.2025 16:30;45,74
17.11.2025 16:45;37,76
17.11.2025 17:00;30,04
17.11.2025 17:15;42,34
17.11.2025 17:30;39,44
17.11.2025 17:45;44,7
17.11.2025 18:00;41,8
17.11.2025 18:15;40,78
17.11.2025 18:30;48,2
17.11.2025 18:45;41,92
17.11.2025 19:00;42,16
17.11.2025 19:15;36,62
17.11.2025 19:30;37,08
17.11.2025 19:45;39,94
17.11.2025 20:00;30,64
17.11.2025 20:15;37,78
17.11.2025 20:30;43,72
17.11.2025 20:45;42,3
17.11.2025 21:00;36,78
17.11.2025 21:15;45,16
17.11.2025 21:30;41,12
17.11.2025 21:45;40,12
17.11.2025 22:00;38,98
17.11.2025 22:15;36,9
17.11.2025 22:30;34,92
17.11.2025 22:45;32,68
17.11.2025 23:00;21,98
17.11.2025 23:15;12,04
17.11.2025 23:30;11,28
17.11.2025 23:45;11,6
18.11.2025 00:00;10,82
18.11.2025 00:15;10,9
18.11.2025 00:30;11
18.11.2025 00:45;10,78
18.11.2025 01:00;10,78
18.11.2025 01:15;10,06
18.11.2025 01:30;9,86
18.11.2025 01:45;10,02
18.11.2025 02:00;9,46
18.11.2025 02:15;11,72
18.11.2025 02:30;9,02
18.11.2025 02:45;8,98
18.11.2025 03:00;8,72
18.11.2025 03:15;8,48
18.11.2025 03:30;7,84
18.11.2025 03:45;7,84
18.11.2025 04:00;8,36
18.11.2025 04:15;8,02
18.11.2025 04:30;8,06
18.11.2025 04:45;12,16
18.11.2025 05:00;14,36
18.11.2025 05:15;21,38
18.11.2025 05:30;40,52
18.11.2025 05:45;64,5
18.11.2025 06:00;87,86
18.11.2025 06:15;69,74
18.11.2025 06:30;70,74
18.11.2025 06:45;75,4
18.11.2025 07:00;86,88
18.11.2025 07:15;84,08
18.11.2025 07:30;79,3
18.11.2025 07:45;83
18.11.2025 08:00;79,56
18.11.2025 08:15;86,74
18.11.2025 08:30;71,08
18.11.2025 08:45;69,86
18.11.2025 09:00;53,1
18.11.2025 09:15;63,4
18.11.2025 09:30;76,82
18.11.2025 09:45;70,12
18.11.2025 10:00;66,88
18.11.2025 10:15;69,3
18.11.2025 10:30;63,72
18.11.2025 10:45;66,12
18.11.2025 11:00;49,38
18.11.2025 11:15;63,92
18.11.2025 11:30;72,62
18.11.2025 11:45;72,82
18.11.2025 12:00;45,26
18.11.2025 12:15;51,26
18.11.2025 12:30;48,72
18.11.2025 12:45;53,92
18.11.2025 13:00;55,64
18.11.2025 13:15;59,32
18.11.2025 13:30;68,06
18.11.2025 13:45;68,88
18.11.2025 14:00;62,18
18.11.2025 14:15;48,04
18.11.2025 14:30;53,12
18.11.2025 14:45;60,98
18.11.2025 15:00;53,7
18.11.2025 15:15;46,62
18.11.2025 15:30;49,48
18.11.2025 15:45;51,9
18.11.2025 16:00;52,18
18.11.2025 16:15;53,8
18.11.2025 16:30;51,06
18.11.2025 16:45;53,62
18.11.2025 17:00;46,54
18.11.2025 17:15;51,86
18.11.2025 17:30;56,56
18.11.2025 17:45;54,94
18.11.2025 18:00;57,22
18.11.2025 18:15;51,36
18.11.2025 18:30;53,46
18.11.2025 18:45;55,84
18.11.2025 19:00;55,5
18.11.2025 19:15;55,36
18.11.2025 19:30;56,68
18.11.2025 19:45;50,84
18.11.2025 20:00;48,26
18.11.2025 20:15;54,72
18.11.2025 20:30;57,74
18.11.2025 20:45;52,4
18.11.2025 21:00;56,06
18.11.2025 21:15;56,8
18.11.2025 21:30;56,1
18.11.2025 21:45;56,58
18.11.2025 22:00;50,14
18.11.2025 22:15;51,62
18.11.2025 22:30;51,54
18.11.2025 22:45;42,38
18.11.2025 23:00;26,36
18.11.2025 23:15;23,14
18.11.2025 23:30;27,44
18.11.2025 23:45;22,52
19.11.2025 00:00;24,88
19.11.2025 00:15;24,86
19.11.2025 00:30;22,52
19.11.2025 00:45;26,02
19.11.2025 01:00;22,18
19.11.2025 01:15;22,94
19.11.2025 01:30;23,14
19.11.2025 01:45;20,52
19.11.2025 02:00;22,92
19.11.2025 02:15;22,64
19.11.2025 02:30;21,34
19.11.2025 02:45;24,78
19.11.2025 03:00;21,42
19.11.2025 03:15;22,94
19.11.2025 03:30;23,7
19.11.2025 03:45;21,9
19.11.2025 04:00;25,1
19.11.2025 04:15;22,02
19.11.2025 04:30;22,36
19.11.2025 04:45;27,62
19.11.2025 05:00;26,12
19.11.2025 05:15;31,88
19.11.2025 05:30;55,88
19.11.2025 05:45;66,14
19.11.2025 06:00;81,94
19.11.2025 06:15;78,1
19.11.2025 06:30;91,24
19.11.2025 06:45;90,6
19.11.2025 07:00;89,74
19.11.2025 07:15;91,08
19.11.2025 07:30;79,02
19.11.2025 07:45;83,48
19.11.2025 08:00;90,16
19.11.2025 08:15;84,94
19.11.2025 08:30;89,48
19.11.2025 08:45;84,82
19.11.2025 09:00;58,72
19.11.2025 09:15;68,06
19.11.2025 09:30;86,16
19.11.2025 09:45;76,8
19.11.2025 10:00;80,22
19.11.2025 10:15;68,12
19.11.2025 10:30;53,26
19.11.2025 10:45;56,16
19.11.2025 11:00;39,76
19.11.2025 11:15;37,7
19.11.2025 11:30;45,08
19.11.2025 11:45;37,06
19.11.2025 12:00;21,14
19.11.2025 12:15;32,12
19.11.2025 12:30;66,02
19.11.2025 12:45;62,06
19.11.2025 13:00;73,12
19.11.2025 13:15;79,28
19.11.2025 13:30;74,46
19.11.2025 13:45;60,32
19.11.2025 14:00;42,06
19.11.2025 14:15;43,16
19.11.2025 14:30;42,94
19.11.2025 14:45;36,1
19.11.2025 15:00;33,78
19.11.2025 15:15;29,2
19.11.2025 15:30;35,88
19.11.2025 15:45;31,8
19.11.2025 16:00;31,06
19.11.2025 16:15;39,4
19.11.2025 16:30;34,58
19.11.2025 16:45;31,02
19.11.2025 17:00;30,12
19.11.2025 17:15;32,16
19.11.2025 17:30;34,92
19.11.2025 17:45;32,44
19.11.2025 18:00;25,62
19.11.2025 18:15;20,66
19.11.2025 18:30;21,02
19.11.2025 18:45;20,56
19.11.2025 19:00;21,02
19.11.2025 19:15;21,56
19.11.2025 19:30;23,82
19.11.2025 19:45;20,44
19.11.2025 20:00;15,82
19.11.2025 20:15;19,54
19.11.2025 20:30;20,62
19.11.2025 20:45;20,44
19.11.2025 21:00;20,66
19.11.2025 21:15;23,3
19.11.2025 21:30;21,58
19.11.2025 21:45;21,58
19.11.2025 22:00;21,5
19.11.2025 22:15;20,04
19.11.2025 22:30;20
19.11.2025 22:45;18,72
19.11.2025 23:00;9
19.11.2025 23:15;8,62
19.11.2025 23:30;8,82
19.11.2025 23:45;9,16
20.11.2025 00:00;8,62
20.11.2025 00:15;8,2
20.11.2025 00:30;8,14
20.11.2025 00:45;8,96
20.11.2025 01:00;9,88
20.11.2025 01:15;8,08
20.11.2025 01:30;7,88
20.11.2025 01:45;8,2
20.11.2025 02:00;8,4
20.11.2025 02:15;8,38
20.11.2025 02:30;8,08
20.11.2025 02:45;7,78
20.11.2025 03:00;8,02
20.11.2025 03:15;8,62
20.11.2025 03:30;7,92
20.11.2025 03:45;7,8
20.11.2025 04:00;7,84
20.11.2025 04:15;8,1
20.11.2025 04:30;8,56
20.11.2025 04:45;12,48
20.11.2025 05:00;13,66
20.11.2025 05:15;16,98
20.11.2025 05:30;41,76
20.11.2025 05:45;67,16
20.11.2025 06:00;74,12
20.11.2025 06:15;73,74
20.11.2025 06:30;71,44
20.11.2025 06:45;67,56
20.11.2025 07:00;66,48
20.11.2025 07:15;65,7
20.11.2025 07:30;76,24
20.11.2025 07:45;83,38
20.11.2025 08:00;76,8
20.11.2025 08:15;82,24
20.11.2025 08:30;77,8
20.11.2025 08:45;83,46
20.11.2025 09:00;45,24
20.11.2025 09:15;70,28
20.11.2025 09:30;76,16
20.11.2025 09:45;81,44
20.11.2025 10:00;82,62
20.11.2025 10:15;79,62
20.11.2025 10:30;81,82
20.11.2025 10:45;76,64
20.11.2025 11:00;78,44
20.11.2025 11:15;75,24
20.11.2025 11:30;69,6
20.11.2025 11:45;67,3
20.11.2025 12:00;48,56
20.11.2025 12:15;47,54
20.11.2025 12:30;57,86
20.11.2025 12:45;63,12
20.11.2025 13:00;65,86
20.11.2025 13:15;73,54
20.11.2025 13:30;71,18
20.11.2025 13:45;65,66
20.11.2025 14:00;70,66
20.11.2025 14:15;65,58
20.11.2025 14:30;65,14
20.11.2025 14:45;53,72
20.11.2025 15:00;56,64
20.11.2025 15:15;62,22
20.11.2025 15:30;60,6
20.11.2025 15:45;60,7
20.11.2025 16:00;63,16
20.11.2025 16:15;65,32
20.11.2025 16:30;60,56
20.11.2025 16:45;57,12
20.11.2025 17:00;35,22
20.11.2025 17:15;33,22
20.11.2025 17:30;44,38
20.11.2025 17:45;49,66
20.11.2025 18:00;44
20.11.2025 18:15;45,58
20.11.2025 18:30;39,64
20.11.2025 18:45;40
20.11.2025 19:00;44,4
20.11.2025 19:15;37,54
20.11.2025 19:30;37,98
20.11.2025 19:45;34,68
20.11.2025 20:00;24,46
20.11.2025 20:15;29,56
20.11.2025 20:30;31,42
20.11.2025 20:45;24,7
20.11.2025 21:00;22,52
20.11.2025 21:15;22,02
20.11.2025 21:30;22,38
20.11.2025 21:45;24,02
20.11.2025 22:00;23,06
20.11.2025 22:15;21,28
20.11.2025 22:30;26,54
20.11.2025 22:45;21,8
20.11.2025 23:00;11,68
20.11.2025 23:15;11,32
20.11.2025 23:30;11,16
20.11.2025 23:45;11,58
21.11.2025 00:00;11,18
21.11.2025 00:15;10,58
21.11.2025 00:30;10,36
21.11.2025 00:45;10,52
21.11.2025 01:00;10,78
21.11.2025 01:15;13,08
21.11.2025 01:30;10,28
21.11.2025 01:45;10,24
21.11.2025 02:00;10,28
21.11.2025 02:15;10,44
21.11.2025 02:30;10,62
21.11.2025 02:45;9,98
21.11.2025 03:00;9,6
21.11.2025 03:15;9,42
21.11.2025 03:30;9,76
21.11.2025 03:45;9,62
21.11.2025 04:00;10,24
21.11.2025 04:15;10,44
21.11.2025 04:30;8,8
21.11.2025 04:45;13,08
21.11.2025 05:00;14,36
21.11.2025 05:15;16,42
21.11.2025 05:30;44,48
21.11.2025 05:45;59,26
21.11.2025 06:00;66,8
21.11.2025 06:15;62,44
21.11.2025 06:30;62,58
21.11.2025 06:45;67,62
21.11.2025 07:00;69,12
21.11.2025 07:15;63,06
21.11.2025 07:30;67,34
21.11.2025 07:45;60,04
21.11.2025 08:00;63,02
21.11.2025 08:15;61,2
21.11.2025 08:30;62,48
21.11.2025 08:45;60,38
21.11.2025 09:00;47,64
21.11.2025 09:15;56,54
21.11.2025 09:30;62,12
21.11.2025 09:45;68,44
21.11.2025 10:00;60,96
21.11.2025 10:15;59,34
21.11.2025 10:30;54,2
21.11.2025 10:45;62,88
21.11.2025 11:00;65,84
21.11.2025 11:15;63,32
21.11.2025 11:30;60,74
21.11.2025 11:45;59,28
21.11.2025 12:00;34,04
21.11.2025 12:15;54,34
21.11.2025 12:30;60,28
21.11.2025 12:45;48,2
21.11.2025 13:00;54,34
21.11.2025 13:15;55,58
21.11.2025 13:30;58,64
21.11.2025 13:45;59,76
21.11.2025 14:00;56,76
21.11.2025 14:15;64,56
21.11.2025 14:30;65,84
21.11.2025 14:45;70,1
21.11.2025 15:00;64,86
21.11.2025 15:15;68,28
21.11.2025 15:30;71,98
21.11.2025 15:45;71,72
21.11.2025 16:00;72,92
21.11.2025 16:15;67,48
21.11.2025 16:30;62,62
21.11.2025 16:45;47,52
21.11.2025 17:00;35,08
21.11.2025 17:15;34,14
21.11.2025 17:30;35
21.11.2025 17:45;43,66
21.11.2025 18:00;39,34
21.11.2025 18:15;38,48
21.11.2025 18:30;33,56
21.11.2025 18:45;31,72
21.11.2025 19:00;38,64
21.11.2025 19:15;33,74
21.11.2025 19:30;38,7
21.11.2025 19:45;29,02
21.11.2025 20:00;24,36
21.11.2025 20:15;10,72
21.11.2025 20:30;9,38
21.11.2025 20:45;9,48
21.11.2025 21:00;9,48
21.11.2025 21:15;9,34
21.11.2025 21:30;9,06
21.11.2025 21:45;9,76
21.11.2025 22:00;9,12
21.11.2025 22:15;10,68
21.11.2025 22:30;9,54
21.11.2025 22:45;8,34
21.11.2025 23:00;8,52
21.11.2025 23:15;8,02
21.11.2025 23:30;7,94
21.11.2025 23:45;8,52
22.11.2025 00:00;7,68
22.11.2025 00:15;7,14
22.11.2025 00:30;7,36
22.11.2025 00:45;9,22
22.11.2025 01:00;7,8
22.11.2025 01:15;6,78
22.11.2025 01:30;6,9
22.11.2025 01:45;7,2
22.11.2025 02:00;6,9
22.11.2025 02:15;6,58
22.11.2025 02:30;6,62
22.11.2025 02:45;6,78
22.11.2025 03:00;6,64
22.11.2025 03:15;7,44
22.11.2025 03:30;10,08
22.11.2025 03:45;6,84
22.11.2025 04:00;6,84
22.11.2025 04:15;7,2
22.11.2025 04:30;6,94
22.11.2025 04:45;6,9
22.11.2025 05:00;7,26
22.11.2025 05:15;7,34
22.11.2025 05:30;7,34
22.11.2025 05:45;7,22
22.11.2025 06:00;10,38
22.11.2025 06:15;7,92
22.11.2025 06:30;7,66
22.11.2025 06:45;7,56
22.11.2025 07:00;7,92
22.11.2025 07:15;7,48
22.11.2025 07:30;7,18
22.11.2025 07:45;6,7
22.11.2025 08:00;5,58
22.11.2025 08:15;4,5
22.11.2025 08:30;4,3
22.11.2025 08:45;3,26
22.11.2025 09:00;1,2
22.11.2025 09:15;0,5
22.11.2025 09:30;0,06
22.11.2025 09:45;0,02
22.11.2025 10:00;0
22.11.2025 10:15;0
22.11.2025 10:30;0
22.11.2025 10:45;0
22.11.2025 11:00;0
22.11.2025 11:15;0
22.11.2025 11:30;0
22.11.2025 11:45;0
22.11.2025 12:00;0
22.11.2025 12:15;0
22.11.2025 12:30;0
22.11.2025 12:45;0
22.11.2025 13:00;0
22.11.2025 13:15;0
22.11.2025 13:30;0
22.11.2025 13:45;0
22.11.2025 14:00;0
22.11.2025 14:15;0
22.11.2025 14:30;0
22.11.2025 14:45;0,44
22.11.2025 15:00;2,14
22.11.2025 15:15;1,6
22.11.2025 15:30;3,36
22.11.2025 15:45;5,1
22.11.2025 16:00;6,22
22.11.2025 16:15;6,64
22.11.2025 16:30;6,56
22.11.2025 16:45;6,7
22.11.2025 17:00;7,28
22.11.2025 17:15;7,48
22.11.2025 17:30;10,36
22.11.2025 17:45;7,28
22.11.2025 18:00;7,7
22.11.2025 18:15;7,08
22.11.2025 18:30;7,08
22.11.2025 18:45;7,16
22.11.2025 19:00;6,98
22.11.2025 19:15;7
22.11.2025 19:30;7,36
22.11.2025 19:45;7,62
22.11.2025 20:00;7,32
22.11.2025 20:15;9,76
22.11.2025 20:30;7,26
22.11.2025 20:45;6,98
22.11.2025 21:00;7,14
22.11.2025 21:15;7,24
22.11.2025 21:30;7,46
22.11.2025 21:45;7,46
22.11.2025 22:00;6,92
22.11.2025 22:15;6,82
22.11.2025 22:30;7,46
22.11.2025 22:45;7,4
22.11.2025 23:00;7,32
22.11.2025 23:15;10,58
22.11.2025 23:30;7,22
22.11.2025 23:45;6,96
23.11.2025 00:00;6,84
23.11.2025 00:15;6,56
23.11.2025 00:30;6,62
23.11.2025 00:45;6,94
23.11.2025 01:00;7,02
23.11.2025 01:15;7,06
23.11.2025 01:30;6,66
23.11.2025 01:45;6,6
23.11.2025 02:00;6,68
23.11.2025 02:15;9,42
23.11.2025 02:30;7,54
23.11.2025 02:45;7,32
23.11.2025 03:00;6,7
23.11.2025 03:15;6,6
23.11.2025 03:30;6,72
23.11.2025 03:45;6,74
23.11.2025 04:00;6,92
23.11.2025 04:15;7,64
23.11.2025 04:30;7,46
23.11.2025 04:45;6,86
23.11.2025 05:00;7,08
23.11.2025 05:15;6,94
23.11.2025 05:30;9,56
23.11.2025 05:45;8,08
23.11.2025 06:00;7,42
23.11.2025 06:15;7,28
23.11.2025 06:30;7,14
23.11.2025 06:45;6,84
23.11.2025 07:00;6,58
23.11.2025 07:15;6,9
23.11.2025 07:30;6,74
23.11.2025 07:45;6,68
23.11.2025 08:00;6,1
23.11.2025 08:15;4,96
23.11.2025 08:30;4,24
23.11.2025 08:45;5,16
23.11.2025 09:00;3,96
23.11.2025 09:15;0,98
23.11.2025 09:30;1
23.11.2025 09:45;0,58
23.11.2025 10:00;0,48
23.11.2025 10:15;0,86
23.11.2025 10:30;0,7
23.11.2025 10:45;0,62
23.11.2025 11:00;0,48
23.11.2025 11:15;0,42
23.11.2025 11:30;0,22
23.11.2025 11:45;0,34
23.11.2025 12:00;1,92
23.11.2025 12:15;0,2
23.11.2025 12:30;0,02
23.11.2025 12:45;0
23.11.2025 13:00;0,38
23.11.2025 13:15;0,22
23.11.2025 13:30;0,06
23.11.2025 13:45;0
23.11.2025 14:00;0,08
23.11.2025 14:15;1,14
23.11.2025 14:30;1,42
23.11.2025 14:45;2,18
23.11.2025 15:00;7,74
23.11.2025 15:15;5,84
23.11.2025 15:30;5,54
23.11.2025 15:45;5,3
23.11.2025 16:00;6,58
23.11.2025 16:15;7,26
23.11.2025 16:30;6,86
23.11.2025 16:45;7,02
23.11.2025 17:00;7,22
23.11.2025 17:15;6,94
23.11.2025 17:30;7,08
23.11.2025 17:45;7,4
23.11.2025 18:00;7,58
23.11.2025 18:15;8,08
23.11.2025 18:30;9,12
23.11.2025 18:45;6,98
23.11.2025 19:00;7,36
23.11.2025 19:15;7,54
23.11.2025 19:30;7,26
23.11.2025 19:45;7,52
23.11.2025 20:00;7,4
23.11.2025 20:15;7
23.11.2025 20:30;6,98
23.11.2025 20:45;7,22
23.11.2025 21:00;7,1
23.11.2025 21:15;7,46
23.11.2025 21:30;7,72
23.11.2025 21:45;9,78
23.11.2025 22:00;7,06
23.11.2025 22:15;7,3
23.11.2025 22:30;6,92
23.11.2025 22:45;6,96
23.11.2025 23:00;7,36
23.11.2025 23:15;7,44
23.11.2025 23:30;7,32
23.11.2025 23:45;7,1
24.11.2025 00:00;6,78
24.11.2025 00:15;6,68
24.11.2025 00:30;6,82
24.11.2025 00:45;6,96
24.11.2025 01:00;8,32
24.11.2025 01:15;8,62
24.11.2025 01:30;6,9
24.11.2025 01:45;6,6
24.11.2025 02:00;6,62
24.11.2025 02:15;6,82
24.11.2025 02:30;6,94
24.11.2025 02:45;7,22
24.11.2025 03:00;7,22
24.11.2025 03:15;6,62
24.11.2025 03:30;6,88
24.11.2025 03:45;6,94
24.11.2025 04:00;7
24.11.2025 04:15;7,14
24.11.2025 04:30;8,7
24.11.2025 04:45;9,18
24.11.2025 05:00;12,62
24.11.2025 05:15;23,62
24.11.2025 05:30;38,84
24.11.2025 05:45;51,74
24.11.2025 06:00;57,48
24.11.2025 06:15;61,38
24.11.2025 06:30;59,5
24.11.2025 06:45;63,94
24.11.2025 07:00;64,42
24.11.2025 07:15;69,32
24.11.2025 07:30;66,08
24.11.2025 07:45;71,62
24.11.2025 08:00;72,98
24.11.2025 08:15;81,72
24.11.2025 08:30;73,34
24.11.2025 08:45;75,86
24.11.2025 09:00;57,06
24.11.2025 09:15;69,48
24.11.2025 09:30;74,8
24.11.2025 09:45;76,2
24.11.2025 10:00;72,76
24.11.2025 10:15;74,22
24.11.2025 10:30;73,9
24.11.2025 10:45;72,5
24.11.2025 11:00;63,08
24.11.2025 11:15;68,96
24.11.2025 11:30;75,54
24.11.2025 11:45;72,06
24.11.2025 12:00;59,22
24.11.2025 12:15;60,74
24.11.2025 12:30;61,84
24.11.2025 12:45;61,08
24.11.2025 13:00;61,24
24.11.2025 13:15;64,46
24.11.2025 13:30;71,9
24.11.2025 13:45;68,18
24.11.2025 14:00;69,8
24.11.2025 14:15;65,18
24.11.2025 14:30;69,66
24.11.2025 14:45;71,1
24.11.2025 15:00;72,48
24.11.2025 15:15;65,96
24.11.2025 15:30;63,74
24.11.2025 15:45;63,2
24.11.2025 16:00;64,02
24.11.2025 16:15;66,48
24.11.2025 16:30;64,6
24.11.2025 16:45;62,66
24.11.2025 17:00;50,84
24.11.2025 17:15;60,88
24.11.2025 17:30;64,82
24.11.2025 17:45;60,8
24.11.2025 18:00;66,44
24.11.2025 18:15;62,32
24.11.2025 18:30;62,16
24.11.2025 18:45;67,14
24.11.2025 19:00;65,12
24.11.2025 19:15;64,9
24.11.2025 19:30;66,28
24.11.2025 19:45;61,84
24.11.2025 20:00;44,48
24.11.2025 20:15;39,2
24.11.2025 20:30;53,88
24.11.2025 20:45;57,94
24.11.2025 21:00;62,26
24.11.2025 21:15;67,52
24.11.2025 21:30;64,04
24.11.2025 21:45;63,78
24.11.2025 22:00;59,66
24.11.2025 22:15;63,78
24.11.2025 22:30;69,82
24.11.2025 22:45;64,58
24.11.2025 23:00;57,74
24.11.2025 23:15;53,24
24.11.2025 23:30;44,54
24.11.2025 23:45;40,04
25.11.2025 00:00;39
25.11.2025 00:15;36,08
25.11.2025 00:30;34,62
25.11.2025 00:45;37,24
25.11.2025 01:00;33,34
25.11.2025 01:15;35,38
25.11.2025 01:30;36,66
25.11.2025 01:45;34,74
25.11.2025 02:00;30,22
25.11.2025 02:15;21,02
25.11.2025 02:30;19,92
25.11.2025 02:45;21,24
25.11.2025 03:00;20,18
25.11.2025 03:15;17,32
25.11.2025 03:30;19,58
25.11.2025 03:45;18,4
25.11.2025 04:00;16,94
25.11.2025 04:15;19,62
25.11.2025 04:30;18,56
25.11.2025 04:45;15,5
25.11.2025 05:00;25,28
25.11.2025 05:15;42,3
25.11.2025 05:30;42,92
25.11.2025 05:45;49,84
25.11.2025 06:00;57,18
25.11.2025 06:15;62,22
25.11.2025 06:30;67,36
25.11.2025 06:45;67,92
25.11.2025 07:00;62,2
25.11.2025 07:15;62,52
25.11.2025 07:30;65,2
25.11.2025 07:45;64,28
25.11.2025 08:00;64,76
25.11.2025 08:15;71,14
25.11.2025 08:30;68,6
25.11.2025 08:45;64,72
25.11.2025 09:00;60,32
25.11.2025 09:15;61,62
25.11.2025 09:30;70,8
25.11.2025 09:45;73,44
25.11.2025 10:00;75,56
25.11.2025 10:15;70,78
25.11.2025 10:30;71,54
25.11.2025 10:45;68,74
25.11.2025 11:00;71,02
25.11.2025 11:15;59,38
25.11.2025 11:30;67,32
25.11.2025 11:45;68,14
25.11.2025 12:00;48,54
25.11.2025 12:15;62,18
25.11.2025 12:30;68,74
25.11.2025 12:45;68,18
25.11.2025 13:00;67,94
25.11.2025 13:15;62,36
25.11.2025 13:30;62,28
25.11.2025 13:45;65,48
25.11.2025 14:00;67
25.11.2025 14:15;68,02
25.11.2025 14:30;69,52
25.11.2025 14:45;64,34
25.11.2025 15:00;69,26
25.11.2025 15:15;66,12
25.11.2025 15:30;69,22
25.11.2025 15:45;64,78
25.11.2025 16:00;68,6
25.11.2025 16:15;62,74
25.11.2025 16:30;57,2
25.11.2025 16:45;65,86
25.11.2025 17:00;48,9
25.11.2025 17:15;67,12
25.11.2025 17:30;68,8
25.11.2025 17:45;71,44
25.11.2025 18:00;66,58
25.11.2025 18:15;69,78
25.11.2025 18:30;69,86
25.11.2025 18:45;67
25.11.2025 19:00;62,04
25.11.2025 19:15;62,18
25.11.2025 19:30;65,08
25.11.2025 19:45;61,18
25.11.2025 20:00;49
25.11.2025 20:15;61,7
25.11.2025 20:30;71,06
25.11.2025 20:45;66,14
25.11.2025 21:00;62,36
25.11.2025 21:15;68,86
25.11.2025 21:30;66,32
25.11.2025 21:45;62,78
25.11.2025 22:00;61,92
25.11.2025 22:15;66,72
25.11.2025 22:30;66,68
25.11.2025 22:45;67,94
25.11.2025 23:00;55,1
25.11.2025 23:15;45,38
25.11.2025 23:30;28,16
25.11.2025 23:45;21,96
26.11.2025 00:00;18,06
26.11.2025 00:15;20,1
26.11.2025 00:30;19,74
26.11.2025 00:45;18,02
26.11.2025 01:00;18,46
26.11.2025 01:15;20,36
26.11.2025 01:30;17,78
26.11.2025 01:45;16,3
26.11.2025 02:00;21,64
26.11.2025 02:15;17,34
26.11.2025 02:30;16,96
26.11.2025 02:45;20,26
26.11.2025 03:00;17,64
26.11.2025 03:15;15,46
26.11.2025 03:30;15,38
26.11.2025 03:45;18,58
26.11.2025 04:00;15,94
26.11.2025 04:15;14,72
26.11.2025 04:30;19,5
26.11.2025 04:45;15,1
26.11.2025 05:00;17,74
26.11.2025 05:15;28,36
26.11.2025 05:30;52,02
26.11.2025 05:45;65,26
26.11.2025 06:00;71,92
26.11.2025 06:15;76,72
26.11.2025 06:30;73,28
26.11.2025 06:45;76,22
26.11.2025 07:00;70,32
26.11.2025 07:15;77,14
26.11.2025 07:30;73,96
26.11.2025 07:45;67,12
26.11.2025 08:00;74,92
26.11.2025 08:15;74,34
26.11.2025 08:30;70,18
26.11.2025 08:45;74,18
26.11.2025 09:00;79,12
26.11.2025 09:15;78,8
26.11.2025 09:30;72,14
26.11.2025 09:45;96,14
26.11.2025 10:00;83,9
26.11.2025 10:15;78,44
26.11.2025 10:30;77,22
26.11.2025 10:45;74,12
26.11.2025 11:00;77,18
26.11.2025 11:15;76,14
26.11.2025 11:30;70,58
26.11.2025 11:45;74,38
26.11.2025 12:00;57,5
26.11.2025 12:15;68,8
26.11.2025 12:30;77,96
26.11.2025 12:45;91,64
26.11.2025 13:00;102,24
26.11.2025 13:15;102,5
26.11.2025 13:30;77,26
26.11.2025 13:45;69,52
26.11.2025 14:00;84,12
26.11.2025 14:15;88,52
26.11.2025 14:30;88,16
26.11.2025 14:45;82,1
26.11.2025 15:00;85,28
26.11.2025 15:15;95,44
26.11.2025 15:30;90,72
26.11.2025 15:45;80,8
26.11.2025 16:00;87,64
26.11.2025 16:15;86,84
26.11.2025 16:30;90,72
26.11.2025 16:45;86,66
26.11.2025 17:00;65,66
26.11.2025 17:15;81,72
26.11.2025 17:30;85,52
26.11.2025 17:45;81,34
26.11.2025 18:00;84,96
26.11.2025 18:15;82,66
26.11.2025 18:30;81,04
26.11.2025 18:45;81,52
26.11.2025 19:00;72,42
26.11.2025 19:15;73,98
26.11.2025 19:30;68,76
26.11.2025 19:45;72,3
26.11.2025 20:00;52,04
26.11.2025 20:15;66,56
26.11.2025 20:30;77,6
26.11.2025 20:45;83,36
26.11.2025 21:00;87,6
26.11.2025 21:15;76,58
26.11.2025 21:30;82,94
26.11.2025 21:45;67,4
26.11.2025 22:00;59,98
26.11.2025 22:15;66,7
26.11.2025 22:30;61,86
26.11.2025 22:45;67,68
26.11.2025 23:00;66,72
26.11.2025 23:15;59,54
26.11.2025 23:30;53,16
26.11.2025 23:45;50,28
27.11.2025 00:00;53,98
27.11.2025 00:15;49,04
27.11.2025 00:30;31,3
27.11.2025 00:45;23,66
27.11.2025 01:00;19,06
27.11.2025 01:15;17,84
27.11.2025 01:30;18,66
27.11.2025 01:45;19,18
27.11.2025 02:00;16,96
27.11.2025 02:15;16,94
27.11.2025 02:30;18,48
27.11.2025 02:45;15,08
27.11.2025 03:00;16,98
27.11.2025 03:15;18
27.11.2025 03:30;15,32
27.11.2025 03:45;16,74
27.11.2025 04:00;17,84
27.11.2025 04:15;16
27.11.2025 04:30;15,3
27.11.2025 04:45;19,08
27.11.2025 05:00;17,34
27.11.2025 05:15;24
27.11.2025 05:30;54,68
27.11.2025 05:45;61,76
27.11.2025 06:00;63,96
27.11.2025 06:15;74,4
27.11.2025 06:30;75,32
27.11.2025 06:45;67,5
27.11.2025 07:00;76,02
27.11.2025 07:15;75,2
27.11.2025 07:30;74,36
27.11.2025 07:45;71,5
27.11.2025 08:00;83,06
27.11.2025 08:15;77,64
27.11.2025 08:30;85,02
27.11.2025 08:45;71,22
27.11.2025 09:00;73,22
27.11.2025 09:15;71,02
27.11.2025 09:30;69,98
27.11.2025 09:45;71,1
27.11.2025 10:00;77,1
27.11.2025 10:15;75,86
27.11.2025 10:30;77,92
27.11.2025 10:45;71,5
27.11.2025 11:00;70,58
27.11.2025 11:15;79,9
27.11.2025 11:30;80,36
27.11.2025 11:45;81,42
27.11.2025 12:00;73,62
27.11.2025 12:15;75,38
27.11.2025 12:30;72,58
27.11.2025 12:45;69,36
27.11.2025 13:00;62,36
27.11.2025 13:15;76,58
27.11.2025 13:30;86,32
27.11.2025 13:45;83,02
27.11.2025 14:00;93,98
27.11.2025 14:15;90,04
27.11.2025 14:30;99
27.11.2025 14:45;97,14
27.11.2025 15:00;92,08
27.11.2025 15:15;90,16
27.11.2025 15:30;87,52
27.11.2025 15:45;89,78
27.11.2025 16:00;97,18
27.11.2025 16:15;80,5
27.11.2025 16:30;82,2
27.11.2025 16:45;77,44
27.11.2025 17:00;47,7
27.11.2025 17:15;64,94
27.11.2025 17:30;79,94
27.11.2025 17:45;83,58
27.11.2025 18:00;87,06
27.11.2025 18:15;87,7
27.11.2025 18:30;84,42
27.11.2025 18:45;85,12
27.11.2025 19:00;85,18
27.11.2025 19:15;86,38
27.11.2025 19:30;83,64
27.11.2025 19:45;82,22
27.11.2025 20:00;60,28
27.11.2025 20:15;74,36
27.11.2025 20:30;86,5
27.11.2025 20:45;84,68
27.11.2025 21:00;89,56
27.11.2025 21:15;86,96
27.11.2025 21:30;73,38
27.11.2025 21:45;78,24
27.11.2025 22:00;78,42
27.11.2025 22:15;70,3
27.11.2025 22:30;72,56
27.11.2025 22:45;50,22
27.11.2025 23:00;28,94
27.11.2025 23:15;14,38
27.11.2025 23:30;9,12
27.11.2025 23:45;8,98
28.11.2025 00:00;7,82
28.11.2025 00:15;7,76
28.11.2025 00:30;7,82
28.11.2025 00:45;7,76
28.11.2025 01:00;8,22
28.11.2025 01:15;8,04
28.11.2025 01:30;8,04
28.11.2025 01:45;7,52
28.11.2025 02:00;10,42
28.11.2025 02:15;7,74
28.11.2025 02:30;7,68
28.11.2025 02:45;7,82
28.11.2025 03:00;7,32
28.11.2025 03:15;7,34
28.11.2025 03:30;7,26
28.11.2025 03:45;6,68
28.11.2025 04:00;7,26
28.11.2025 04:15;7,48
28.11.2025 04:30;7,36
28.11.2025 04:45;7,02
28.11.2025 05:00;10,12
28.11.2025 05:15;21,78
28.11.2025 05:30;42,14
28.11.2025 05:45;51,22
28.11.2025 06:00;55,78
28.11.2025 06:15;53,7
28.11.2025 06:30;55,46
28.11.2025 06:45;57,38
28.11.2025 07:00;54,7
28.11.2025 07:15;59,82
28.11.2025 07:30;71,34
28.11.2025 07:45;74,06
28.11.2025 08:00;73,2
28.11.2025 08:15;72,78
28.11.2025 08:30;73,7
28.11.2025 08:45;89,9
28.11.2025 09:00;83,26
28.11.2025 09:15;83,64
28.11.2025 09:30;84,82
28.11.2025 09:45;81,62
28.11.2025 10:00;78,12
28.11.2025 10:15;81,28
28.11.2025 10:30;91,6
28.11.2025 10:45;96,96
28.11.2025 11:00;86,9
28.11.2025 11:15;82,18
28.11.2025 11:30;85,42
28.11.2025 11:45;85,4
28.11.2025 12:00;85,84
28.11.2025 12:15;82,12
28.11.2025 12:30;87,96
28.11.2025 12:45;82,18
28.11.2025 13:00;85,64
28.11.2025 13:15;91,64
28.11.2025 13:30;91,56
28.11.2025 13:45;89,9
28.11.2025 14:00;67,92
28.11.2025 14:15;55,18
28.11.2025 14:30;62,18
28.11.2025 14:45;80,12
28.11.2025 15:00;62,5
28.11.2025 15:15;62,12
28.11.2025 15:30;65,98
28.11.2025 15:45;57,62
28.11.2025 16:00;63,42
28.11.2025 16:15;60,06
28.11.2025 16:30;51,28
28.11.2025 16:45;59,12
28.11.2025 17:00;39,62
28.11.2025 17:15;64,94
28.11.2025 17:30;63,76
28.11.2025 17:45;53,06
28.11.2025 18:00;61,16
28.11.2025 18:15;54,52
28.11.2025 18:30;56,1
28.11.2025 18:45;59,7
28.11.2025 19:00;53,38
28.11.2025 19:15;57,78
28.11.2025 19:30;54,84
28.11.2025 19:45;38,54
28.11.2025 20:00;22,7
28.11.2025 20:15;12,82
28.11.2025 20:30;11,5
28.11.2025 20:45;10,82
28.11.2025 21:00;10
28.11.2025 21:15;10,88
28.11.2025 21:30;10,54
28.11.2025 21:45;10,02
28.11.2025 22:00;9,96
28.11.2025 22:15;8,94
28.11.2025 22:30;9,46
28.11.2025 22:45;11,4
28.11.2025 23:00;9,86
28.11.2025 23:15;8,44
28.11.2025 23:30;6,18
28.11.2025 23:45;5,28
29.11.2025 00:00;5,44
29.11.2025 00:15;3,76
29.11.2025 00:30;3,88
29.11.2025 00:45;3,32
29.11.2025 01:00;3,52
29.11.2025 01:15;3,86
29.11.2025 01:30;3,78
29.11.2025 01:45;3,98
29.11.2025 02:00;3,6
29.11.2025 02:15;6,84
29.11.2025 02:30;4,44
29.11.2025 02:45;4,34
29.11.2025 03:00;4,56
29.11.2025 03:15;4,46
29.11.2025 03:30;3,66
29.11.2025 03:45;4,34
29.11.2025 04:00;4,78
29.11.2025 04:15;4,92
29.11.2025 04:30;4,46
29.11.2025 04:45;4,06
29.11.2025 05:00;4,42
29.11.2025 05:15;8,08
29.11.2025 05:30;7,88
29.11.2025 05:45;7,84
29.11.2025 06:00;8,64
29.11.2025 06:15;6,36
29.11.2025 06:30;6,74
29.11.2025 06:45;7,1
29.11.2025 07:00;6,6
29.11.2025 07:15;6,66
29.11.2025 07:30;5,64
29.11.2025 07:45;6,46
29.11.2025 08:00;6,42
29.11.2025 08:15;6,52
29.11.2025 08:30;6,48
29.11.2025 08:45;6,04
29.11.2025 09:00;5,42
29.11.2025 09:15;7,32
29.11.2025 09:30;8,52
29.11.2025 09:45;6,12
29.11.2025 10:00;6,06
29.11.2025 10:15;5,74
29.11.2025 10:30;6,72
29.11.2025 10:45;7,22
29.11.2025 11:00;6,2
29.11.2025 11:15;5,48
29.11.2025 11:30;4,94
29.11.2025 11:45;5,34
29.11.2025 12:00;5,16
29.11.2025 12:15;5
29.11.2025 12:30;5,56
29.11.2025 12:45;5,2
29.11.2025 13:00;6,14
29.11.2025 13:15;4,72
29.11.2025 13:30;2,8
29.11.2025 13:45;2,74
29.11.2025 14:00;3,08
29.11.2025 14:15;2,28
29.11.2025 14:30;3,48
29.11.2025 14:45;3,6
29.11.2025 15:00;3,64
29.11.2025 15:15;3,58
29.11.2025 15:30;3,16
29.11.2025 15:45;3,88
29.11.2025 16:00;4,3
29.11.2025 16:15;4,78
29.11.2025 16:30;6,26
29.11.2025 16:45;6,42
29.11.2025 17:00;4,04
29.11.2025 17:15;4,86
29.11.2025 17:30;4,82
29.11.2025 17:45;4,72
29.11.2025 18:00;4,94
29.11.2025 18:15;4
29.11.2025 18:30;4,8
29.11.2025 18:45;4,94
29.11.2025 19:00;4,78
29.11.2025 19:15;5
29.11.2025 19:30;4,42
29.11.2025 19:45;4,44
29.11.2025 20:00;6,52
29.11.2025 20:15;5,94
29.11.2025 20:30;4,3
29.11.2025 20:45;4,22
29.11.2025 21:00;3,76
29.11.2025 21:15;4,64
29.11.2025 21:30;5,16
29.11.2025 21:45;5,28
29.11.2025 22:00;4,8
29.11.2025 22:15;3,56
29.11.2025 22:30;3,96
29.11.2025 22:45;4,46
29.11.2025 23:00;4,3
29.11.2025 23:15;4,26
29.11.2025 23:30;4,28
29.11.2025 23:45;5,76
30.11.2025 00:00;5,4
30.11.2025 00:15;3,96
30.11.2025 00:30;6,48
30.11.2025 00:45;4,58
30.11.2025 01:00;3,36
30.11.2025 01:15;4,12
30.11.2025 01:30;4
30.11.2025 01:45;4,16
30.11.2025 02:00;4,02
30.11.2025 02:15;3,34
30.11.2025 02:30;3,68
30.11.2025 02:45;4,06
30.11.2025 03:00;4,1
30.11.2025 03:15;4,1
30.11.2025 03:30;3,66
30.11.2025 03:45;3,44
30.11.2025 04:00;4,44
30.11.2025 04:15;7,22
30.11.2025 04:30;4,22
30.11.2025 04:45;4,24
30.11.2025 05:00;3,46
30.11.2025 05:15;4,42
30.11.2025 05:30;4,34
30.11.2025 05:45;4,28
30.11.2025 06:00;4,28
30.11.2025 06:15;3,88
30.11.2025 06:30;3,9
30.11.2025 06:45;4,3
30.11.2025 07:00;4,04
30.11.2025 07:15;3,86
30.11.2025 07:30;3,92
30.11.2025 07:45;3,38
30.11.2025 08:00;5,44
30.11.2025 08:15;6,86
30.11.2025 08:30;4,1
30.11.2025 08:45;4
30.11.2025 09:00;
30.11.2025 09:15;3,82
30.11.2025 09:30;3,4
30.11.2025 09:45;3,22
30.11.2025 10:00;2,96
30.11.2025 10:15;2,24
30.11.2025 10:30;2,2
30.11.2025 10:45;2,74
30.11.2025 11:00;2,54
30.11.2025 11:15;2,34
30.11.2025 11:30;2,34
30.11.2025 11:45;3,18
30.11.2025 12:00;4,56
30.11.2025 12:15;2,68
30.11.2025 12:30;2,58
30.11.2025 12:45;2,68
30.11.2025 13:00;1,68
30.11.2025 13:15;2,3
30.11.2025 13:30;2,7
30.11.2025 13:45;2,58
30.11.2025 14:00;2,62
30.11.2025 14:15;2,54
30.11.2025 14:30;2,74
30.11.2025 14:45;3,36
30.11.2025 15:00;3,36
30.11.2025 15:15;3,4
30.11.2025 15:30;3,28
30.11.2025 15:45;2,9
30.11.2025 16:00;3,82
30.11.2025 16:15;3,96
30.11.2025 16:30;4,18
30.11.2025 16:45;4,46
30.11.2025 17:00;3,78
30.11.2025 17:15;5,52
30.11.2025 17:30;6,26
30.11.2025 17:45;4,6
30.11.2025 18:00;4,58
30.11.2025 18:15;4,82
30.11.2025 18:30;4,34
30.11.2025 18:45;4,46
30.11.2025 19:00;4,5
30.11.2025 19:15;4,34
30.11.2025 19:30;4,44
30.11.2025 19:45;3,86
30.11.2025 20:00;4,28
30.11.2025 20:15;4,56
30.11.2025 20:30;4,44
30.11.2025 20:45;4,52
30.11.2025 21:00;4,22
30.11.2025 21:15;6,64
30.11.2025 21:30;4,62
30.11.2025 21:45;4,64
30.11.2025 22:00;4,4
30.11.2025 22:15;4,38
30.11.2025 22:30;3,5
30.11.2025 22:45;4,34
30.11.2025 23:00;4,52
30.11.2025 23:15;4,5
30.11.2025 23:30;4,44
30.11.2025 23:45;3,96
01.12.2025 00:00;3,6
01.12.2025 00:15;5,54
01.12.2025 00:30;5,92
01.12.2025 00:45;4,54
01.12.2025 01:00;4,18
01.12.2025 01:15;5,82
01.12.2025 01:30;4,32
01.12.2025 01:45;4,04
01.12.2025 02:00;4,12
01.12.2025 02:15;4,3
01.12.2025 02:30;3,98
01.12.2025 02:45;3,52
01.12.2025 03:00;4,08
01.12.2025 03:15;4,14
01.12.2025 03:30;4,26
01.12.2025 03:45;4,26
01.12.2025 04:00;3,92
01.12.2025 04:15;4,36
01.12.2025 04:30;5,18
01.12.2025 04:45;8,28
01.12.2025 05:00;10,72
01.12.2025 05:15;11,82
01.12.2025 05:30;23,08
01.12.2025 05:45;41,62
01.12.2025 06:00;51,02
01.12.2025 06:15;51,9
01.12.2025 06:30;50,82
01.12.2025 06:45;67,08
01.12.2025 07:00;77,3
01.12.2025 07:15;70,52
01.12.2025 07:30;72,1
01.12.2025 07:45;64,1
01.12.2025 08:00;67,02
01.12.2025 08:15;66,56
01.12.2025 08:30;64,84
01.12.2025 08:45;72,92
01.12.2025 09:00;61,52
01.12.2025 09:15;74,88
01.12.2025 09:30;70,06
01.12.2025 09:45;86,98
01.12.2025 10:00;99,74
01.12.2025 10:15;105,36
01.12.2025 10:30;113,42
01.12.2025 10:45;100
01.12.2025 11:00;95,74
01.12.2025 11:15;87,56
01.12.2025 11:30;89,56
01.12.2025 11:45;100,3
01.12.2025 12:00;71,26
01.12.2025 12:15;71,36
01.12.2025 12:30;75,72
01.12.2025 12:45;86,28
01.12.2025 13:00;90,58
01.12.2025 13:15;84,06
01.12.2025 13:30;81,16
01.12.2025 13:45;81,62
01.12.2025 14:00;77,04
01.12.2025 14:15;85,96
01.12.2025 14:30;93,04
01.12.2025 14:45;98,32
01.12.2025 15:00;81,72
01.12.2025 15:15;88,64
01.12.2025 15:30;100,7
01.12.2025 15:45;104,82
01.12.2025 16:00;100,52
01.12.2025 16:15;101,62
01.12.2025 16:30;99,84
01.12.2025 16:45;75,74
01.12.2025 17:00;69,32
01.12.2025 17:15;70
01.12.2025 17:30;95,68
01.12.2025 17:45;85,4
01.12.2025 18:00;96,3
01.12.2025 18:15;79,16
01.12.2025 18:30;89,54
01.12.2025 18:45;78,54
01.12.2025 19:00;74,6
01.12.2025 19:15;76,18
01.12.2025 19:30;101,12
01.12.2025 19:45;94
01.12.2025 20:00;94,68
01.12.2025 20:15;96,08
01.12.2025 20:30;89,6
01.12.2025 20:45;89,4
01.12.2025 21:00;88,94
01.12.2025 21:15;78,66
01.12.2025 21:30;68,9
01.12.2025 21:45;62,66
01.12.2025 22:00;60,82
01.12.2025 22:15;59,04
01.12.2025 22:30;60,66
01.12.2025 22:45;59,4
01.12.2025 23:00;53,84
01.12.2025 23:15;51,2
01.12.2025 23:30;51,94
01.12.2025 23:45;43,62
02.12.2025 00:00;38,74
02.12.2025 00:15;38,82
02.12.2025 00:30;35,64
02.12.2025 00:45;34,46
02.12.2025 01:00;31,92
02.12.2025 01:15;23,26
02.12.2025 01:30;22,44
02.12.2025 01:45;24,16
02.12.2025 02:00;21,38
02.12.2025 02:15;21,84
02.12.2025 02:30;21,98
02.12.2025 02:45;12,16
02.12.2025 03:00;8,34
02.12.2025 03:15;8
02.12.2025 03:30;8,5
02.12.2025 03:45;7,36
02.12.2025 04:00;8,5
02.12.2025 04:15;8,32
02.12.2025 04:30;7,92
02.12.2025 04:45;12,6
02.12.2025 05:00;14,12
02.12.2025 05:15;16,28
02.12.2025 05:30;32,8
02.12.2025 05:45;56,64
02.12.2025 06:00;60,34
02.12.2025 06:15;59,7
02.12.2025 06:30;70,62
02.12.2025 06:45;72,86
02.12.2025 07:00;77,4
02.12.2025 07:15;81,34
02.12.2025 07:30;81,9
02.12.2025 07:45;83,2
02.12.2025 08:00;88,28
02.12.2025 08:15;86,22
02.12.2025 08:30;91,2
02.12.2025 08:45;84,2
02.12.2025 09:00;57,58
02.12.2025 09:15;73,62
02.12.2025 09:30;89,38
02.12.2025 09:45;102,66
02.12.2025 10:00;95,36
02.12.2025 10:15;96,34
02.12.2025 10:30;92,72
02.12.2025 10:45;85,7
02.12.2025 11:00;76,44
02.12.2025 11:15;79,74
02.12.2025 11:30;95,3
02.12.2025 11:45;82,64
02.12.2025 12:00;56,54
02.12.2025 12:15;76,2
02.12.2025 12:30;91,72
02.12.2025 12:45;91,34
02.12.2025 13:00;91,56
02.12.2025 13:15;84,06
02.12.2025 13:30;77,44
02.12.2025 13:45;81,94
02.12.2025 14:00;76,4
02.12.2025 14:15;77,06
02.12.2025 14:30;88,3
02.12.2025 14:45;94,1
02.12.2025 15:00;102,22
02.12.2025 15:15;89,68
02.12.2025 15:30;79,24
02.12.2025 15:45;68,9
02.12.2025 16:00;78,4
02.12.2025 16:15;79,82
02.12.2025 16:30;87,06
02.12.2025 16:45;92,18
02.12.2025 17:00;74,18
02.12.2025 17:15;63,5
02.12.2025 17:30;76,96
02.12.2025 17:45;82,06
02.12.2025 18:00;70,06
02.12.2025 18:15;77,18
02.12.2025 18:30;67,46
02.12.2025 18:45;56,76
02.12.2025 19:00;63,78
02.12.2025 19:15;71,52
02.12.2025 19:30;77,68
02.12.2025 19:45;82,7
02.12.2025 20:00;64,6
02.12.2025 20:15;51,16
02.12.2025 20:30;54,88
02.12.2025 20:45;60,9
02.12.2025 21:00;60,42
02.12.2025 21:15;65
02.12.2025 21:30;69,96
02.12.2025 21:45;55,48
02.12.2025 22:00;62,94
02.12.2025 22:15;56,76
02.12.2025 22:30;56,38
02.12.2025 22:45;62,54
02.12.2025 23:00;55,22
02.12.2025 23:15;35,7
02.12.2025 23:30;28,18
02.12.2025 23:45;24,52
03.12.2025 00:00;25,14
03.12.2025 00:15;26,34
03.12.2025 00:30;22,2
03.12.2025 00:45;25,12
03.12.2025 01:00;25,42
03.12.2025 01:15;22,26
03.12.2025 01:30;19,96
03.12.2025 01:45;10,72
03.12.2025 02:00;9,66
03.12.2025 02:15;9,9
03.12.2025 02:30;9,84
03.12.2025 02:45;9,56
03.12.2025 03:00;9,76
03.12.2025 03:15;7,32
03.12.2025 03:30;7,24
03.12.2025 03:45;7,26
03.12.2025 04:00;7,26
03.12.2025 04:15;7,08
03.12.2025 04:30;9,14
03.12.2025 04:45;11,56
03.12.2025 05:00;12,94
03.12.2025 05:15;14,68
03.12.2025 05:30;33,84
03.12.2025 05:45;42,44
03.12.2025 06:00;47,62
03.12.2025 06:15;47,94
03.12.2025 06:30;61,18
03.12.2025 06:45;64,74
03.12.2025 07:00;62,46
03.12.2025 07:15;65,06
03.12.2025 07:30;64,78
03.12.2025 07:45;69,08
03.12.2025 08:00;63,58
03.12.2025 08:15;60,44
03.12.2025 08:30;59,02
03.12.2025 08:45;65,34
03.12.2025 09:00;47,1
03.12.2025 09:15;59,8
03.12.2025 09:30;75,78
03.12.2025 09:45;66,3
03.12.2025 10:00;71,56
03.12.2025 10:15;86,44
03.12.2025 10:30;84,92
03.12.2025 10:45;86
03.12.2025 11:00;71,12
03.12.2025 11:15;70,78
03.12.2025 11:30;79,58
03.12.2025 11:45;71,94
03.12.2025 12:00;66,94
03.12.2025 12:15;64,94
03.12.2025 12:30;66,1
03.12.2025 12:45;85,94
03.12.2025 13:00;81,88
03.12.2025 13:15;81,72
03.12.2025 13:30;91,78
03.12.2025 13:45;97,78
03.12.2025 14:00;98,72
03.12.2025 14:15;94,96
03.12.2025 14:30;95,06
03.12.2025 14:45;91,92
03.12.2025 15:00;87,7
03.12.2025 15:15;95,58
03.12.2025 15:30;92,64
03.12.2025 15:45;70,42
03.12.2025 16:00;53,86
03.12.2025 16:15;64,88
03.12.2025 16:30;60,64
03.12.2025 16:45;65,3
03.12.2025 17:00;68,12
03.12.2025 17:15;74,94
03.12.2025 17:30;69,06
03.12.2025 17:45;77,72
03.12.2025 18:00;63,86
03.12.2025 18:15;62,52
03.12.2025 18:30;72,76
03.12.2025 18:45;73,64
03.12.2025 19:00;72,02
03.12.2025 19:15;78,38
03.12.2025 19:30;56,42
03.12.2025 19:45;72,16
03.12.2025 20:00;79,52
03.12.2025 20:15;74,02
03.12.2025 20:30;64,08
03.12.2025 20:45;61,82
03.12.2025 21:00;82,16
03.12.2025 21:15;79,08
03.12.2025 21:30;61,18
03.12.2025 21:45;57,72
03.12.2025 22:00;54,4
03.12.2025 22:15;60,96
03.12.2025 22:30;68,86
03.12.2025 22:45;67,98
03.12.2025 23:00;59,08
03.12.2025 23:15;48,98
03.12.2025 23:30;37,06
03.12.2025 23:45;34,66
04.12.2025 00:00;30,4
04.12.2025 00:15;33,2
04.12.2025 00:30;34,08
04.12.2025 00:45;25,86
04.12.2025 01:00;25,08
04.12.2025 01:15;28,1
04.12.2025 01:30;24,72
04.12.2025 01:45;26,9
04.12.2025 02:00;25,48
04.12.2025 02:15;24,54
04.12.2025 02:30;28,32
04.12.2025 02:45;23,9
04.12.2025 03:00;24,04
04.12.2025 03:15;28,54
04.12.2025 03:30;23,38
04.12.2025 03:45;23,42
04.12.2025 04:00;26,94
04.12.2025 04:15;21,12
04.12.2025 04:30;20,7
04.12.2025 04:45;29,92
04.12.2025 05:00;29,34
04.12.2025 05:15;20,22
04.12.2025 05:30;39,74
04.12.2025 05:45;62,72
04.12.2025 06:00;64,82
04.12.2025 06:15;62,36
04.12.2025 06:30;59,1
04.12.2025 06:45;66,42
04.12.2025 07:00;76,5
04.12.2025 07:15;76,46
04.12.2025 07:30;72,6
04.12.2025 07:45;77,72
04.12.2025 08:00;63,42
04.12.2025 08:15;70,62
04.12.2025 08:30;60,72
04.12.2025 08:45;59,24
04.12.2025 09:00;42,18
04.12.2025 09:15;62,66
04.12.2025 09:30;68,78
04.12.2025 09:45;69,68
04.12.2025 10:00;68,3
04.12.2025 10:15;71,28
04.12.2025 10:30;69,32
04.12.2025 10:45;70,28
04.12.2025 11:00;83,56
04.12.2025 11:15;77,6
04.12.2025 11:30;79,08
04.12.2025 11:45;79,8
04.12.2025 12:00;45,66
04.12.2025 12:15;46,9
04.12.2025 12:30;61,6
04.12.2025 12:45;60,88
04.12.2025 13:00;59,24
04.12.2025 13:15;59,96
04.12.2025 13:30;51,6
04.12.2025 13:45;54,12
04.12.2025 14:00;49,72
04.12.2025 14:15;43,34
04.12.2025 14:30;44,52
04.12.2025 14:45;45,02
04.12.2025 15:00;64,06
04.12.2025 15:15;73
04.12.2025 15:30;74,68
04.12.2025 15:45;78,26
04.12.2025 16:00;64,06
04.12.2025 16:15;76,68
04.12.2025 16:30;87,4
04.12.2025 16:45;80,92
04.12.2025 17:00;66,92
04.12.2025 17:15;72,54
04.12.2025 17:30;86,18
04.12.2025 17:45;84,86
04.12.2025 18:00;79,32
04.12.2025 18:15;73,46
04.12.2025 18:30;61,36
04.12.2025 18:45;82,98
04.12.2025 19:00;81,54
04.12.2025 19:15;75,62
04.12.2025 19:30;78,24
04.12.2025 19:45;78,12
04.12.2025 20:00;72,72
04.12.2025 20:15;79,28
04.12.2025 20:30;68,88
04.12.2025 20:45;68,56
04.12.2025 21:00;67,46
04.12.2025 21:15;72,08
04.12.2025 21:30;80,48
04.12.2025 21:45;85,3
04.12.2025 22:00;71,78
04.12.2025 22:15;79,68
04.12.2025 22:30;84,22
04.12.2025 22:45;79,68
04.12.2025 23:00;77,42
04.12.2025 23:15;67,06
04.12.2025 23:30;54,9
04.12.2025 23:45;51,28
05.12.2025 00:00;46,1
05.12.2025 00:15;44,68
05.12.2025 00:30;46,48
05.12.2025 00:45;44,92
05.12.2025 01:00;46,38
05.12.2025 01:15;46,64
05.12.2025 01:30;44,8
05.12.2025 01:45;44,84
05.12.2025 02:00;46,32
05.12.2025 02:15;41,78
05.12.2025 02:30;40,08
05.12.2025 02:45;29,28
05.12.2025 03:00;22,26
05.12.2025 03:15;27,4
05.12.2025 03:30;19,68
05.12.2025 03:45;10,36
05.12.2025 04:00;10,98
05.12.2025 04:15;10,42
05.12.2025 04:30;9,68
05.12.2025 04:45;13,82
05.12.2025 05:00;14,64
05.12.2025 05:15;15,74
05.12.2025 05:30;43,14
05.12.2025 05:45;71,68
05.12.2025 06:00;73,04
05.12.2025 06:15;73,44
05.12.2025 06:30;78,16
05.12.2025 06:45;80,92
05.12.2025 07:00;79,48
05.12.2025 07:15;82,02
05.12.2025 07:30;82,66
05.12.2025 07:45;80,4
05.12.2025 08:00;79,08
05.12.2025 08:15;81,1
05.12.2025 08:30;87,22
05.12.2025 08:45;75,16
05.12.2025 09:00;53,88
05.12.2025 09:15;77,32
05.12.2025 09:30;80,54
05.12.2025 09:45;79,92
05.12.2025 10:00;70,86
05.12.2025 10:15;71,7
05.12.2025 10:30;75,4
05.12.2025 10:45;87
05.12.2025 11:00;88,92
05.12.2025 11:15;80,28
05.12.2025 11:30;93,52
05.12.2025 11:45;85,9
05.12.2025 12:00;55,46
05.12.2025 12:15;70,34
05.12.2025 12:30;89,26
05.12.2025 12:45;97,64
05.12.2025 13:00;94,6
05.12.2025 13:15;93,34
05.12.2025 13:30;82,6
05.12.2025 13:45;89,52
05.12.2025 14:00;91,54
05.12.2025 14:15;87,14
05.12.2025 14:30;85,14
05.12.2025 14:45;83,06
05.12.2025 15:00;84,14
05.12.2025 15:15;90,44
05.12.2025 15:30;96,54
05.12.2025 15:45;93,96
05.12.2025 16:00;90,86
05.12.2025 16:15;84,14
05.12.2025 16:30;70,56
05.12.2025 16:45;88,34
05.12.2025 17:00;88,46
05.12.2025 17:15;86,48
05.12.2025 17:30;96,36
05.12.2025 17:45;90,9
05.12.2025 18:00;78,62
05.12.2025 18:15;80,22
05.12.2025 18:30;94,08
05.12.2025 18:45;85,66
05.12.2025 19:00;80,42
05.12.2025 19:15;83,46
05.12.2025 19:30;67,82
05.12.2025 19:45;45,24
05.12.2025 20:00;35,82
05.12.2025 20:15;26,16
05.12.2025 20:30;23
05.12.2025 20:45;27,36
05.12.2025 21:00;22,54
05.12.2025 21:15;22,2
05.12.2025 21:30;26,42
05.12.2025 21:45;20,34
05.12.2025 22:00;24,5
05.12.2025 22:15;23,54
05.12.2025 22:30;20,98
05.12.2025 22:45;25,58
05.12.2025 23:00;21,52
05.12.2025 23:15;21,74
05.12.2025 23:30;22,06
05.12.2025 23:45;18,44
06.12.2025 00:00;21,82
06.12.2025 00:15;19,98
06.12.2025 00:30;18,9
06.12.2025 00:45;22
06.12.2025 01:00;17,12
06.12.2025 01:15;22,58
06.12.2025 01:30;15
06.12.2025 01:45;5,2
06.12.2025 02:00;6,88
06.12.2025 02:15;5,16
06.12.2025 02:30;4,12
06.12.2025 02:45;4,72
06.12.2025 03:00;4,7
06.12.2025 03:15;4,46
06.12.2025 03:30;4,02
06.12.2025 03:45;4,6
06.12.2025 04:00;4,86
06.12.2025 04:15;4,54
06.12.2025 04:30;4,68
06.12.2025 04:45;9,66
06.12.2025 05:00;8,48
06.12.2025 05:15;11,2
06.12.2025 05:30;12,34
06.12.2025 05:45;12,52
06.12.2025 06:00;14,98
06.12.2025 06:15;15,84
06.12.2025 06:30;15,8
06.12.2025 06:45;12,4
06.12.2025 07:00;11,5
06.12.2025 07:15;13,82
06.12.2025 07:30;12,84
06.12.2025 07:45;12,76
06.12.2025 08:00;12,64
06.12.2025 08:15;12,14
06.12.2025 08:30;9,4
06.12.2025 08:45;8,56
06.12.2025 09:00;7,88
06.12.2025 09:15;7,86
06.12.2025 09:30;8,3
06.12.2025 09:45;8,08
06.12.2025 10:00;7,4
06.12.2025 10:15;9,94
06.12.2025 10:30;6,92
06.12.2025 10:45;6,7
06.12.2025 11:00;5,18
06.12.2025 11:15;3,56
06.12.2025 11:30;4,74
06.12.2025 11:45;4,2
06.12.2025 12:00;4,84
06.12.2025 12:15;0,44
06.12.2025 12:30;0,6
06.12.2025 12:45;0,54
06.12.2025 13:00;0,58
06.12.2025 13:15;1,2
06.12.2025 13:30;0,48
06.12.2025 13:45;0
06.12.2025 14:00;1,4
06.12.2025 14:15;3,9
06.12.2025 14:30;2,4
06.12.2025 14:45;3,14
06.12.2025 15:00;3,5
06.12.2025 15:15;4
06.12.2025 15:30;4,86
06.12.2025 15:45;4,98
06.12.2025 16:00;5,4
06.12.2025 16:15;8,66
06.12.2025 16:30;5,7
06.12.2025 16:45;6
06.12.2025 17:00;5,76
06.12.2025 17:15;5,36
06.12.2025 17:30;5,42
06.12.2025 17:45;5,48
06.12.2025 18:00;6,12
06.12.2025 18:15;5,36
06.12.2025 18:30;5,24
06.12.2025 18:45;5,2
06.12.2025 19:00;7,3
06.12.2025 19:15;7,5
06.12.2025 19:30;5,3
06.12.2025 19:45;4,98
06.12.2025 20:00;5,34
06.12.2025 20:15;5,54
06.12.2025 20:30;5,8
06.12.2025 20:45;5,18
06.12.2025 21:00;5,14
06.12.2025 21:15;5,14
06.12.2025 21:30;6,12
06.12.2025 21:45;5,9
06.12.2025 22:00;9,04
06.12.2025 22:15;5,66
06.12.2025 22:30;5,84
06.12.2025 22:45;6,28
06.12.2025 23:00;5,68
06.12.2025 23:15;6,22
06.12.2025 23:30;7,46
06.12.2025 23:45;7,64
07.12.2025 00:00;5,92
07.12.2025 00:15;5,34
07.12.2025 00:30;5,34
07.12.2025 00:45;5,66
07.12.2025 01:00;8,14
07.12.2025 01:15;5,08
07.12.2025 01:30;4,86
07.12.2025 01:45;4,64
07.12.2025 02:00;4,84
07.12.2025 02:15;5,48
07.12.2025 02:30;4,98
07.12.2025 02:45;4,94
07.12.2025 03:00;4,64
07.12.2025 03:15;4,86
07.12.2025 03:30;5,58
07.12.2025 03:45;8,4
07.12.2025 04:00;5,24
07.12.2025 04:15;5,08
07.12.2025 04:30;5,28
07.12.2025 04:45;5,8
07.12.2025 05:00;5,26
07.12.2025 05:15;5,26
07.12.2025 05:30;5,12
07.12.2025 05:45;5,1
07.12.2025 06:00;5,82
07.12.2025 06:15;5,2
07.12.2025 06:30;6,02
07.12.2025 06:45;7,7
07.12.2025 07:00;4,9
07.12.2025 07:15;5,46
07.12.2025 07:30;4,96
07.12.2025 07:45;4,6
07.12.2025 08:00;4,52
07.12.2025 08:15;2,98
07.12.2025 08:30;3,46
07.12.2025 08:45;3,86
07.12.2025 09:00;3,46
07.12.2025 09:15;3,82
07.12.2025 09:30;5,58
07.12.2025 09:45;2,02
07.12.2025 10:00;3,08
07.12.2025 10:15;0,82
07.12.2025 10:30;1,2
07.12.2025 10:45;0,16
07.12.2025 11:00;0,3
07.12.2025 11:15;0
07.12.2025 11:30;0
07.12.2025 11:45;0
07.12.2025 12:00;1,14
07.12.2025 12:15;1,48
07.12.2025 12:30;2,88
07.12.2025 12:45;1,24
07.12.2025 13:00;1,72
07.12.2025 13:15;3,32
07.12.2025 13:30;2,96
07.12.2025 13:45;1,72
07.12.2025 14:00;2,22
07.12.2025 14:15;2,6
07.12.2025 14:30;2,54
07.12.2025 14:45;1,88
07.12.2025 15:00;1,34
07.12.2025 15:15;3,04
07.12.2025 15:30;7,36
07.12.2025 15:45;4,62
07.12.2025 16:00;4,96
07.12.2025 16:15;5,32
07.12.2025 16:30;6,26
07.12.2025 16:45;6,1
07.12.2025 17:00;5,76
07.12.2025 17:15;5,58
07.12.2025 17:30;5,78
07.12.2025 17:45;6,14
07.12.2025 18:00;6,22
07.12.2025 18:15;8,42
07.12.2025 18:30;5,34
07.12.2025 18:45;5,14
07.12.2025 19:00;5,4
07.12.2025 19:15;5,54
07.12.2025 19:30;5,54
07.12.2025 19:45;5,24
07.12.2025 20:00;5,06
07.12.2025 20:15;5,38
07.12.2025 20:30;5,46
07.12.2025 20:45;5,72
07.12.2025 21:00;5,22
07.12.2025 21:15;8,22
07.12.2025 21:30;5,48
07.12.2025 21:45;5,42
07.12.2025 22:00;5,66
07.12.2025 22:15;5,5
07.12.2025 22:30;5,24
07.12.2025 22:45;5,3
07.12.2025 23:00;5,16
07.12.2025 23:15;5,76
07.12.2025 23:30;5,72
07.12.2025 23:45;5,44
08.12.2025 00:00;8,52
08.12.2025 00:15;7,28
08.12.2025 00:30;5,9
08.12.2025 00:45;5,38
08.12.2025 01:00;4,96
08.12.2025 01:15;5,1
08.12.2025 01:30;4,66
08.12.2025 01:45;5,14
08.12.2025 02:00;5,46
08.12.2025 02:15;5
08.12.2025 02:30;4,92
08.12.2025 02:45;6
08.12.2025 03:00;7,02
08.12.2025 03:15;5,02
08.12.2025 03:30;5,44
08.12.2025 03:45;5
08.12.2025 04:00;5,28
08.12.2025 04:15;5,38
08.12.2025 04:30;5,42
08.12.2025 04:45;6,82
08.12.2025 05:00;11,1
08.12.2025 05:15;13,9
08.12.2025 05:30;32,98
08.12.2025 05:45;33,38
08.12.2025 06:00;47,1
08.12.2025 06:15;50,02
08.12.2025 06:30;66,42
08.12.2025 06:45;70,32
08.12.2025 07:00;76,48
08.12.2025 07:15;80,02
08.12.2025 07:30;83,18
08.12.2025 07:45;76,92
08.12.2025 08:00;62,32
08.12.2025 08:15;77,76
08.12.2025 08:30;80,14
08.12.2025 08:45;66,08
08.12.2025 09:00;46,18
08.12.2025 09:15;60,86
08.12.2025 09:30;63,88
08.12.2025 09:45;63,82
08.12.2025 10:00;61,74
08.12.2025 10:15;68,52
08.12.2025 10:30;69,36
08.12.2025 10:45;72,76
08.12.2025 11:00;76,7
08.12.2025 11:15;84,16
08.12.2025 11:30;81,56
08.12.2025 11:45;83,44
08.12.2025 12:00;75,88
08.12.2025 12:15;86,06
08.12.2025 12:30;81,72
08.12.2025 12:45;88,78
08.12.2025 13:00;85,96
08.12.2025 13:15;89,22
08.12.2025 13:30;92,82
08.12.2025 13:45;81,28
08.12.2025 14:00;89,1
08.12.2025 14:15;84,04
08.12.2025 14:30;73,56
08.12.2025 14:45;72,76
08.12.2025 15:00;74,06
08.12.2025 15:15;74,9
08.12.2025 15:30;84,66
08.12.2025 15:45;100,96
08.12.2025 16:00;97,24
08.12.2025 16:15;78,42
08.12.2025 16:30;74,22
08.12.2025 16:45;93,94
08.12.2025 17:00;88,14
08.12.2025 17:15;96,42
08.12.2025 17:30;98,36
08.12.2025 17:45;85,56
08.12.2025 18:00;80,92
08.12.2025 18:15;84,68
08.12.2025 18:30;76,5
08.12.2025 18:45;79,94
08.12.2025 19:00;74,8
08.12.2025 19:15;63,36
08.12.2025 19:30;68,54
08.12.2025 19:45;66,98
08.12.2025 20:00;59,58
08.12.2025 20:15;71,24
08.12.2025 20:30;79,48
08.12.2025 20:45;86,5
08.12.2025 21:00;67,6
08.12.2025 21:15;61,26
08.12.2025 21:30;65,58
08.12.2025 21:45;68,08
08.12.2025 22:00;71,44
08.12.2025 22:15;69,92
08.12.2025 22:30;81,92
08.12.2025 22:45;75,1
08.12.2025 23:00;44,66
08.12.2025 23:15;42,84
08.12.2025 23:30;39,76
08.12.2025 23:45;40,46
09.12.2025 00:00;39,56
09.12.2025 00:15;40,5
09.12.2025 00:30;38,96
09.12.2025 00:45;43,14
09.12.2025 01:00;30,18
09.12.2025 01:15;28,64
09.12.2025 01:30;32,18
09.12.2025 01:45;27,88
09.12.2025 02:00;30,48
09.12.2025 02:15;30,26
09.12.2025 02:30;25,8
09.12.2025 02:45;29,94
09.12.2025 03:00;27,82
09.12.2025 03:15;23,58
09.12.2025 03:30;27,76
09.12.2025 03:45;23,48
09.12.2025 04:00;25,64
09.12.2025 04:15;27,28
09.12.2025 04:30;22,42
09.12.2025 04:45;30,38
09.12.2025 05:00;30,66
09.12.2025 05:15;32,04
09.12.2025 05:30;62,52
09.12.2025 05:45;70,54
09.12.2025 06:00;76,22
09.12.2025 06:15;73,96
09.12.2025 06:30;76,12
09.12.2025 06:45;73,78
09.12.2025 07:00;82,38
09.12.2025 07:15;81,2
09.12.2025 07:30;78,08
09.12.2025 07:45;79,6
09.12.2025 08:00;81,78
09.12.2025 08:15;83,16
09.12.2025 08:30;85,04
09.12.2025 08:45;76,9
09.12.2025 09:00;85,16
09.12.2025 09:15;95,7
09.12.2025 09:30;96,62
09.12.2025 09:45;90,54
09.12.2025 10:00;89,92
09.12.2025 10:15;89,94
09.12.2025 10:30;92,32
09.12.2025 10:45;76,86
09.12.2025 11:00;78,36
09.12.2025 11:15;68,16
09.12.2025 11:30;56,28
09.12.2025 11:45;51,9
09.12.2025 12:00;43,96
09.12.2025 12:15;48,24
09.12.2025 12:30;53,96
09.12.2025 12:45;61,82
09.12.2025 13:00;57,12
09.12.2025 13:15;63,26
09.12.2025 13:30;50,92
09.12.2025 13:45;52,02
09.12.2025 14:00;59,96
09.12.2025 14:15;61,84
09.12.2025 14:30;63,72
09.12.2025 14:45;68,08
09.12.2025 15:00;83,74
09.12.2025 15:15;96,44
09.12.2025 15:30;100,7
09.12.2025 15:45;92,14
09.12.2025 16:00;101,78
09.12.2025 16:15;96,72
09.12.2025 16:30;73,38
09.12.2025 16:45;66,62
09.12.2025 17:00;60,08
09.12.2025 17:15;72,74
09.12.2025 17:30;78,16
09.12.2025 17:45;75,52
09.12.2025 18:00;81,2
09.12.2025 18:15;79,02
09.12.2025 18:30;79,34
09.12.2025 18:45;65,58
09.12.2025 19:00;69,04
09.12.2025 19:15;68,9
09.12.2025 19:30;66,34
09.12.2025 19:45;65,56
09.12.2025 20:00;53,76
09.12.2025 20:15;57,24
09.12.2025 20:30;63,04
09.12.2025 20:45;62,86
09.12.2025 21:00;58,48
09.12.2025 21:15;55,82
09.12.2025 21:30;53,12
09.12.2025 21:45;57,44
09.12.2025 22:00;59,86
09.12.2025 22:15;56,52
09.12.2025 22:30;54,16
09.12.2025 22:45;54,76
09.12.2025 23:00;39,52
09.12.2025 23:15;38,02
09.12.2025 23:30;36,46
09.12.2025 23:45;32,74
10.12.2025 00:00;32,58
10.12.2025 00:15;30,34
10.12.2025 00:30;27,54
10.12.2025 00:45;31,9
10.12.2025 01:00;31,56
10.12.2025 01:15;27,48
10.12.2025 01:30;28,46
10.12.2025 01:45;32,06
10.12.2025 02:00;28,34
10.12.2025 02:15;28,32
10.12.2025 02:30;30,44
10.12.2025 02:45;26,82
10.12.2025 03:00;27,6
10.12.2025 03:15;31,34
10.12.2025 03:30;31
10.12.2025 03:45;29,52
10.12.2025 04:00;27,3
10.12.2025 04:15;20,86
10.12.2025 04:30;16,16
10.12.2025 04:45;15,4
10.12.2025 05:00;24,14
10.12.2025 05:15;20,94
10.12.2025 05:30;24,74
10.12.2025 05:45;35,34
10.12.2025 06:00;40,2
10.12.2025 06:15;47,28
10.12.2025 06:30;49,74
10.12.2025 06:45;67,56
10.12.2025 07:00;80,38
10.12.2025 07:15;80,34
10.12.2025 07:30;62,3
10.12.2025 07:45;74,4
10.12.2025 08:00;75,02
10.12.2025 08:15;86,56
10.12.2025 08:30;78,62
10.12.2025 08:45;79,78
10.12.2025 09:00;63,52
10.12.2025 09:15;67,54
10.12.2025 09:30;75,18
10.12.2025 09:45;85,98
10.12.2025 10:00;86,24
10.12.2025 10:15;78,16
10.12.2025 10:30;82,02
10.12.2025 10:45;84,82
10.12.2025 11:00;78,06
10.12.2025 11:15;77,4
10.12.2025 11:30;72,08
10.12.2025 11:45;76,48
10.12.2025 12:00;72,16
10.12.2025 12:15;71,74
10.12.2025 12:30;70,22
10.12.2025 12:45;78,62
10.12.2025 13:00;79,66
10.12.2025 13:15;76,52
10.12.2025 13:30;82,6
10.12.2025 13:45;84,34
10.12.2025 14:00;82,54
10.12.2025 14:15;94,78
10.12.2025 14:30;90,42
10.12.2025 14:45;86,68
10.12.2025 15:00;89,46
10.12.2025 15:15;95,54
10.12.2025 15:30;96,12
10.12.2025 15:45;97,12
10.12.2025 16:00;93,64
10.12.2025 16:15;99,18
10.12.2025 16:30;102,44
10.12.2025 16:45;102,74
10.12.2025 17:00;85,18
10.12.2025 17:15;91,76
10.12.2025 17:30;87,5
10.12.2025 17:45;96,84
10.12.2025 18:00;86,84
10.12.2025 18:15;73,62
10.12.2025 18:30;70,84
10.12.2025 18:45;94,42
10.12.2025 19:00;97,9
10.12.2025 19:15;91,4
10.12.2025 19:30;83,92
10.12.2025 19:45;77,8
10.12.2025 20:00;65,8
10.12.2025 20:15;62,68
10.12.2025 20:30;59,82
10.12.2025 20:45;67,02
10.12.2025 21:00;62,42
10.12.2025 21:15;54,42
10.12.2025 21:30;57,22
10.12.2025 21:45;61,92
10.12.2025 22:00;58,72
10.12.2025 22:15;56,1
10.12.2025 22:30;52,52
10.12.2025 22:45;51,86
10.12.2025 23:00;37,4
10.12.2025 23:15;32,3
10.12.2025 23:30;28,82
10.12.2025 23:45;30,7
11.12.2025 00:00;32,38
11.12.2025 00:15;28,9
11.12.2025 00:30;27,94
11.12.2025 00:45;31,78
11.12.2025 01:00;29,18
11.12.2025 01:15;27,4
11.12.2025 01:30;30,82
11.12.2025 01:45;28,9
11.12.2025 02:00;25,5
11.12.2025 02:15;30,96
11.12.2025 02:30;28,58
11.12.2025 02:45;24,68
11.12.2025 03:00;31,32
11.12.2025 03:15;28,58
11.12.2025 03:30;23,52
11.12.2025 03:45;30,28
11.12.2025 04:00;28,68
11.12.2025 04:15;23,28
11.12.2025 04:30;27,04
11.12.2025 04:45;29,12
11.12.2025 05:00;29,68
11.12.2025 05:15;34,92
11.12.2025 05:30;50
11.12.2025 05:45;54,52
11.12.2025 06:00;63,14
11.12.2025 06:15;63,92
11.12.2025 06:30;54,1
11.12.2025 06:45;65,68
11.12.2025 07:00;76,72
11.12.2025 07:15;71,18
11.12.2025 07:30;75,12
11.12.2025 07:45;78,04
11.12.2025 08:00;87,88
11.12.2025 08:15;86,46
11.12.2025 08:30;89,1
11.12.2025 08:45;72,84
11.12.2025 09:00;77,5
11.12.2025 09:15;85,22
11.12.2025 09:30;89,28
11.12.2025 09:45;91,18
11.12.2025 10:00;100,3
11.12.2025 10:15;102,08
11.12.2025 10:30;101,82
11.12.2025 10:45;91,8
11.12.2025 11:00;86,36
11.12.2025 11:15;82,96
11.12.2025 11:30;86,74
11.12.2025 11:45;77,8
11.12.2025 12:00;64,46
11.12.2025 12:15;68,78
11.12.2025 12:30;71,06
11.12.2025 12:45;68,16
11.12.2025 13:00;96,74
11.12.2025 13:15;96,64
11.12.2025 13:30;87,84
11.12.2025 13:45;87,1
11.12.2025 14:00;92,14
11.12.2025 14:15;91,28
11.12.2025 14:30;98,28
11.12.2025 14:45;102,54
11.12.2025 15:00;106,6
11.12.2025 15:15;105,56
11.12.2025 15:30;111,46
11.12.2025 15:45;98,28
11.12.2025 16:00;92,56
11.12.2025 16:15;96,62
11.12.2025 16:30;81,7
11.12.2025 16:45;101,82
11.12.2025 17:00;91,78
11.12.2025 17:15;83,12
11.12.2025 17:30;105,82
11.12.2025 17:45;97,86
11.12.2025 18:00;85,04
11.12.2025 18:15;79,88
11.12.2025 18:30;84,22
11.12.2025 18:45;76,34
11.12.2025 19:00;75,98
11.12.2025 19:15;77,2
11.12.2025 19:30;74,58
11.12.2025 19:45;72,7
11.12.2025 20:00;52,14
11.12.2025 20:15;50,34
11.12.2025 20:30;39,78
11.12.2025 20:45;38,22
11.12.2025 21:00;45,8
11.12.2025 21:15;48,08
11.12.2025 21:30;41,22
11.12.2025 21:45;44,32
11.12.2025 22:00;40,34
11.12.2025 22:15;48,7
11.12.2025 22:30;48,24
11.12.2025 22:45;45,24
11.12.2025 23:00;34,22
11.12.2025 23:15;35,64
11.12.2025 23:30;33,42
11.12.2025 23:45;31,2
12.12.2025 00:00;25,76
12.12.2025 00:15;28,56
12.12.2025 00:30;30,8
12.12.2025 00:45;21,98
12.12.2025 01:00;19,2
12.12.2025 01:15;24,36
12.12.2025 01:30;19,52
12.12.2025 01:45;20,24
12.12.2025 02:00;24,1
12.12.2025 02:15;19,58
12.12.2025 02:30;20,14
12.12.2025 02:45;22,48
12.12.2025 03:00;19,1
12.12.2025 03:15;20,4
12.12.2025 03:30;21,32
12.12.2025 03:45;18,74
12.12.2025 04:00;21,82
12.12.2025 04:15;20,62
12.12.2025 04:30;17,98
12.12.2025 04:45;23,78
12.12.2025 05:00;22,98
12.12.2025 05:15;27,54
12.12.2025 05:30;49,4
12.12.2025 05:45;60,02
12.12.2025 06:00;65,14
12.12.2025 06:15;53,86
12.12.2025 06:30;63,32
12.12.2025 06:45;63
12.12.2025 07:00;67,48
12.12.2025 07:15;72,58
12.12.2025 07:30;77,68
12.12.2025 07:45;73,86
12.12.2025 08:00;81,28
12.12.2025 08:15;88
12.12.2025 08:30;78,52
12.12.2025 08:45;66,92
12.12.2025 09:00;57,5
12.12.2025 09:15;63,8
12.12.2025 09:30;83,26
12.12.2025 09:45;86,02
12.12.2025 10:00;81,48
12.12.2025 10:15;79,96
12.12.2025 10:30;75,6
12.12.2025 10:45;72,64
12.12.2025 11:00;87,56
12.12.2025 11:15;96,52
12.12.2025 11:30;93,34
12.12.2025 11:45;98,6
12.12.2025 12:00;80,02
12.12.2025 12:15;80,14
12.12.2025 12:30;97,3
12.12.2025 12:45;94,42
12.12.2025 13:00;89,68
12.12.2025 13:15;80,06
12.12.2025 13:30;83,62
12.12.2025 13:45;82,16
12.12.2025 14:00;65,12
12.12.2025 14:15;65,2
12.12.2025 14:30;60,3
12.12.2025 14:45;58,26
12.12.2025 15:00;48,74
12.12.2025 15:15;42,24
12.12.2025 15:30;32,88
12.12.2025 15:45;16,9
12.12.2025 16:00;14,12
12.12.2025 16:15;8,12
12.12.2025 16:30;7,78
12.12.2025 16:45;7,04
12.12.2025 17:00;6,28
12.12.2025 17:15;5,32
12.12.2025 17:30;5,9
12.12.2025 17:45;4,8
12.12.2025 18:00;5,36
12.12.2025 18:15;5,26
12.12.2025 18:30;7
12.12.2025 18:45;5,34
12.12.2025 19:00;4,88
12.12.2025 19:15;4,68
12.12.2025 19:30;5,06
12.12.2025 19:45;4,2
12.12.2025 20:00;5
12.12.2025 20:15;5,08
12.12.2025 20:30;3,94
12.12.2025 20:45;4,64
12.12.2025 21:00;3,86
12.12.2025 21:15;4,78
12.12.2025 21:30;4,72
12.12.2025 21:45;6,52
12.12.2025 22:00;4,56
12.12.2025 22:15;4,08
12.12.2025 22:30;4,28
12.12.2025 22:45;4,56
12.12.2025 23:00;3,58
12.12.2025 23:15;4,52
12.12.2025 23:30;4,32
12.12.2025 23:45;3,32
13.12.2025 00:00;3,76
13.12.2025 00:15;3,04
13.12.2025 00:30;3,96
13.12.2025 00:45;3,86
13.12.2025 01:00;3,16
13.12.2025 01:15;6,62
13.12.2025 01:30;4,52
13.12.2025 01:45;3,96
13.12.2025 02:00;4,44
13.12.2025 02:15;3,54
13.12.2025 02:30;4,3
13.12.2025 02:45;4,36
13.12.2025 03:00;3,46
13.12.2025 03:15;4,48
13.12.2025 03:30;3,58
13.12.2025 03:45;4,32
13.12.2025 04:00;4,76
13.12.2025 04:15;3,84
13.12.2025 04:30;5,42
13.12.2025 04:45;5,66
13.12.2025 05:00;9,18
13.12.2025 05:15;9,7
13.12.2025 05:30;8,66
13.12.2025 05:45;9,2
13.12.2025 06:00;9,66
13.12.2025 06:15;9,34
13.12.2025 06:30;10,82
13.12.2025 06:45;9,64
13.12.2025 07:00;9,66
13.12.2025 07:15;9,3
13.12.2025 07:30;9,34
13.12.2025 07:45;9,22
13.12.2025 08:00;9,26
13.12.2025 08:15;8,16
13.12.2025 08:30;8,66
13.12.2025 08:45;11,16
13.12.2025 09:00;7,22
13.12.2025 09:15;6,26
13.12.2025 09:30;6,04
13.12.2025 09:45;5,94
13.12.2025 10:00;5,26
13.12.2025 10:15;4,86
13.12.2025 10:30;5,2
13.12.2025 10:45;3,6
13.12.2025 11:00;3,8
13.12.2025 11:15;4,16
13.12.2025 11:30;2,1
13.12.2025 11:45;3,04
13.12.2025 12:00;2,1
13.12.2025 12:15;3,44
13.12.2025 12:30;6,58
13.12.2025 12:45;3,36
13.12.2025 13:00;3,88
13.12.2025 13:15;1,62
13.12.2025 13:30;0
13.12.2025 13:45;0,56
13.12.2025 14:00;0,14
13.12.2025 14:15;0,68
13.12.2025 14:30;1,82
13.12.2025 14:45;1
13.12.2025 15:00;2,76
13.12.2025 15:15;2,86
13.12.2025 15:30;2,96
13.12.2025 15:45;4,08
13.12.2025 16:00;6,38
13.12.2025 16:15;3,94
13.12.2025 16:30;4,46
13.12.2025 16:45;4,04
13.12.2025 17:00;6,2
13.12.2025 17:15;6
13.12.2025 17:30;3,46
13.12.2025 17:45;4,42
13.12.2025 18:00;3,48
13.12.2025 18:15;4,42
13.12.2025 18:30;4,32
13.12.2025 18:45;3,3
13.12.2025 19:00;4,4
13.12.2025 19:15;4,24
13.12.2025 19:30;6,42
13.12.2025 19:45;4,38
13.12.2025 20:00;3,42
13.12.2025 20:15;4,44
13.12.2025 20:30;4,28
13.12.2025 20:45;3,26
13.12.2025 21:00;4,36
13.12.2025 21:15;3,96
13.12.2025 21:30;3,84
13.12.2025 21:45;4,42
13.12.2025 22:00;3,18
13.12.2025 22:15;4,28
13.12.2025 22:30;4,16
13.12.2025 22:45;3,32
13.12.2025 23:00;7,32
13.12.2025 23:15;4,1
13.12.2025 23:30;3,48
13.12.2025 23:45;4,22
14.12.2025 00:00;3
14.12.2025 00:15;3,86
14.12.2025 00:30;3,94
14.12.2025 00:45;2,88
14.12.2025 01:00;4,06
14.12.2025 01:15;3,94
14.12.2025 01:30;2,88
14.12.2025 01:45;4
14.12.2025 02:00;3,56
14.12.2025 02:15;3,6
14.12.2025 02:30;8,54
14.12.2025 02:45;3,5
14.12.2025 03:00;4,38
14.12.2025 03:15;4,38
14.12.2025 03:30;3,48
14.12.2025 03:45;4,46
14.12.2025 04:00;4,42
14.12.2025 04:15;4,3
14.12.2025 04:30;4,8
14.12.2025 04:45;4,1
14.12.2025 05:00;4,68
14.12.2025 05:15;4,68
14.12.2025 05:30;4,04
14.12.2025 05:45;4,82
14.12.2025 06:00;4,52
14.12.2025 06:15;4,18
14.12.2025 06:30;5,04
14.12.2025 06:45;3,78
14.12.2025 07:00;6,54
14.12.2025 07:15;4,2
14.12.2025 07:30;3,1
14.12.2025 07:45;3,84
14.12.2025 08:00;3,78
14.12.2025 08:15;2,88
14.12.2025 08:30;3,22
14.12.2025 08:45;2,5
14.12.2025 09:00;2,2
14.12.2025 09:15;1,78
14.12.2025 09:30;0,46
14.12.2025 09:45;0,9
14.12.2025 10:00;0,96
14.12.2025 10:15;0
14.12.2025 10:30;0,5
14.12.2025 10:45;0,38
14.12.2025 11:00;2
14.12.2025 11:15;0,26
14.12.2025 11:30;0
14.12.2025 11:45;0,22
14.12.2025 12:00;0,38
14.12.2025 12:15;0
14.12.2025 12:30;0,54
14.12.2025 12:45;0,54
14.12.2025 13:00;0
14.12.2025 13:15;0,64
14.12.2025 13:30;0,2
14.12.2025 13:45;0,66
14.12.2025 14:00;1,1
14.12.2025 14:15;0,7
14.12.2025 14:30;3,82
14.12.2025 14:45;3,66
14.12.2025 15:00;1,74
14.12.2025 15:15;3,06
14.12.2025 15:30;3,16
14.12.2025 15:45;3,02
14.12.2025 16:00;3,72
14.12.2025 16:15;2,94
14.12.2025 16:30;4,32
14.12.2025 16:45;4,3
14.12.2025 17:00;3,48
14.12.2025 17:15;4,36
14.12.2025 17:30;5,52
14.12.2025 17:45;5,12
14.12.2025 18:00;4,96
14.12.2025 18:15;3,78
14.12.2025 18:30;8,88
14.12.2025 18:45;4,74
14.12.2025 19:00;4,1
14.12.2025 19:15;4,94
14.12.2025 19:30;4,88
14.12.2025 19:45;4,12
14.12.2025 20:00;4,96
14.12.2025 20:15;4,68
14.12.2025 20:30;4,32
14.12.2025 20:45;4,98
14.12.2025 21:00;4,04
14.12.2025 21:15;4,36
14.12.2025 21:30;4,46
14.12.2025 21:45;3,62
14.12.2025 22:00;4,54
14.12.2025 22:15;4,54
14.12.2025 22:30;3,62
14.12.2025 22:45;4,4
14.12.2025 23:00;4,06
14.12.2025 23:15;6,88
14.12.2025 23:30;4,46
14.12.2025 23:45;3,4
15.12.2025 00:00;4,08
15.12.2025 00:15;4,08
15.12.2025 00:30;3,34
15.12.2025 00:45;4,2
15.12.2025 01:00;3,94
15.12.2025 01:15;3,22
15.12.2025 01:30;4,2
15.12.2025 01:45;3,72
15.12.2025 02:00;3,84
15.12.2025 02:15;3,9
15.12.2025 02:30;3,16
15.12.2025 02:45;4,18
15.12.2025 03:00;5,02
15.12.2025 03:15;5,26
15.12.2025 03:30;3,94
15.12.2025 03:45;4
15.12.2025 04:00;3,72
15.12.2025 04:15;4,34
15.12.2025 04:30;3,62
15.12.2025 04:45;7,38
15.12.2025 05:00;11,12
15.12.2025 05:15;10,6
15.12.2025 05:30;21,1
15.12.2025 05:45;39,52
15.12.2025 06:00;43,52
15.12.2025 06:15;43,04
15.12.2025 06:30;43,18
15.12.2025 06:45;40,56
15.12.2025 07:00;49,32
15.12.2025 07:15;55,68
15.12.2025 07:30;51,14
15.12.2025 07:45;57,76
15.12.2025 08:00;56,72
15.12.2025 08:15;51,14
15.12.2025 08:30;56,38
15.12.2025 08:45;61,18
15.12.2025 09:00;50,76
15.12.2025 09:15;56,3
15.12.2025 09:30;70,34
15.12.2025 09:45;71,86
15.12.2025 10:00;69,42
15.12.2025 10:15;63,22
15.12.2025 10:30;59,58
15.12.2025 10:45;59,72
15.12.2025 11:00;65,66
15.12.2025 11:15;59,44
15.12.2025 11:30;60,92
15.12.2025 11:45;81,08
15.12.2025 12:00;64,92
15.12.2025 12:15;61,52
15.12.2025 12:30;64,58
15.12.2025 12:45;59,14
15.12.2025 13:00;66,64
15.12.2025 13:15;76,98
15.12.2025 13:30;84,24
15.12.2025 13:45;87,48
15.12.2025 14:00;89,94
15.12.2025 14:15;79,04
15.12.2025 14:30;85,9
15.12.2025 14:45;97,42
15.12.2025 15:00;89,88
15.12.2025 15:15;88,88
15.12.2025 15:30;99,16
15.12.2025 15:45;98,76
15.12.2025 16:00;101,24
15.12.2025 16:15;106,54
15.12.2025 16:30;106,66
15.12.2025 16:45;101,62
15.12.2025 17:00;71,24
15.12.2025 17:15;76,44
15.12.2025 17:30;84,26
15.12.2025 17:45;83,34
15.12.2025 18:00;74,74
15.12.2025 18:15;74,46
15.12.2025 18:30;86,84
15.12.2025 18:45;91,38
15.12.2025 19:00;87,32
15.12.2025 19:15;99,92
15.12.2025 19:30;98,98
15.12.2025 19:45;92,4
15.12.2025 20:00;75,12
15.12.2025 20:15;74,62
15.12.2025 20:30;88,7
15.12.2025 20:45;85,08
15.12.2025 21:00;88,88
15.12.2025 21:15;91,76
15.12.2025 21:30;90,82
15.12.2025 21:45;96,96
15.12.2025 22:00;110,36
15.12.2025 22:15;101,08
15.12.2025 22:30;100,64
15.12.2025 22:45;102,56
15.12.2025 23:00;86,4
15.12.2025 23:15;56,6
15.12.2025 23:30;52,98
15.12.2025 23:45;50,92
16.12.2025 00:00;31,36
16.12.2025 00:15;17,38
16.12.2025 00:30;15,62
16.12.2025 00:45;15,26
16.12.2025 01:00;15,06
16.12.2025 01:15;14,54
16.12.2025 01:30;14,5
16.12.2025 01:45;14,52
16.12.2025 02:00;14,54
16.12.2025 02:15;14,14
16.12.2025 02:30;14,52
16.12.2025 02:45;13,34
16.12.2025 03:00;14,82
16.12.2025 03:15;12,3
16.12.2025 03:30;11,66
16.12.2025 03:45;11,28
16.12.2025 04:00;11,04
16.12.2025 04:15;10,24
16.12.2025 04:30;14,86
16.12.2025 04:45;15,4
16.12.2025 05:00;16,34
16.12.2025 05:15;17,32
16.12.2025 05:30;28,66
16.12.2025 05:45;36,52
16.12.2025 06:00;40,96
16.12.2025 06:15;48,6
16.12.2025 06:30;59,48
16.12.2025 06:45;71,86
16.12.2025 07:00;78,1
16.12.2025 07:15;74,08
16.12.2025 07:30;70,92
16.12.2025 07:45;70,94
16.12.2025 08:00;69,62
16.12.2025 08:15;65,24
16.12.2025 08:30;65,2
16.12.2025 08:45;66,28
16.12.2025 09:00;52,2
16.12.2025 09:15;65,84
16.12.2025 09:30;68,18
16.12.2025 09:45;72,92
16.12.2025 10:00;83,56
16.12.2025 10:15;72,2
16.12.2025 10:30;78,22
16.12.2025 10:45;94,62
16.12.2025 11:00;94,06
16.12.2025 11:15;97,18
16.12.2025 11:30;86,92
16.12.2025 11:45;76,16
16.12.2025 12:00;68,7
16.12.2025 12:15;85,12
16.12.2025 12:30;74,18
16.12.2025 12:45;73,84
16.12.2025 13:00;71,84
16.12.2025 13:15;77,98
16.12.2025 13:30;76,9
16.12.2025 13:45;68,48
16.12.2025 14:00;71,02
16.12.2025 14:15;74,18
16.12.2025 14:30;79,72
16.12.2025 14:45;97,04
16.12.2025 15:00;97,38
16.12.2025 15:15;100,98
16.12.2025 15:30;101,3
16.12.2025 15:45;99,96
16.12.2025 16:00;97,04
16.12.2025 16:15;92,18
16.12.2025 16:30;85,82
16.12.2025 16:45;87,66
16.12.2025 17:00;80,96
16.12.2025 17:15;92,9
16.12.2025 17:30;94,8
16.12.2025 17:45;91,24
16.12.2025 18:00;85,3
16.12.2025 18:15;81
16.12.2025 18:30;87,18
16.12.2025 18:45;95,42
16.12.2025 19:00;86,82
16.12.2025 19:15;89,74
16.12.2025 19:30;76,8
16.12.2025 19:45;75,52
16.12.2025 20:00;70,52
16.12.2025 20:15;74,28
16.12.2025 20:30;78,56
16.12.2025 20:45;83,3
16.12.2025 21:00;87,44
16.12.2025 21:15;92,42
16.12.2025 21:30;85,1
16.12.2025 21:45;91,48
16.12.2025 22:00;88,56
16.12.2025 22:15;88,74
16.12.2025 22:30;82,02
16.12.2025 22:45;78,18
16.12.2025 23:00;74,4
16.12.2025 23:15;67,06
16.12.2025 23:30;59,38
16.12.2025 23:45;55,4
17.12.2025 00:00;48,92
17.12.2025 00:15;42,02
17.12.2025 00:30;30,4
17.12.2025 00:45;26,06
17.12.2025 01:00;22,82
17.12.2025 01:15;21,68
17.12.2025 01:30;24,9
17.12.2025 01:45;20,12
17.12.2025 02:00;23,72
17.12.2025 02:15;22,06
17.12.2025 02:30;21,14
17.12.2025 02:45;24,7
17.12.2025 03:00;19,9
17.12.2025 03:15;23,1
17.12.2025 03:30;21,74
17.12.2025 03:45;21,4
17.12.2025 04:00;23,36
17.12.2025 04:15;19,66
17.12.2025 04:30;23,32
17.12.2025 04:45;24,78
17.12.2025 05:00;28,28
17.12.2025 05:15;33,34
17.12.2025 05:30;36,86
17.12.2025 05:45;45,18
17.12.2025 06:00;52,56
17.12.2025 06:15;46,56
17.12.2025 06:30;53,72
17.12.2025 06:45;58,88
17.12.2025 07:00;66,62
17.12.2025 07:15;63,26
17.12.2025 07:30;67,98
17.12.2025 07:45;64,76
17.12.2025 08:00;76,78
17.12.2025 08:15;62,02
17.12.2025 08:30;71,2
17.12.2025 08:45;81,78
17.12.2025 09:00;71,56
17.12.2025 09:15;78,78
17.12.2025 09:30;75,14
17.12.2025 09:45;73,36
17.12.2025 10:00;73,6
17.12.2025 10:15;81,14
17.12.2025 10:30;80,5
17.12.2025 10:45;84,9
17.12.2025 11:00;84,34
17.12.2025 11:15;78
17.12.2025 11:30;70,84
17.12.2025 11:45;67,56
17.12.2025 12:00;48,2
17.12.2025 12:15;56,48
17.12.2025 12:30;66,74
17.12.2025 12:45;65,38
17.12.2025 13:00;54,3
17.12.2025 13:15;53,08
17.12.2025 13:30;48,56
17.12.2025 13:45;51,82
17.12.2025 14:00;58,94
17.12.2025 14:15;63,84
17.12.2025 14:30;66,92
17.12.2025 14:45;64,12
17.12.2025 15:00;78,32
17.12.2025 15:15;77,92
17.12.2025 15:30;79,54
17.12.2025 15:45;75,38
17.12.2025 16:00;88,18
17.12.2025 16:15;79,26
17.12.2025 16:30;79,1
17.12.2025 16:45;94,28
17.12.2025 17:00;75,48
17.12.2025 17:15;79,52
17.12.2025 17:30;75,04
17.12.2025 17:45;80,24
17.12.2025 18:00;71,62
17.12.2025 18:15;77,24
17.12.2025 18:30;67,42
17.12.2025 18:45;73,92
17.12.2025 19:00;61,96
17.12.2025 19:15;52,3
17.12.2025 19:30;68,84
17.12.2025 19:45;68,34
17.12.2025 20:00;58,48
17.12.2025 20:15;52,96
17.12.2025 20:30;68,32
17.12.2025 20:45;55,1
17.12.2025 21:00;70,08
17.12.2025 21:15;67,62
17.12.2025 21:30;64,96
17.12.2025 21:45;64,2
17.12.2025 22:00;50,82
17.12.2025 22:15;57,28
17.12.2025 22:30;54,92
17.12.2025 22:45;49,12
17.12.2025 23:00;41,8
17.12.2025 23:15;29,84
17.12.2025 23:30;24,36
17.12.2025 23:45;24,76
18.12.2025 00:00;25,36
18.12.2025 00:15;22,12
18.12.2025 00:30;26,08
18.12.2025 00:45;23,98
18.12.2025 01:00;21,7
18.12.2025 01:15;27,16
18.12.2025 01:30;23,18
18.12.2025 01:45;22,36
18.12.2025 02:00;19,72
18.12.2025 02:15;15,56
18.12.2025 02:30;17,64
18.12.2025 02:45;18,66
18.12.2025 03:00;15,26
18.12.2025 03:15;17,22
18.12.2025 03:30;18,7
18.12.2025 03:45;15,82
18.12.2025 04:00;16,12
18.12.2025 04:15;17,4
18.12.2025 04:30;14,82
18.12.2025 04:45;17,32
18.12.2025 05:00;22,92
18.12.2025 05:15;25,84
18.12.2025 05:30;41,06
18.12.2025 05:45;59,28
18.12.2025 06:00;65,1
18.12.2025 06:15;65,04
18.12.2025 06:30;65,7
18.12.2025 06:45;67,26
18.12.2025 07:00;70,06
18.12.2025 07:15;67,04
18.12.2025 07:30;68,48
18.12.2025 07:45;68,24
18.12.2025 08:00;67,42
18.12.2025 08:15;63,08
18.12.2025 08:30;67,8
18.12.2025 08:45;65,46
18.12.2025 09:00;55,64
18.12.2025 09:15;58,72
18.12.2025 09:30;63,78
18.12.2025 09:45;70,92
18.12.2025 10:00;70,86
18.12.2025 10:15;64,7
18.12.2025 10:30;65,68
18.12.2025 10:45;54,1
18.12.2025 11:00;71,6
18.12.2025 11:15;73,44
18.12.2025 11:30;60,52
18.12.2025 11:45;53,06
18.12.2025 12:00;45,88
18.12.2025 12:15;40,82
18.12.2025 12:30;52,38
18.12.2025 12:45;65,46
18.12.2025 13:00;57,36
18.12.2025 13:15;63,98
18.12.2025 13:30;59,06
18.12.2025 13:45;63,1
18.12.2025 14:00;61,74
18.12.2025 14:15;66,86
18.12.2025 14:30;65,8
18.12.2025 14:45;65,18
18.12.2025 15:00;67,52
18.12.2025 15:15;65,08
18.12.2025 15:30;69,42
18.12.2025 15:45;63,56
18.12.2025 16:00;62,38
18.12.2025 16:15;64,48
18.12.2025 16:30;60,32
18.12.2025 16:45;60,8
18.12.2025 17:00;58,06
18.12.2025 17:15;60,48
18.12.2025 17:30;59,7
18.12.2025 17:45;61,82
18.12.2025 18:00;65,2
18.12.2025 18:15;62,2
18.12.2025 18:30;63,56
18.12.2025 18:45;62,26
18.12.2025 19:00;63,62
18.12.2025 19:15;59,74
18.12.2025 19:30;55,28
18.12.2025 19:45;45,88
18.12.2025 20:00;39,68
18.12.2025 20:15;43,08
18.12.2025 20:30;43,92
18.12.2025 20:45;42
18.12.2025 21:00;39,5
18.12.2025 21:15;43,48
18.12.2025 21:30;43,52
18.12.2025 21:45;40,78
18.12.2025 22:00;40,58
18.12.2025 22:15;46,4
18.12.2025 22:30;48,44
18.12.2025 22:45;40,14
18.12.2025 23:00;37,64
18.12.2025 23:15;36,84
18.12.2025 23:30;33,34
18.12.2025 23:45;34,18
19.12.2025 00:00;35,94
19.12.2025 00:15;34
19.12.2025 00:30;32,72
19.12.2025 00:45;34,6
19.12.2025 01:00;34,56
19.12.2025 01:15;32,74
19.12.2025 01:30;36,4
19.12.2025 01:45;35,32
19.12.2025 02:00;30,98
19.12.2025 02:15;35,02
19.12.2025 02:30;35,18
19.12.2025 02:45;28,76
19.12.2025 03:00;32,72
19.12.2025 03:15;31,48
19.12.2025 03:30;22,14
19.12.2025 03:45;25,76
19.12.2025 04:00;22,08
19.12.2025 04:15;22,92
19.12.2025 04:30;23,52
19.12.2025 04:45;24,88
19.12.2025 05:00;31,54
19.12.2025 05:15;29,8
19.12.2025 05:30;45,5
19.12.2025 05:45;51,9
19.12.2025 06:00;53,82
19.12.2025 06:15;52,26
19.12.2025 06:30;52,24
19.12.2025 06:45;55
19.12.2025 07:00;60,64
19.12.2025 07:15;63,88
19.12.2025 07:30;62,5
19.12.2025 07:45;64,88
19.12.2025 08:00;66,58
19.12.2025 08:15;75
19.12.2025 08:30;72,18
19.12.2025 08:45;68,18
19.12.2025 09:00;68,36
19.12.2025 09:15;76,26
19.12.2025 09:30;71,88
19.12.2025 09:45;65,94
19.12.2025 10:00;69,88
19.12.2025 10:15;70,3
19.12.2025 10:30;72
19.12.2025 10:45;66,3
19.12.2025 11:00;71,66
19.12.2025 11:15;69,52
19.12.2025 11:30;68,22
19.12.2025 11:45;63,84
19.12.2025 12:00;56,68
19.12.2025 12:15;57,74
19.12.2025 12:30;69,06
19.12.2025 12:45;76,36
19.12.2025 13:00;72,88
19.12.2025 13:15;67,2
19.12.2025 13:30;80
19.12.2025 13:45;75,6
19.12.2025 14:00;73,24
19.12.2025 14:15;75,02
19.12.2025 14:30;76,7
19.12.2025 14:45;77,98
19.12.2025 15:00;83,92
19.12.2025 15:15;83,82
19.12.2025 15:30;85,52
19.12.2025 15:45;83,04
19.12.2025 16:00;80,1
19.12.2025 16:15;79,3
19.12.2025 16:30;77,44
19.12.2025 16:45;82,98
19.12.2025 17:00;79,88
19.12.2025 17:15;79,9
19.12.2025 17:30;78,46
19.12.2025 17:45;78,74
19.12.2025 18:00;72,58
19.12.2025 18:15;75,36
19.12.2025 18:30;64,78
19.12.2025 18:45;65,34
19.12.2025 19:00;66,22
19.12.2025 19:15;63,44
19.12.2025 19:30;59,6
19.12.2025 19:45;59,72
19.12.2025 20:00;33,68
19.12.2025 20:15;25,3
19.12.2025 20:30;19,78
19.12.2025 20:45;21,34
19.12.2025 21:00;23,66
19.12.2025 21:15;18,68
19.12.2025 21:30;23,2
19.12.2025 21:45;21,84
19.12.2025 22:00;19,5
19.12.2025 22:15;23,04
19.12.2025 22:30;19,88
19.12.2025 22:45;22,22
19.12.2025 23:00;21,88
19.12.2025 23:15;18,98
19.12.2025 23:30;22,84
19.12.2025 23:45;20,12
20.12.2025 00:00;18,72
20.12.2025 00:15;23,56
20.12.2025 00:30;17,82
20.12.2025 00:45;19,32
20.12.2025 01:00;22,76
20.12.2025 01:15;11,08
20.12.2025 01:30;5,36
20.12.2025 01:45;4,72
20.12.2025 02:00;4,78
20.12.2025 02:15;7,36
20.12.2025 02:30;4,88
20.12.2025 02:45;4,02
20.12.2025 03:00;4,6
20.12.2025 03:15;4,6
20.12.2025 03:30;4,3
20.12.2025 03:45;4,34
20.12.2025 04:00;4,8
20.12.2025 04:15;4,9
20.12.2025 04:30;3,9
20.12.2025 04:45;4,88
20.12.2025 05:00;8,34
20.12.2025 05:15;4,76
20.12.2025 05:30;4,14
20.12.2025 05:45;5,36
20.12.2025 06:00;5,34
20.12.2025 06:15;4,32
20.12.2025 06:30;4,66
20.12.2025 06:45;4,88
20.12.2025 07:00;4,8
20.12.2025 07:15;3,74
20.12.2025 07:30;6,12
20.12.2025 07:45;6
20.12.2025 08:00;4,26
20.12.2025 08:15;2,74
20.12.2025 08:30;2,66
20.12.2025 08:45;0,38
20.12.2025 09:00;0
20.12.2025 09:15;0,02
20.12.2025 09:30;0
20.12.2025 09:45;0
20.12.2025 10:00;0
20.12.2025 10:15;0
20.12.2025 10:30;0
20.12.2025 10:45;0
20.12.2025 11:00;0
20.12.2025 11:15;0
20.12.2025 11:30;0
20.12.2025 11:45;0
20.12.2025 12:00;0
20.12.2025 12:15;0
20.12.2025 12:30;0,26
20.12.2025 12:45;0
20.12.2025 13:00;0
20.12.2025 13:15;0
20.12.2025 13:30;0
20.12.2025 13:45;0
20.12.2025 14:00;0
20.12.2025 14:15;0
20.12.2025 14:30;0
20.12.2025 14:45;0,06
20.12.2025 15:00;0,78
20.12.2025 15:15;2,04
20.12.2025 15:30;2,02
20.12.2025 15:45;3,46
20.12.2025 16:00;3,98
20.12.2025 16:15;4,14
20.12.2025 16:30;7,14
20.12.2025 16:45;5,42
20.12.2025 17:00;5,4
20.12.2025 17:15;4,54
20.12.2025 17:30;5,56
20.12.2025 17:45;5,84
20.12.2025 18:00;5,82
20.12.2025 18:15;5,02
20.12.2025 18:30;5,86
20.12.2025 18:45;5,08
20.12.2025 19:00;5,36
20.12.2025 19:15;6,9
20.12.2025 19:30;4,92
20.12.2025 19:45;5
20.12.2025 20:00;4,08
20.12.2025 20:15;4,9
20.12.2025 20:30;4,88
20.12.2025 20:45;4,86
20.12.2025 21:00;4,02
20.12.2025 21:15;4,94
20.12.2025 21:30;4,92
20.12.2025 21:45;4,64
20.12.2025 22:00;7,98
20.12.2025 22:15;5,9
20.12.2025 22:30;5,72
20.12.2025 22:45;4,84
20.12.2025 23:00;4,94
20.12.2025 23:15;5,56
20.12.2025 23:30;5,5
20.12.2025 23:45;4,46
21.12.2025 00:00;5,32
21.12.2025 00:15;5,32
21.12.2025 00:30;5,28
21.12.2025 00:45;6,78
21.12.2025 01:00;4,5
21.12.2025 01:15;4,5
21.12.2025 01:30;4,12
21.12.2025 01:45;4,24
21.12.2025 02:00;4,54
21.12.2025 02:15;4,48
21.12.2025 02:30;3,56
21.12.2025 02:45;4,56
21.12.2025 03:00;4,58
21.12.2025 03:15;4,52
21.12.2025 03:30;3,66
21.12.2025 03:45;8,1
21.12.2025 04:00;4,94
21.12.2025 04:15;4,46
21.12.2025 04:30;4,46
21.12.2025 04:45;4,96
21.12.2025 05:00;48,4
21.12.2025 05:15;4,12
21.12.2025 05:30;4,78
21.12.2025 05:45;4,9
21.12.2025 06:00;4,88
21.12.2025 06:15;4,04
21.12.2025 06:30;8,06
21.12.2025 06:45;4,82
21.12.2025 07:00;4,5
21.12.2025 07:15;3,6
21.12.2025 07:30;4,6
21.12.2025 07:45;4,6
21.12.2025 08:00;4
21.12.2025 08:15;3,44
21.12.2025 08:30;3,6
21.12.2025 08:45;2,98
21.12.2025 09:00;1,44
21.12.2025 09:15;1,38
21.12.2025 09:30;4,3
21.12.2025 09:45;0,92
21.12.2025 10:00;0
21.12.2025 10:15;0,34
21.12.2025 10:30;0,14
21.12.2025 10:45;0,34
21.12.2025 11:00;0
21.12.2025 11:15;0,44
21.12.2025 11:30;0,02
21.12.2025 11:45;0
21.12.2025 12:00;0
21.12.2025 12:15;0,04
21.12.2025 12:30;0
21.12.2025 12:45;0
21.12.2025 13:00;0
21.12.2025 13:15;0
21.12.2025 13:30;0
21.12.2025 13:45;0
21.12.2025 14:00;0
21.12.2025 14:15;0,02
21.12.2025 14:30;0,24
21.12.2025 14:45;0,12
21.12.2025 15:00;1,2
21.12.2025 15:15;3,76
21.12.2025 15:30;3,4
21.12.2025 15:45;3,68
21.12.2025 16:00;4,46
21.12.2025 16:15;4,48
21.12.2025 16:30;3,54
21.12.2025 16:45;5
21.12.2025 17:00;5,06
21.12.2025 17:15;5,04
21.12.2025 17:30;4,1
21.12.2025 17:45;5,36
21.12.2025 18:00;5,22
21.12.2025 18:15;7,9
21.12.2025 18:30;4,38
21.12.2025 18:45;5,14
21.12.2025 19:00;5,14
21.12.2025 19:15;4,42
21.12.2025 19:30;4,8
21.12.2025 19:45;5,06
21.12.2025 20:00;4,96
21.12.2025 20:15;4,1
21.12.2025 20:30;5,04
21.12.2025 20:45;4,96
21.12.2025 21:00;5,02
21.12.2025 21:15;7,34
21.12.2025 21:30;5,06
21.12.2025 21:45;4,98
21.12.2025 22:00;4,8
21.12.2025 22:15;4,18
21.12.2025 22:30;4,9
21.12.2025 22:45;4,98
21.12.2025 23:00;4,48
21.12.2025 23:15;4,48
21.12.2025 23:30;5,04
21.12.2025 23:45;5
22.12.2025 00:00;3,88
22.12.2025 00:15;5,48
22.12.2025 00:30;6,44
22.12.2025 00:45;4,78
22.12.2025 01:00;3,64
22.12.2025 01:15;4,6
22.12.2025 01:30;4,7
22.12.2025 01:45;4,68
22.12.2025 02:00;3,72
22.12.2025 02:15;4,56
22.12.2025 02:30;4,74
22.12.2025 02:45;4,54
22.12.2025 03:00;3,86
22.12.2025 03:15;4,64
22.12.2025 03:30;7
22.12.2025 03:45;4,9
22.12.2025 04:00;4,46
22.12.2025 04:15;4,88
22.12.2025 04:30;5,06
22.12.2025 04:45;6,98
22.12.2025 05:00;11,84
22.12.2025 05:15;14,22
22.12.2025 05:30;27,14
22.12.2025 05:45;37,06
22.12.2025 06:00;38,82
22.12.2025 06:15;46,08
22.12.2025 06:30;50,46
22.12.2025 06:45;53,02
22.12.2025 07:00;55,08
22.12.2025 07:15;62,86
22.12.2025 07:30;61,24
22.12.2025 07:45;63,4
22.12.2025 08:00;67,36
22.12.2025 08:15;66,38
22.12.2025 08:30;70,16
22.12.2025 08:45;68,06
22.12.2025 09:00;44,44
22.12.2025 09:15;60,62
22.12.2025 09:30;57,64
22.12.2025 09:45;51,96
22.12.2025 10:00;52,26
22.12.2025 10:15;44,72
22.12.2025 10:30;40,82
22.12.2025 10:45;41,14
22.12.2025 11:00;39,22
22.12.2025 11:15;41,7
22.12.2025 11:30;39,34
22.12.2025 11:45;43,02
22.12.2025 12:00;35,42
22.12.2025 12:15;44,46
22.12.2025 12:30;43,84
22.12.2025 12:45;38,08
22.12.2025 13:00;33,18
22.12.2025 13:15;37,52
22.12.2025 13:30;34,84
22.12.2025 13:45;32,18
22.12.2025 14:00;18,96
22.12.2025 14:15;15,26
22.12.2025 14:30;20,9
22.12.2025 14:45;25,32
22.12.2025 15:00;22,92
22.12.2025 15:15;28,66
22.12.2025 15:30;31,36
22.12.2025 15:45;25,34
22.12.2025 16:00;24,4
22.12.2025 16:15;28,74
22.12.2025 16:30;24,84
22.12.2025 16:45;25,02
22.12.2025 17:00;29,46
22.12.2025 17:15;24,76
22.12.2025 17:30;24,4
22.12.2025 17:45;28,92
22.12.2025 18:00;22,48
22.12.2025 18:15;23,26
22.12.2025 18:30;24,86
22.12.2025 18:45;21,36
22.12.2025 19:00;22,56
22.12.2025 19:15;22,48
22.12.2025 19:30;19,68
22.12.2025 19:45;22,88
22.12.2025 20:00;21,74
22.12.2025 20:15;20,24
22.12.2025 20:30;23,9
22.12.2025 20:45;15,68
22.12.2025 21:00;6,94
22.12.2025 21:15;7,26
22.12.2025 21:30;7,7
22.12.2025 21:45;6,96
22.12.2025 22:00;6,94
22.12.2025 22:15;7,46
22.12.2025 22:30;7
22.12.2025 22:45;6,72
22.12.2025 23:00;10,28
22.12.2025 23:15;6,54
22.12.2025 23:30;6,06
22.12.2025 23:45;6,4
23.12.2025 00:00;7,12
23.12.2025 00:15;6,96
23.12.2025 00:30;6,08
23.12.2025 00:45;6,58
23.12.2025 01:00;5,74
23.12.2025 01:15;5,76
23.12.2025 01:30;6,42
23.12.2025 01:45;6
23.12.2025 02:00;9,34
23.12.2025 02:15;6,8
23.12.2025 02:30;6,86
23.12.2025 02:45;6,02
23.12.2025 03:00;6,68
23.12.2025 03:15;7,18
23.12.2025 03:30;6,08
23.12.2025 03:45;6,3
23.12.2025 04:00;7,7
23.12.2025 04:15;6,78
23.12.2025 04:30;6,86
23.12.2025 04:45;11,6
23.12.2025 05:00;15,36
23.12.2025 05:15;13,44
23.12.2025 05:30;21,72
23.12.2025 05:45;40,48
23.12.2025 06:00;36,96
23.12.2025 06:15;39,76
23.12.2025 06:30;36,02
23.12.2025 06:45;32,32
23.12.2025 07:00;37,9
23.12.2025 07:15;44,42
23.12.2025 07:30;58,46
23.12.2025 07:45;58,12
23.12.2025 08:00;54,92
23.12.2025 08:15;59,88
23.12.2025 08:30;58,54
23.12.2025 08:45;50,86
23.12.2025 09:00;41,92
23.12.2025 09:15;44,18
23.12.2025 09:30;44,34
23.12.2025 09:45;45,72
23.12.2025 10:00;44,16
23.12.2025 10:15;45,26
23.12.2025 10:30;40,84
23.12.2025 10:45;36,18
23.12.2025 11:00;36,32
23.12.2025 11:15;36,08
23.12.2025 11:30;29,2
23.12.2025 11:45;21,12
23.12.2025 12:00;16,26
23.12.2025 12:15;19,1
23.12.2025 12:30;22,08
23.12.2025 12:45;20,4
23.12.2025 13:00;17,92
23.12.2025 13:15;17,48
23.12.2025 13:30;10,3
23.12.2025 13:45;7,36
23.12.2025 14:00;2,56
23.12.2025 14:15;1,74
23.12.2025 14:30;2,1
23.12.2025 14:45;1,9
23.12.2025 15:00;1,86
23.12.2025 15:15;3,5
23.12.2025 15:30;3,98
23.12.2025 15:45;4,72
23.12.2025 16:00;6,38
23.12.2025 16:15;4,56
23.12.2025 16:30;5,44
23.12.2025 16:45;3,88
23.12.2025 17:00;4,68
23.12.2025 17:15;4,78
23.12.2025 17:30;4,1
23.12.2025 17:45;4,48
23.12.2025 18:00;4,6
23.12.2025 18:15;4,66
23.12.2025 18:30;3,68
23.12.2025 18:45;4,68
23.12.2025 19:00;7,7
23.12.2025 19:15;3,98
23.12.2025 19:30;4,38
23.12.2025 19:45;4,56
23.12.2025 20:00;4,52
23.12.2025 20:15;3,7
23.12.2025 20:30;4,58
23.12.2025 20:45;4,56
23.12.2025 21:00;3,98
23.12.2025 21:15;4,26
23.12.2025 21:30;4,6
23.12.2025 21:45;4,5
23.12.2025 22:00;5,68
23.12.2025 22:15;6,56
23.12.2025 22:30;4,9
23.12.2025 22:45;4,22
23.12.2025 23:00;4,62
23.12.2025 23:15;4,9
23.12.2025 23:30;4,9
23.12.2025 23:45;3,92
24.12.2025 00:00;4,62
24.12.2025 00:15;4,78
24.12.2025 00:30;4,06
24.12.2025 00:45;4,08
24.12.2025 01:00;6
24.12.2025 01:15;5,06
24.12.2025 01:30;3,1
24.12.2025 01:45;3,98
24.12.2025 02:00;3,88
24.12.2025 02:15;3,7
24.12.2025 02:30;3,22
24.12.2025 02:45;3,98
24.12.2025 03:00;3,92
24.12.2025 03:15;3
24.12.2025 03:30;4
24.12.2025 03:45;3,88
24.12.2025 04:00;4,26
24.12.2025 04:15;4,34
24.12.2025 04:30;6,46
24.12.2025 04:45;4,24
24.12.2025 05:00;3,78
24.12.2025 05:15;4,26
24.12.2025 05:30;4,44
24.12.2025 05:45;4,38
24.12.2025 06:00;3,56
24.12.2025 06:15;4,36
24.12.2025 06:30;4,42
24.12.2025 06:45;4,04
24.12.2025 07:00;3,56
24.12.2025 07:15;4,16
24.12.2025 07:30;4,1
24.12.2025 07:45;5,62
24.12.2025 08:00;4,78
24.12.2025 08:15;3,74
24.12.2025 08:30;3,8
24.12.2025 08:45;2,84
24.12.2025 09:00;3,76
24.12.2025 09:15;3,72
24.12.2025 09:30;2,92
24.12.2025 09:45;3,74
24.12.2025 10:00;3,74
24.12.2025 10:15;3,76
24.12.2025 10:30;2,88
24.12.2025 10:45;3,72
24.12.2025 11:00;3,78
24.12.2025 11:15;4,3
24.12.2025 11:30;5,6
24.12.2025 11:45;3,76
24.12.2025 12:00;3,7
24.12.2025 12:15;3,02
24.12.2025 12:30;3,74
24.12.2025 12:45;3,74
24.12.2025 13:00;2,86
24.12.2025 13:15;3,72
24.12.2025 13:30;3,76
24.12.2025 13:45;3,58
24.12.2025 14:00;3,06
24.12.2025 14:15;3,78
24.12.2025 14:30;3,72
24.12.2025 14:45;2,86
24.12.2025 15:00;7,12
24.12.2025 15:15;3,74
24.12.2025 15:30;3,52
24.12.2025 15:45;3,08
24.12.2025 16:00;3,84
24.12.2025 16:15;3,78
24.12.2025 16:30;3,1
24.12.2025 16:45;4,48
24.12.2025 17:00;4,46
24.12.2025 17:15;4,18
24.12.2025 17:30;3,88
24.12.2025 17:45;4,52
24.12.2025 18:00;4,54
24.12.2025 18:15;3,6
24.12.2025 18:30;4,52
24.12.2025 18:45;5,98
24.12.2025 19:00;5,52
24.12.2025 19:15;3,98
24.12.2025 19:30;4,48
24.12.2025 19:45;4,5
24.12.2025 20:00;3,56
24.12.2025 20:15;4,48
24.12.2025 20:30;4,5
24.12.2025 20:45;4,1
24.12.2025 21:00;4
24.12.2025 21:15;4,54
24.12.2025 21:30;4,46
24.12.2025 21:45;3,6
24.12.2025 22:00;4,5
24.12.2025 22:15;4,4
24.12.2025 22:30;3,78
24.12.2025 22:45;7,04
24.12.2025 23:00;4,26
24.12.2025 23:15;4,3
24.12.2025 23:30;3,28
24.12.2025 23:45;4,24
25.12.2025 00:00;3,9
25.12.2025 00:15;3,34
25.12.2025 00:30;3,52
25.12.2025 00:45;3,9
25.12.2025 01:00;4,04
25.12.2025 01:15;3,06
25.12.2025 01:30;3,88
25.12.2025 01:45;3,94
25.12.2025 02:00;3,42
25.12.2025 02:15;3,48
25.12.2025 02:30;3,86
25.12.2025 02:45;3,9
25.12.2025 03:00;5,86
25.12.2025 03:15;4,26
25.12.2025 03:30;3,92
25.12.2025 03:45;3,5
25.12.2025 04:00;3,78
25.12.2025 04:15;4,22
25.12.2025 04:30;4,28
25.12.2025 04:45;3,36
25.12.2025 05:00;4,34
25.12.2025 05:15;4,4
25.12.2025 05:30;4,2
25.12.2025 05:45;3,74
25.12.2025 06:00;4,42
25.12.2025 06:15;4,42
25.12.2025 06:30;3,5
25.12.2025 06:45;4,38
25.12.2025 07:00;4,16
25.12.2025 07:15;4,04
25.12.2025 07:30;6,4
25.12.2025 07:45;3,96
25.12.2025 08:00;3,76
25.12.2025 08:15;3,08
25.12.2025 08:30;3,56
25.12.2025 08:45;3,76
25.12.2025 09:00;3,72
25.12.2025 09:15;2,9
25.12.2025 09:30;3,8
25.12.2025 09:45;3,78
25.12.2025 10:00;3,28
25.12.2025 10:15;3,32
25.12.2025 10:30;3,76
25.12.2025 10:45;3,76
25.12.2025 11:00;2,82
25.12.2025 11:15;3,8
25.12.2025 11:30;3,7
25.12.2025 11:45;3,18
25.12.2025 12:00;5,68
25.12.2025 12:15;3,42
25.12.2025 12:30;3,44
25.12.2025 12:45;2,52
25.12.2025 13:00;3,46
25.12.2025 13:15;3,46
25.12.2025 13:30;2,8
25.12.2025 13:45;3,22
25.12.2025 14:00;3,5
25.12.2025 14:15;3,46
25.12.2025 14:30;2,54
25.12.2025 14:45;3,42
25.12.2025 15:00;3,42
25.12.2025 15:15;2,7
25.12.2025 15:30;3,3
25.12.2025 15:45;3,44
25.12.2025 16:00;3,38
25.12.2025 16:15;2,72
25.12.2025 16:30;3,62
25.12.2025 16:45;4,04
25.12.2025 17:00;3,28
25.12.2025 17:15;4,16
25.12.2025 17:30;4,14
25.12.2025 17:45;6,88
25.12.2025 18:00;3,38
25.12.2025 18:15;4,2
25.12.2025 18:30;4,2
25.12.2025 18:45;3,36
25.12.2025 19:00;4,12
25.12.2025 19:15;4,26
25.12.2025 19:30;4,18
25.12.2025 19:45;3,38
25.12.2025 20:00;4,22
25.12.2025 20:15;4,2
25.12.2025 20:30;3,54
25.12.2025 20:45;3,94
25.12.2025 21:00;4,12
25.12.2025 21:15;4,2
25.12.2025 21:30;3,24
25.12.2025 21:45;4,14
25.12.2025 22:00;4,2
25.12.2025 22:15;3,64
25.12.2025 22:30;3,58
25.12.2025 22:45;3,96
25.12.2025 23:00;3,92
25.12.2025 23:15;2,96
25.12.2025 23:30;3,96
25.12.2025 23:45;3,92
26.12.2025 00:00;5,96
26.12.2025 00:15;2,98
26.12.2025 00:30;3,64
26.12.2025 00:45;3,6
26.12.2025 01:00;2,76
26.12.2025 01:15;3,58
26.12.2025 01:30;3,56
26.12.2025 01:45;3,68
26.12.2025 02:00;2,68
26.12.2025 02:15;3,58
26.12.2025 02:30;3,62
26.12.2025 02:45;3,02
26.12.2025 03:00;3,24
26.12.2025 03:15;3,64
26.12.2025 03:30;3,62
26.12.2025 03:45;2,84
26.12.2025 04:00;3,96
26.12.2025 04:15;3,9
26.12.2025 04:30;3,76
26.12.2025 04:45;3,24
26.12.2025 05:00;4,1
26.12.2025 05:15;4,06
26.12.2025 05:30;3,4
26.12.2025 05:45;3,98
26.12.2025 06:00;4,12
26.12.2025 06:15;4,14
26.12.2025 06:30;3,26
26.12.2025 06:45;5,1
26.12.2025 07:00;5,82
26.12.2025 07:15;3,46
26.12.2025 07:30;3,16
26.12.2025 07:45;3,54
26.12.2025 08:00;3,5
26.12.2025 08:15;2,58
26.12.2025 08:30;3,42
26.12.2025 08:45;3,44
26.12.2025 09:00;3,48
26.12.2025 09:15;2,64
26.12.2025 09:30;3,44
26.12.2025 09:45;3,42
26.12.2025 10:00;2,98
26.12.2025 10:15;3,02
26.12.2025 10:30;3,46
26.12.2025 10:45;3,44
26.12.2025 11:00;2,62
26.12.2025 11:15;3,46
26.12.2025 11:30;1,86
26.12.2025 11:45;0
26.12.2025 12:00;0
26.12.2025 12:15;0
26.12.2025 12:30;0
26.12.2025 12:45;0
26.12.2025 13:00;0
26.12.2025 13:15;0
26.12.2025 13:30;0
26.12.2025 13:45;0
26.12.2025 14:00;0
26.12.2025 14:15;0
26.12.2025 14:30;0
26.12.2025 14:45;0,04
26.12.2025 15:00;0
26.12.2025 15:15;0
26.12.2025 15:30;0,18
26.12.2025 15:45;1,22
26.12.2025 16:00;2,04
26.12.2025 16:15;2,42
26.12.2025 16:30;2,66
26.12.2025 16:45;3,16
26.12.2025 17:00;3,62
26.12.2025 17:15;3,28
26.12.2025 17:30;3,32
26.12.2025 17:45;3,28
26.12.2025 18:00;3,3
26.12.2025 18:15;3,34
26.12.2025 18:30;3,38
26.12.2025 18:45;3,44
26.12.2025 19:00;3,64
26.12.2025 19:15;3,34
26.12.2025 19:30;3,32
26.12.2025 19:45;4,04
26.12.2025 20:00;5,14
26.12.2025 20:15;3,16
26.12.2025 20:30;3,12
26.12.2025 20:45;3,14
26.12.2025 21:00;3,22
26.12.2025 21:15;3,28
26.12.2025 21:30;3,14
26.12.2025 21:45;3,14
26.12.2025 22:00;3,24
26.12.2025 22:15;3,12
26.12.2025 22:30;3,1
26.12.2025 22:45;3,34
26.12.2025 23:00;3,08
26.12.2025 23:15;3,2
26.12.2025 23:30;3,12
26.12.2025 23:45;3,08
27.12.2025 00:00;2,78
27.12.2025 00:15;2,78
27.12.2025 00:30;3,02
27.12.2025 00:45;2,8
27.12.2025 01:00;2,84
27.12.2025 01:15;2,82
27.12.2025 01:30;2,78
27.12.2025 01:45;2,88
27.12.2025 02:00;3,1
27.12.2025 02:15;2,82
27.12.2025 02:30;3,86
27.12.2025 02:45;4,96
27.12.2025 03:00;2,8
27.12.2025 03:15;2,74
27.12.2025 03:30;2,76
27.12.2025 03:45;3,02
27.12.2025 04:00;3,26
27.12.2025 04:15;3,16
27.12.2025 04:30;3,12
27.12.2025 04:45;3,1
27.12.2025 05:00;3,1
27.12.2025 05:15;3,34
27.12.2025 05:30;3,1
27.12.2025 05:45;3,08
27.12.2025 06:00;3,1
27.12.2025 06:15;3,12
27.12.2025 06:30;3,14
27.12.2025 06:45;3,16
27.12.2025 07:00;3,12
27.12.2025 07:15;2,9
27.12.2025 07:30;2,84
27.12.2025 07:45;2,64
27.12.2025 08:00;2,42
27.12.2025 08:15;1,72
27.12.2025 08:30;0,92
27.12.2025 08:45;0,02
27.12.2025 09:00;0
27.12.2025 09:15;0
27.12.2025 09:30;0
27.12.2025 09:45;0
27.12.2025 10:00;0
27.12.2025 10:15;0
27.12.2025 10:30;0
27.12.2025 10:45;0
27.12.2025 11:00;0
27.12.2025 11:15;0
27.12.2025 11:30;0
27.12.2025 11:45;0
27.12.2025 12:00;0
27.12.2025 12:15;0
27.12.2025 12:30;0
27.12.2025 12:45;0
27.12.2025 13:00;0
27.12.2025 13:15;0
27.12.2025 13:30;0
27.12.2025 13:45;0
27.12.2025 14:00;0
27.12.2025 14:15;0
27.12.2025 14:30;0
27.12.2025 14:45;0
27.12.2025 15:00;0
27.12.2025 15:15;0,18
27.12.2025 15:30;0,1
27.12.2025 15:45;1,96
27.12.2025 16:00;3,66
27.12.2025 16:15;2,38
27.12.2025 16:30;2,58
27.12.2025 16:45;2,88
27.12.2025 17:00;3,38
27.12.2025 17:15;3,2
27.12.2025 17:30;3,14
27.12.2025 17:45;3,18
27.12.2025 18:00;3,12
27.12.2025 18:15;3,14
27.12.2025 18:30;3,36
27.12.2025 18:45;3,12
27.12.2025 19:00;3,14
27.12.2025 19:15;3,14
27.12.2025 19:30;3,1
27.12.2025 19:45;3,26
27.12.2025 20:00;3,24
27.12.2025 20:15;3,42
27.12.2025 20:30;3,22
27.12.2025 20:45;3,18
27.12.2025 21:00;3,18
27.12.2025 21:15;3,24
27.12.2025 21:30;5,92
27.12.2025 21:45;3,42
27.12.2025 22:00;3,24
27.12.2025 22:15;3,18
27.12.2025 22:30;3,1
27.12.2025 22:45;3,14
27.12.2025 23:00;3,08
27.12.2025 23:15;3,34
27.12.2025 23:30;3,1
27.12.2025 23:45;3,06
28.12.2025 00:00;2,78
28.12.2025 00:15;2,84
28.12.2025 00:30;2,72
28.12.2025 00:45;2,88
28.12.2025 01:00;2,96
28.12.2025 01:15;2,78
28.12.2025 01:30;2,8
28.12.2025 01:45;2,82
28.12.2025 02:00;2,78
28.12.2025 02:15;2,76
28.12.2025 02:30;3,02
28.12.2025 02:45;2,76
28.12.2025 03:00;2,82
28.12.2025 03:15;2,76
28.12.2025 03:30;2,82
28.12.2025 03:45;2,86
28.12.2025 04:00;3,16
28.12.2025 04:15;3,54
28.12.2025 04:30;5,3
28.12.2025 04:45;3,1
28.12.2025 05:00;3,16
28.12.2025 05:15;3,1
28.12.2025 05:30;3,06
28.12.2025 05:45;3,12
28.12.2025 06:00;3,08
28.12.2025 06:15;3,08
28.12.2025 06:30;3,12
28.12.2025 06:45;3,16
28.12.2025 07:00;2,8
28.12.2025 07:15;3,06
28.12.2025 07:30;2,78
28.12.2025 07:45;2,6
28.12.2025 08:00;2,32
28.12.2025 08:15;1,62
28.12.2025 08:30;0,48
28.12.2025 08:45;0,16
28.12.2025 09:00;0
28.12.2025 09:15;0
28.12.2025 09:30;0
28.12.2025 09:45;0
28.12.2025 10:00;0
28.12.2025 10:15;0
28.12.2025 10:30;0
28.12.2025 10:45;0
28.12.2025 11:00;0
28.12.2025 11:15;0
28.12.2025 11:30;0
28.12.2025 11:45;0
28.12.2025 12:00;0
28.12.2025 12:15;0
28.12.2025 12:30;0
28.12.2025 12:45;0
28.12.2025 13:00;0
28.12.2025 13:15;0
28.12.2025 13:30;0
28.12.2025 13:45;0
28.12.2025 14:00;0
28.12.2025 14:15;0
28.12.2025 14:30;0
28.12.2025 14:45;0
28.12.2025 15:00;0
28.12.2025 15:15;0
28.12.2025 15:30;1,34
28.12.2025 15:45;2,06
28.12.2025 16:00;1,92
28.12.2025 16:15;2,3
28.12.2025 16:30;2,54
28.12.2025 16:45;2,88
28.12.2025 17:00;3,38
28.12.2025 17:15;3,28
28.12.2025 17:30;3,18
28.12.2025 17:45;3,18
28.12.2025 18:00;3,2
28.12.2025 18:15;3,28
28.12.2025 18:30;3,12
28.12.2025 18:45;3,38
28.12.2025 19:00;3,18
28.12.2025 19:15;3,12
28.12.2025 19:30;3,14
28.12.2025 19:45;3,26
28.12.2025 20:00;3,14
28.12.2025 20:15;3,42
28.12.2025 20:30;3,26
28.12.2025 20:45;3,24
28.12.2025 21:00;4,44
28.12.2025 21:15;3,9
28.12.2025 21:30;3,22
28.12.2025 21:45;3,4
28.12.2025 22:00;3,16
28.12.2025 22:15;3,18
28.12.2025 22:30;3,12
28.12.2025 22:45;3,14
28.12.2025 23:00;3,22
28.12.2025 23:15;3,2
28.12.2025 23:30;3,4
28.12.2025 23:45;3,18
29.12.2025 00:00;2,88
29.12.2025 00:15;2,84
29.12.2025 00:30;2,82
29.12.2025 00:45;2,82
29.12.2025 01:00;3,04
29.12.2025 01:15;2,9
29.12.2025 01:30;2,94
29.12.2025 01:45;2,86
29.12.2025 02:00;2,84
29.12.2025 02:15;2,82
29.12.2025 02:30;3,1
29.12.2025 02:45;5,1
29.12.2025 03:00;2,88
29.12.2025 03:15;2,84
29.12.2025 03:30;2,82
29.12.2025 03:45;2,8
29.12.2025 04:00;3,16
29.12.2025 04:15;3,44
29.12.2025 04:30;3,16
29.12.2025 04:45;3,18
29.12.2025 05:00;3,32
29.12.2025 05:15;6,44
29.12.2025 05:30;8,14
29.12.2025 05:45;8,38
29.12.2025 06:00;8,34
29.12.2025 06:15;8,36
29.12.2025 06:30;8,28
29.12.2025 06:45;8,28
29.12.2025 07:00;9,4
29.12.2025 07:15;8,68
29.12.2025 07:30;8,2
29.12.2025 07:45;8,64
29.12.2025 08:00;8,26
29.12.2025 08:15;7,36
29.12.2025 08:30;6,12
29.12.2025 08:45;5,9
29.12.2025 09:00;5,24
29.12.2025 09:15;3,28
29.12.2025 09:30;1,88
29.12.2025 09:45;0,5
29.12.2025 10:00;0,1
29.12.2025 10:15;0
29.12.2025 10:30;0
29.12.2025 10:45;0
29.12.2025 11:00;0
29.12.2025 11:15;0
29.12.2025 11:30;0
29.12.2025 11:45;0
29.12.2025 12:00;0
29.12.2025 12:15;0
29.12.2025 12:30;0
29.12.2025 12:45;0
29.12.2025 13:00;0
29.12.2025 13:15;0
29.12.2025 13:30;0
29.12.2025 13:45;0
29.12.2025 14:00;0
29.12.2025 14:15;0
29.12.2025 14:30;0
29.12.2025 14:45;0
29.12.2025 15:00;0
29.12.2025 15:15;1,04
29.12.2025 15:30;0,02
29.12.2025 15:45;0,84
29.12.2025 16:00;1,64
29.12.2025 16:15;2,08
29.12.2025 16:30;2,38
29.12.2025 16:45;2,76
29.12.2025 17:00;3,06
29.12.2025 17:15;3,08
29.12.2025 17:30;3,06
29.12.2025 17:45;3,04
29.12.2025 18:00;3,1
29.12.2025 18:15;3,16
29.12.2025 18:30;3,08
29.12.2025 18:45;3,04
29.12.2025 19:00;3,1
29.12.2025 19:15;3,08
29.12.2025 19:30;3,04
29.12.2025 19:45;3,14
29.12.2025 20:00;3,06
29.12.2025 20:15;3,06
29.12.2025 20:30;3,1
29.12.2025 20:45;3,12
29.12.2025 21:00;3,16
29.12.2025 21:15;3,08
29.12.2025 21:30;4,96
29.12.2025 21:45;3,06
29.12.2025 22:00;3,02
29.12.2025 22:15;2,98
29.12.2025 22:30;2,84
29.12.2025 22:45;2,8
29.12.2025 23:00;2,82
29.12.2025 23:15;2,84
29.12.2025 23:30;2,84
29.12.2025 23:45;2,84
30.12.2025 00:00;2,5
30.12.2025 00:15;2,56
30.12.2025 00:30;2,48
30.12.2025 00:45;2,5
30.12.2025 01:00;2,58
30.12.2025 01:15;2,52
30.12.2025 01:30;2,48
30.12.2025 01:45;2,48
30.12.2025 02:00;2,52
30.12.2025 02:15;2,54
30.12.2025 02:30;2,5
30.12.2025 02:45;2,52
30.12.2025 03:00;2,54
30.12.2025 03:15;2,52
30.12.2025 03:30;4,58
30.12.2025 03:45;2,5
30.12.2025 04:00;2,78
30.12.2025 04:15;2,78
30.12.2025 04:30;2,76
30.12.2025 04:45;2,88
30.12.2025 05:00;2,96
30.12.2025 05:15;3
30.12.2025 05:30;3,06
30.12.2025 05:45;3
30.12.2025 06:00;3
30.12.2025 06:15;2,98
30.12.2025 06:30;3
30.12.2025 06:45;2,98
30.12.2025 07:00;2,72
30.12.2025 07:15;2,7
30.12.2025 07:30;2,74
30.12.2025 07:45;2,48
30.12.2025 08:00;2,3
30.12.2025 08:15;2,26
30.12.2025 08:30;2,06
30.12.2025 08:45;1,72
30.12.2025 09:00;0,2
30.12.2025 09:15;0,02
30.12.2025 09:30;0
30.12.2025 09:45;0
30.12.2025 10:00;0
30.12.2025 10:15;0
30.12.2025 10:30;0
30.12.2025 10:45;0
30.12.2025 11:00;0
30.12.2025 11:15;0
30.12.2025 11:30;0
30.12.2025 11:45;0
30.12.2025 12:00;0
30.12.2025 12:15;0
30.12.2025 12:30;0
30.12.2025 12:45;0
30.12.2025 13:00;0
30.12.2025 13:15;0
30.12.2025 13:30;0
30.12.2025 13:45;0
30.12.2025 14:00;0
30.12.2025 14:15;0
30.12.2025 14:30;0
30.12.2025 14:45;0
30.12.2025 15:00;0
30.12.2025 15:15;0
30.12.2025 15:30;0
30.12.2025 15:45;0
30.12.2025 16:00;0,82
30.12.2025 16:15;2,26
30.12.2025 16:30;2,3
30.12.2025 16:45;2,82
30.12.2025 17:00;3,12
30.12.2025 17:15;5,18
30.12.2025 17:30;3,06
30.12.2025 17:45;3,06
30.12.2025 18:00;3
30.12.2025 18:15;3,02
30.12.2025 18:30;3,06
30.12.2025 18:45;3,04
30.12.2025 19:00;3
30.12.2025 19:15;3,02
30.12.2025 19:30;3,1
30.12.2025 19:45;3,1
30.12.2025 20:00;3,04
30.12.2025 20:15;3,04
30.12.2025 20:30;3,1
30.12.2025 20:45;3,12
30.12.2025 21:00;3,08
30.12.2025 21:15;3,12
30.12.2025 21:30;3,14
30.12.2025 21:45;3,12
30.12.2025 22:00;3,08
30.12.2025 22:15;3,06
30.12.2025 22:30;2,88
30.12.2025 22:45;2,86
30.12.2025 23:00;2,9
30.12.2025 23:15;2,94
30.12.2025 23:30;2,84
30.12.2025 23:45;2,86
31.12.2025 00:00;2,76
31.12.2025 00:15;4,44
31.12.2025 00:30;2,5
31.12.2025 00:45;2,56
31.12.2025 01:00;2,54
31.12.2025 01:15;2,54
31.12.2025 01:30;2,54
31.12.2025 01:45;2,54
31.12.2025 02:00;2,54
31.12.2025 02:15;2,52
31.12.2025 02:30;2,54
31.12.2025 02:45;2,52
31.12.2025 03:00;2,58
31.12.2025 03:15;2,54
31.12.2025 03:30;2,52
31.12.2025 03:45;2,54
31.12.2025 04:00;2,94
31.12.2025 04:15;2,84
31.12.2025 04:30;2,86
31.12.2025 04:45;2,86
31.12.2025 05:00;3,06
31.12.2025 05:15;3,06
31.12.2025 05:30;3,02
31.12.2025 05:45;3,12
31.12.2025 06:00;3,12
31.12.2025 06:15;3,06
31.12.2025 06:30;3,04
31.12.2025 06:45;3,04
31.12.2025 07:00;2,74
31.12.2025 07:15;2,7
31.12.2025 07:30;2,78
31.12.2025 07:45;2,56
31.12.2025 08:00;2,58
31.12.2025 08:15;2,36
31.12.2025 08:30;3,68
31.12.2025 08:45;1,4
31.12.2025 09:00;0,6
31.12.2025 09:15;0,26
31.12.2025 09:30;0
31.12.2025 09:45;0
31.12.2025 10:00;0
31.12.2025 10:15;0,16
31.12.2025 10:30;0
31.12.2025 10:45;0
31.12.2025 11:00;0
31.12.2025 11:15;0
31.12.2025 11:30;0
31.12.2025 11:45;0
31.12.2025 12:00;0
31.12.2025 12:15;0
31.12.2025 12:30;0
31.12.2025 12:45;0
31.12.2025 13:00;0
31.12.2025 13:15;0
31.12.2025 13:30;0
31.12.2025 13:45;0
31.12.2025 14:00;0
31.12.2025 14:15;0
31.12.2025 14:30;0
31.12.2025 14:45;0
31.12.2025 15:00;0,5
31.12.2025 15:15;0,9
31.12.2025 15:30;0,74
31.12.2025 15:45;1,16
31.12.2025 16:00;2,16
31.12.2025 16:15;2,34
31.12.2025 16:30;3,96
31.12.2025 16:45;3,7
31.12.2025 17:00;3,08
31.12.2025 17:15;3,04
31.12.2025 17:30;3,06
31.12.2025 17:45;3,06
31.12.2025 18:00;3,08
31.12.2025 18:15;3,08
31.12.2025 18:30;3,02
31.12.2025 18:45;3,02
31.12.2025 19:00;3,1
31.12.2025 19:15;3,02
31.12.2025 19:30;3,04
31.12.2025 19:45;3,12
31.12.2025 20:00;3,12
31.12.2025 20:15;3,08
31.12.2025 20:30;3,08
31.12.2025 20:45;3,08
31.12.2025 21:00;3,06
31.12.2025 21:15;3,04
31.12.2025 21:30;3,1
31.12.2025 21:45;3,06
31.12.2025 22:00;3,04
31.12.2025 22:15;2,94
31.12.2025 22:30;2,82
31.12.2025 22:45;2,82
31.12.2025 23:00;2,82
31.12.2025 23:15;2,82
31.12.2025 23:30;2,84
31.12.2025 23:45;2,88
